CuisineType,RestaurantID,RestaurantName,Segment,Subregion,GrowthFactor,AOV,MonthlyOrders,InStoreOrders,InStoreRevenue,UberEatsOrders,DoorDashOrders,SelfDeliveryOrders,UberEatsRevenue,DoorDashRevenue,SelfDeliveryRevenue,COGSRate,OPEXRate,CommissionRate,DeliveryRadiusKM,DeliveryCostPerOrder,SD_DeliveryTotalCost,InStoreNetProfit,UberEatsNetProfit,DoorDashNetProfit,SelfDeliveryNetProfit,InStoreShare,UE_share,DD_share,SD_share,TotalRevenue,TotalNetProfit,ProfitMargin,RevenuePerOrder,ProfitPerOrder,HighRevenueRestaurant,HighProfitRestaurant,AggregatorDependency,SelfDeliveryEfficiency,CostEfficiency,DeliveryRiskCategory,ProfitabilityCategory,Cluster,ProfitClass
0.0,25731.0,236.0,0.0,1.0,1.03,43.97,668.0,197.0,8662.09,212.0,118.0,141.0,9321.64,5188.46,6199.77,0.2087414306961,0.366171811125241,0.28,11.0,3.25,458.25,3682.14,1352.45,752.78,2177.19,0.42,0.45,0.25,0.3,29371.96,7964.5599999999995,27.116201983115868,43.97,11.922994011976048,0,1,0.7,4.7510965630114566,0.42508675817865904,High Risk,High Profit,0,1
0.0,25123.0,233.0,3.0,2.0,1.05,40.45,1388.0,259.0,10476.55,508.0,282.0,339.0,20548.6,11406.9,13712.55,0.248216602616012,0.407612904394045,0.28,16.0,4.72,1600.08,3605.72,1318.61,731.99,3119.38,0.23,0.45,0.25,0.3,56144.59999999999,8775.7,15.63053258906467,40.449999999999996,6.322550432276658,1,1,0.7,1.9495150242487878,0.34417049298994296,High Risk,High Profit,1,1
0.0,25177.0,76.0,0.0,3.0,1.04,40.03,1717.0,524.0,20975.72,537.0,298.0,358.0,21496.11,11928.94,14330.74,0.219687956366688,0.407931713876314,0.3,11.0,3.25,1163.5,5436.3550000000005,1555.9,863.42,4172.99,0.44,0.45,0.25,0.3,68731.51000000001,12028.665,17.500946800092127,40.03000000000001,7.005629004076879,1,1,0.7,3.586583584013751,0.372380329756998,High Risk,High Profit,1,1
0.0,25540.0,17.0,3.0,1.0,1.03,36.28,1083.0,216.0,7836.48,390.0,217.0,260.0,14149.2,7872.76,9432.8,0.237290996648371,0.437815106310882,0.33,3.0,0.89,231.4,2546.02,-72.25,-40.2,2833.26,0.25,0.45,0.25,0.3,39291.240000000005,5266.83,13.404590946989709,36.28000000000001,4.863185595567867,0,1,0.7,12.24399308556612,0.324893897040747,Low Risk,Medium Profit,3,1
0.0,25258.0,107.0,0.0,2.0,1.05,34.34,1230.0,261.0,8962.74,436.0,242.0,291.0,14972.24,8310.28,9992.94,0.221437567938119,0.433456663764082,0.33,9.0,2.66,774.06,3093.09,226.17,125.53,2674.56,0.27,0.45,0.25,0.3,42238.200000000004,6119.35,14.487714912093791,34.34,4.975081300813009,0,1,0.7,3.455236028214867,0.34510576829779904,Low Risk,Medium Profit,1,1
0.0,26138.0,79.0,3.0,1.0,1.03,36.88,827.0,160.0,5900.8,300.0,167.0,200.0,11064.0,6158.96,7376.0,0.265131494924426,0.395680021704175,0.29,13.0,3.84,768.0,2001.48,544.22,302.95,1733.85,0.24,0.45,0.25,0.3,30499.76,4582.5,15.024708391147998,36.879999999999995,5.541112454655381,0,0,0.7,2.2576171874999997,0.33918848337139895,High Risk,High Profit,0,0
0.0,25396.0,234.0,3.0,2.0,1.05,46.32,881.0,176.0,8152.32,317.0,176.0,212.0,14683.44,8152.32,9819.84,0.224100138861686,0.372992298309691,0.28,7.0,2.07,438.84,3284.63,1804.71,1001.98,3517.65,0.25,0.45,0.25,0.3,40807.92,9608.97,23.54682620432504,46.32,10.906889897843358,0,1,0.7,8.015791632485644,0.40290756282862294,Low Risk,High Profit,3,1
0.0,25087.0,238.0,2.0,0.0,1.0,34.74,800.0,72.0,2501.28,328.0,182.0,218.0,11394.72,6322.68,7573.32,0.285647804650944,0.293128232413437,0.31,18.0,5.31,1157.58,1053.6,1267.37,703.23,2032.48,0.1,0.45,0.25,0.3,27792.0,5056.68,18.194732297063904,34.74,6.32085,0,1,0.7,1.7558008949705421,0.4212239629356189,High Risk,High Profit,0,1
0.0,25125.0,17.0,0.0,0.0,1.0,32.79,612.0,152.0,4984.08,207.0,115.0,138.0,6787.53,3770.85,4525.02,0.279599561002105,0.3755833853269,0.3,8.0,2.36,325.68,1718.6,304.2,169.0,1234.62,0.33,0.45,0.25,0.3,20067.480000000003,3426.42,17.074490668484533,32.790000000000006,5.598725490196078,0,0,0.7,3.7908990420044213,0.344817053670995,Low Risk,High Profit,0,0
0.0,25762.0,108.0,3.0,2.0,1.05,36.07,572.0,128.0,4616.96,200.0,111.0,133.0,7214.0,4003.77,4797.31,0.22032218426466,0.43025645299349,0.27,11.0,3.25,432.25,1613.26,572.95,317.98,1244.03,0.29,0.45,0.25,0.3,20632.04,3748.2200000000003,18.1669868805993,36.07,6.552832167832168,0,0,0.7,2.8780335454019665,0.34942136274185,High Risk,High Profit,0,0
0.0,25009.0,111.0,0.0,2.0,1.05,45.34,1036.0,274.0,12423.16,343.0,190.0,229.0,15551.62,8614.6,10382.86,0.267623493429273,0.392365170945413,0.31,13.0,3.84,879.36,4224.02,466.72,258.54,2650.93,0.36,0.45,0.25,0.3,46972.24,7600.210000000001,16.18021622984129,45.339999999999996,7.336110038610039,1,1,0.7,3.0146129002911204,0.34001133562531405,High Risk,High Profit,1,1
0.0,25107.0,76.0,2.0,0.0,1.0,42.53,953.0,62.0,2636.86,401.0,223.0,267.0,17054.53,9484.19,11355.51,0.260719021281693,0.292267443262972,0.29,10.0,2.95,787.65,1178.71,2677.79,1489.15,4288.42,0.07,0.45,0.25,0.3,40531.090000000004,9634.07,23.76958033943819,42.53,10.109202518363064,0,1,0.7,5.444575636386721,0.44701353545533506,Low Risk,High Profit,1,1
0.0,25352.0,72.0,2.0,1.0,1.03,31.83,1354.0,100.0,3183.0,564.0,314.0,376.0,17952.12,9994.62,11968.08,0.259987647132948,0.24523503716918582,0.33,15.0,4.43,1665.68,1642.43,3339.13,1859.02,4509.87,0.08,0.45,0.25,0.3,43097.82,11350.45,26.336482912592796,31.83,8.382902511078287,0,1,0.7,2.7075248547139905,0.4947773156978662,High Risk,High Profit,1,1
0.0,25255.0,233.0,0.0,1.0,1.03,37.65,1511.0,302.0,11370.3,544.0,302.0,363.0,20481.6,11370.3,13666.95,0.210879622809589,0.369592107273638,0.28,16.0,4.72,1713.36,4770.16,2857.76,1586.48,4020.31,0.25,0.45,0.25,0.3,56889.149999999994,13234.71,23.264031893603615,37.65,8.75890800794176,1,1,0.7,2.3464479152075457,0.41952826991677306,High Risk,High Profit,1,1
0.0,26270.0,207.0,2.0,0.0,1.0,42.95,1382.0,53.0,2276.35,598.0,332.0,399.0,25684.1,14259.4,17137.05,0.259372560633346,0.309947346220724,0.29,18.0,5.31,1974.58125,980.38,3613.24,2006.01,5261.9,0.04,0.45,0.25,0.3,59356.899999999994,11861.529999999999,19.9834054676036,42.949999999999996,8.582872648335744,1,1,0.7,2.6648181734734897,0.43068009314593003,High Risk,High Profit,1,1
0.0,25612.0,9.0,3.0,2.0,1.05,45.49,998.0,193.0,8779.57,362.0,201.0,242.0,16467.38,9143.49,11008.58,0.253722506202757,0.430719664134085,0.28,4.0,1.18,285.56,2770.46,585.54,325.12,3188.28,0.24,0.45,0.25,0.3,45399.020000000004,6869.4,15.131163624236821,45.49,6.88316633266533,1,1,0.7,11.165009104916656,0.31555782966315804,Low Risk,High Profit,3,1
0.0,25436.0,17.0,1.0,1.0,1.03,42.97,718.0,242.0,10398.74,214.0,119.0,143.0,9195.58,5113.43,6144.71,0.368939419602975,0.501108688791282,0.32,8.0,2.36,337.48,1351.34,-1747.6,-971.8,461.04,0.51,0.45,0.25,0.3,30852.46,-907.02,-2.939862818070261,42.97,-1.2632590529247911,0,0,0.7,1.366125400023705,0.12995189160574294,Low Risk,Low Profit,0,0
0.0,25260.0,10.0,1.0,3.0,1.04,32.34,2051.0,616.0,20891.64,632.0,351.0,422.0,20438.88,11351.34,13647.48,0.373705843370408,0.465107345278375,0.28,13.0,3.84,1620.48,3367.46,-2428.41,-1348.69,579.31,0.46,0.45,0.25,0.3,66329.34,169.67000000000007,0.25579931897407704,32.339999999999996,0.08272549975621651,1,0,0.7,0.35749284162717215,0.16118681135121693,High Risk,Low Profit,2,0
0.0,25452.0,114.0,0.0,0.0,1.0,30.92,1308.0,324.0,10018.08,443.0,246.0,295.0,13697.56,7606.32,9121.4,0.23099601617083,0.373214836767875,0.31,11.0,3.25,958.75,3965.05,1175.1,652.54,2651.4,0.33,0.45,0.25,0.3,40443.36,8444.09,20.878804332775516,30.92,6.45572629969419,0,1,0.7,2.7654758800521515,0.3957891470612951,High Risk,High Profit,1,1
0.0,25319.0,75.0,0.0,3.0,1.04,45.6,799.0,184.0,8390.4,277.0,154.0,184.0,12631.2,7022.4,8390.4,0.279372675232589,0.399700684985146,0.29,15.0,4.43,815.12,2692.7,390.64,217.18,1877.58,0.3,0.45,0.25,0.3,36434.4,5178.099999999999,14.212118217947872,45.6,6.48072590738423,0,1,0.7,2.3034399842967908,0.320926639782265,High Risk,Medium Profit,0,1
0.0,25132.0,115.0,2.0,0.0,1.0,36.56,897.0,42.0,1535.52,385.0,214.0,256.0,14075.6,7823.84,9359.36,0.294071698107291,0.265251147735398,0.3,18.0,5.31,1359.36,676.67,1980.12,1100.64,2765.1,0.05,0.45,0.25,0.3,32794.32,6522.530000000001,19.889206423551396,36.56,7.271493868450391,0,1,0.7,2.0341189971751414,0.440677154157311,High Risk,High Profit,0,1
0.0,26489.0,10.0,0.0,3.0,1.04,36.49,1640.0,468.0,17077.32,527.0,293.0,352.0,19230.23,10691.57,12844.48,0.226056149750948,0.371622992213815,0.3,16.0,4.72,1661.44,5436.3550000000005,1967.65,1093.97,3506.16,0.4,0.45,0.25,0.3,59843.600000000006,12004.135,20.059179260605976,36.49,7.319594512195122,1,1,0.7,2.1103139445300463,0.402320858035237,High Risk,High Profit,1,1
0.0,25040.0,112.0,3.0,1.0,1.03,41.72,1452.0,299.0,12474.28,519.0,288.0,346.0,21652.68,12015.36,14435.12,0.24809970267117,0.389124022936448,0.32,18.0,5.31,1837.26,4525.37,926.22,513.97,3399.46,0.26,0.45,0.25,0.3,60577.44,9365.02,15.459583633775214,41.72,6.44973829201102,1,1,0.7,1.8502879287634848,0.362776274392382,High Risk,High Profit,1,1
0.0,25502.0,209.0,0.0,3.0,1.04,34.21,899.0,207.0,7081.47,311.0,173.0,208.0,10639.31,5918.33,7115.68,0.247309528961778,0.350396152329631,0.31,3.0,0.89,185.12,2848.84,981.95,546.23,2677.48,0.3,0.45,0.25,0.3,30754.79,7054.5,22.937890325376955,34.21,7.847052280311457,0,1,0.7,14.463483146067416,0.402294318708591,Low Risk,High Profit,3,1
0.0,25889.0,204.0,3.0,1.0,1.03,40.18,1334.0,231.0,9281.58,496.0,276.0,331.0,19929.28,11089.68,13299.58,0.238772939294577,0.433020327752456,0.31,17.0,5.02,1661.62,3046.28,362.85,201.91,2703.39,0.21,0.45,0.25,0.3,53600.12,6314.43,11.780626610537439,40.18,4.733455772113944,1,1,0.7,1.626960436200816,0.328206732952967,High Risk,Medium Profit,1,1
0.0,25283.0,235.0,0.0,2.0,1.05,42.16,571.0,151.0,6366.16,189.0,105.0,126.0,7968.24,4426.8,5312.16,0.27608444660902,0.441550263715908,0.29,4.0,1.18,148.68,1797.58,-60.84,-33.8,1351.29,0.36,0.45,0.25,0.3,24073.36,3054.23,12.687177859675591,42.160000000000004,5.348914185639229,0,0,0.7,9.088579499596449,0.282365289675072,Low Risk,Medium Profit,0,0
0.0,25366.0,17.0,1.0,3.0,1.04,45.99,701.0,214.0,9841.86,219.0,122.0,146.0,10071.81,5610.78,6714.54,0.392565074376762,0.450436520925723,0.27,4.0,1.18,172.28,1545.16,-1138.13,-634.03,881.89,0.44,0.45,0.25,0.3,32238.989999999998,654.89,2.031360163578326,45.989999999999995,0.9342225392296719,0,0,0.7,5.118934293011376,0.15699840469751503,Low Risk,Low Profit,0,0
0.0,25247.0,114.0,0.0,2.0,1.05,34.73,1151.0,304.0,10557.92,381.0,212.0,254.0,13232.13,7362.76,8821.42,0.20139017611742,0.416730785742402,0.31,5.0,1.48,375.92,4031.85,951.11,529.23,2992.8,0.36,0.45,0.25,0.3,39974.229999999996,8504.990000000002,21.27618218036971,34.73,7.389218071242399,0,1,0.7,7.9612683549691425,0.381879038140178,Low Risk,High Profit,3,1
0.0,25004.0,73.0,2.0,2.0,1.05,34.64,1629.0,106.0,3671.84,685.0,381.0,457.0,23728.4,13197.84,15830.48,0.259387835033704,0.336022477445658,0.32,18.0,5.31,1974.58125,1485.59,2007.18,1116.4,3978.18,0.07,0.45,0.25,0.3,56428.56,8587.35,15.21809168974009,34.64,5.271546961325967,1,1,0.7,2.0146955208857573,0.40458968752063806,High Risk,High Profit,1,1
0.0,25853.0,17.0,2.0,0.0,1.0,31.34,1519.0,72.0,2256.48,651.0,362.0,434.0,20402.34,11345.08,13601.56,0.272829318465665,0.319570669706445,0.32,5.0,1.48,642.32,919.74,1787.25,993.83,4901.68,0.05,0.45,0.25,0.3,47605.46,8602.5,18.07040620970788,31.34,5.663265306122449,1,1,0.7,7.631211857018308,0.40760001182788996,Low Risk,High Profit,1,1
0.0,25005.0,9.0,2.0,2.0,1.05,39.35,1305.0,85.0,3344.75,549.0,305.0,366.0,21603.15,12001.75,14402.1,0.285651653038803,0.280214194732253,0.3,9.0,2.66,973.56,1452.07,2897.72,1609.84,5278.88,0.07,0.45,0.25,0.3,51351.75,11238.51,21.885349574259884,39.35,8.611885057471264,1,1,0.7,5.4222441349274835,0.4341341522289439,Low Risk,High Profit,1,1
0.0,25077.0,113.0,0.0,0.0,1.0,39.76,1641.0,378.0,15029.28,568.0,316.0,379.0,22583.68,12564.16,15069.04,0.211968362163752,0.366120141441934,0.31,14.0,4.13,1565.27,5436.3550000000005,2527.37,1406.07,4792.53,0.3,0.45,0.25,0.3,65246.159999999996,14162.325,21.705990053667527,39.76,8.630301645338209,1,1,0.7,3.0617912564605465,0.421911496394314,High Risk,High Profit,1,1
0.0,25856.0,205.0,0.0,3.0,1.04,34.59,1501.0,328.0,11345.52,528.0,293.0,352.0,18263.52,10134.87,12175.68,0.212431895472109,0.353694221447222,0.3,8.0,2.36,830.72,4922.52,2445.01,1356.79,4451.99,0.28,0.45,0.25,0.3,51919.590000000004,13176.31,25.37830133096197,34.59,8.778354430379746,1,1,0.7,5.359194433744221,0.433873883080669,Low Risk,High Profit,1,1
0.0,25886.0,230.0,2.0,2.0,1.05,35.87,1180.0,77.0,2761.99,496.0,276.0,331.0,17791.52,9900.12,11872.97,0.254884610173758,0.256033067405224,0.32,17.0,5.02,1661.62,1350.84,3008.23,1673.94,4145.24,0.07,0.45,0.25,0.3,42326.600000000006,10178.25,24.04693502431095,35.870000000000005,8.62563559322034,0,1,0.7,2.4946979453786065,0.4890823224210179,High Risk,High Profit,1,1
0.0,25133.0,206.0,1.0,2.0,1.05,44.46,2051.0,616.0,23020.373750000002,637.0,354.0,424.0,28321.02,15738.84,18851.04,0.386117483489215,0.498271016147919,0.27,12.0,3.54,1500.96,3269.1,-4372.44,-2429.9,678.44,0.45,0.45,0.25,0.3,85931.27375,-2854.7999999999997,-3.3221897865793015,41.89725682593856,-1.39190638712823,1,0,0.7,0.4520040507408592,0.11561150036286594,High Risk,Low Profit,2,0
0.0,25377.0,107.0,1.0,2.0,1.05,39.78,1449.0,442.0,17582.76,453.0,252.0,302.0,18020.34,10024.56,12013.56,0.380261697387323,0.519352306029759,0.28,4.0,1.18,356.36,1765.06,-3236.71,-1800.55,849.63,0.44,0.45,0.25,0.3,57641.219999999994,-2422.5699999999997,-4.202843034897596,39.779999999999994,-1.6718909592822635,1,0,0.7,2.3841901447973957,0.10038599658291791,Low Risk,Low Profit,2,0
0.0,25245.0,108.0,3.0,1.0,1.03,43.22,1634.0,294.0,12706.68,603.0,335.0,402.0,26061.66,14478.7,17374.44,0.241746065188199,0.40828570977319,0.32,3.0,0.89,357.78,4446.93,781.02,433.9,5722.72,0.22,0.45,0.25,0.3,70621.48,11384.57,16.120548592297983,43.22,6.967301101591187,1,1,0.7,15.995080775895804,0.349968225038611,Low Risk,High Profit,3,1
0.0,25861.0,12.0,0.0,3.0,1.04,38.26,1934.0,490.0,18747.4,650.0,361.0,433.0,24869.0,13811.86,16566.58,0.236518038548529,0.38063013474457,0.28,13.0,3.84,1662.72,5436.3550000000005,2557.82,1420.58,4679.83,0.34,0.45,0.25,0.3,73994.84,14094.585000000001,19.0480647028901,38.26,7.28778955532575,1,1,0.7,2.8145628849114703,0.382851826706901,High Risk,High Profit,1,1
0.0,25257.0,72.0,3.0,2.0,1.05,44.28,1873.0,350.0,15498.0,685.0,381.0,457.0,30331.8,16870.68,20235.96,0.216959698665887,0.412135697645135,0.3,9.0,2.66,1215.62,5436.3550000000005,2150.66,1196.21,6276.405000000001,0.23,0.45,0.25,0.3,82936.44,15059.630000000001,18.15803764907199,44.28,8.040379071009077,1,1,0.7,5.163130748095623,0.37090460368897804,Low Risk,High Profit,1,1
0.0,25378.0,73.0,3.0,1.0,1.03,37.56,1595.0,298.0,11192.88,584.0,324.0,389.0,21935.04,12169.44,14610.84,0.232022813316435,0.378713312605396,0.32,10.0,2.95,1147.55,4356.98,1519.31,842.9,4539.92,0.23,0.45,0.25,0.3,59908.2,11259.109999999999,18.793938058562933,37.559999999999995,7.059003134796238,1,1,0.7,3.9561849156899482,0.389263874078169,Low Risk,High Profit,1,1
0.0,26108.0,78.0,2.0,1.0,1.03,44.4,668.0,60.0,2664.0,274.0,152.0,182.0,12165.6,6748.8,8080.8,0.253680308535695,0.260938313254155,0.33,11.0,3.25,591.5,1293.06,1890.31,1048.64,3330.77,0.1,0.45,0.25,0.3,29659.2,7562.780000000001,25.498934563305824,44.4,11.321526946107785,0,1,0.7,5.63105663567202,0.4853813782101499,High Risk,High Profit,0,1
0.0,25501.0,13.0,0.0,2.0,1.05,39.67,1315.0,395.0,15669.65,414.0,230.0,276.0,16423.38,9124.1,10948.92,0.254867386501282,0.375745487166569,0.3,7.0,2.07,571.32,5436.3550000000005,1139.57,633.1,3473.07,0.43,0.45,0.25,0.3,52166.049999999996,10682.095000000001,20.477101486503198,39.669999999999995,8.123266159695818,1,1,0.7,6.079027515227893,0.369387126332149,Low Risk,High Profit,1,1
0.0,26230.0,211.0,0.0,0.0,1.0,42.19,1387.0,374.0,15779.06,456.0,253.0,304.0,19238.64,10674.07,12825.76,0.207379126213491,0.384480268880725,0.3,15.0,4.43,1346.72,5436.3550000000005,2080.48,1154.3,3887.99,0.37,0.45,0.25,0.3,58517.53,12559.125,21.462158433549742,42.19,9.054884643114637,1,1,0.7,2.887006950219793,0.40814060490578397,High Risk,High Profit,1,1
0.0,26313.0,12.0,1.0,2.0,1.05,36.32,604.0,166.0,6029.12,197.0,110.0,131.0,7155.04,3995.2,4757.92,0.393435937189497,0.505011981772259,0.3,12.0,3.54,463.74,612.27,-1419.9,-792.84,19.44,0.38,0.45,0.25,0.3,21937.28,-1581.0300000000002,-7.2070466347696716,36.32,-2.6175993377483446,0,0,0.7,0.04192004140251003,0.10155208103824398,High Risk,Low Profit,0,0
0.0,25775.0,115.0,3.0,2.0,1.05,36.5,1366.0,273.0,9964.5,492.0,273.0,328.0,17958.0,9964.5,11972.0,0.202122342158109,0.395233107497916,0.29,3.0,0.89,291.92,4012.15,2022.87,1122.45,4528.54,0.25,0.45,0.25,0.3,49859.0,11686.01,23.438115485669588,36.5,8.5549121522694,1,1,0.7,15.512948753083036,0.40264455034397495,Low Risk,High Profit,3,1
0.0,26274.0,230.0,0.0,3.0,1.04,43.42,1527.0,352.0,15283.84,529.0,294.0,352.0,22969.18,12765.48,15283.84,0.220944037288427,0.393518741847947,0.31,7.0,2.07,728.64,5436.3550000000005,1735.03,964.27,5163.85,0.3,0.45,0.25,0.3,66302.34,13299.505000000001,20.058877258329044,43.419999999999995,8.70956450556647,1,1,0.7,7.086970245937638,0.3855372208636261,Low Risk,High Profit,1,1
0.0,26100.0,236.0,3.0,2.0,1.05,42.81,1119.0,216.0,9246.96,406.0,226.0,271.0,17380.86,9675.06,11601.51,0.232086842898279,0.351238823961467,0.32,6.0,1.77,479.67,3852.97,1680.28,935.33,4354.38,0.24,0.45,0.25,0.3,47904.39,10822.96,22.592835437420245,42.81,9.671992850759606,1,1,0.7,9.077866032897617,0.41667433314025404,Low Risk,High Profit,3,1
0.0,25779.0,14.0,1.0,0.0,1.0,34.31,1833.0,616.0,22027.02,536.0,298.0,357.0,18390.16,10224.38,12248.67,0.366821483511012,0.451014979300089,0.28,5.0,1.48,528.36,4012.52,-1799.23,-1000.32,1702.9,0.54,0.45,0.25,0.3,62890.229999999996,2915.87,4.636443530258993,34.309999999999995,1.5907637752318602,1,0,0.7,3.222991899462488,0.182163537188899,Low Risk,Low Profit,1,0
0.0,26101.0,80.0,1.0,0.0,1.0,32.18,597.0,164.0,5277.52,195.0,108.0,130.0,6275.1,3475.44,4183.4,0.378334257286042,0.516466749412939,0.33,18.0,5.31,690.3,555.19,-1410.65,-781.28,-250.21,0.38,0.45,0.25,0.3,19211.46,-1886.95,-9.822002075844315,32.18,-3.1607202680067004,0,0,0.7,-0.36246559466898454,0.105198993301019,High Risk,Low Profit,0,0
0.0,25053.0,80.0,1.0,3.0,1.04,33.51,1661.0,499.0,16721.49,523.0,290.0,349.0,17525.73,9717.9,11694.99,0.396553314290941,0.485376674565487,0.28,12.0,3.54,1235.46,1974.31,-2837.94,-1573.62,145.37,0.43,0.45,0.25,0.3,55660.11,-2291.88,-4.117634693858852,33.51,-1.3798193859121013,1,0,0.7,0.11766467550547974,0.11807001114357196,High Risk,Low Profit,2,0
0.0,25631.0,14.0,1.0,2.0,1.05,36.33,1499.0,525.0,19073.25,438.0,244.0,292.0,15912.54,8864.52,10608.36,0.372706734831445,0.524310493981466,0.28,12.0,3.54,1033.68,1964.22,-2816.79,-1569.17,58.8,0.54,0.45,0.25,0.3,54458.67,-2362.9399999999996,-4.338960169243942,36.33,-1.576344229486324,1,0,0.7,0.05688414209426514,0.10298277118708898,High Risk,Low Profit,2,0
0.0,26360.0,230.0,0.0,1.0,1.03,44.7,1528.0,361.0,16136.7,525.0,292.0,350.0,23467.5,13052.4,15645.0,0.267324640452862,0.437447387818247,0.33,12.0,3.54,1239.0,4764.01,-816.01,-453.86,3379.84,0.31,0.45,0.25,0.3,68301.6,6873.98,10.064156622978084,44.7,4.498678010471204,1,1,0.7,2.7278773204196933,0.29522797172889104,High Risk,Medium Profit,1,1
0.0,26079.0,208.0,0.0,0.0,1.0,43.28,562.0,166.0,7184.48,178.0,99.0,119.0,7703.84,4284.72,5150.32,0.243581773433834,0.436767387227155,0.31,14.0,4.13,491.47,2296.53,74.35,41.35,1154.83,0.42,0.45,0.25,0.3,24323.36,3567.06,14.66516139217608,43.28,6.347081850533808,0,0,0.7,2.3497466783323495,0.31965083933901095,High Risk,Medium Profit,0,0
0.0,25111.0,16.0,2.0,2.0,1.05,46.57,1487.0,122.0,5681.54,614.0,341.0,410.0,28593.98,15880.37,19093.7,0.29746993877925,0.321676251804456,0.29,13.0,3.84,1574.4,2163.84,2597.87,1442.79,5697.51,0.09,0.45,0.25,0.3,69249.59,11902.01,17.18711980821836,46.57,8.00404169468729,1,1,0.7,3.6188452743902437,0.380853809416294,High Risk,High Profit,1,1
0.0,25595.0,211.0,3.0,3.0,1.04,37.61,1276.0,271.0,10192.31,452.0,251.0,302.0,16999.72,9440.11,11358.22,0.218210295401514,0.37306306483224,0.3,14.0,4.13,1247.26,4165.87,1848.32,1026.39,3395.15,0.27,0.45,0.25,0.3,47990.36,10435.73,21.745471382169253,37.61,8.178471786833855,1,1,0.7,2.7220868142969388,0.408726639766246,High Risk,High Profit,1,1
0.0,25881.0,110.0,3.0,0.0,1.0,36.87,1197.0,199.0,7337.13,449.0,250.0,299.0,16554.63,9217.5,11024.13,0.201856870297343,0.401524102664553,0.28,15.0,4.43,1324.57,2910.05,1930.58,1074.94,3047.81,0.2,0.45,0.25,0.3,44133.39,8963.38,20.309747336427133,36.87,7.488203842940685,0,1,0.7,2.3009806956219756,0.39661902703810403,High Risk,High Profit,1,1
0.0,26244.0,236.0,0.0,3.0,1.04,34.3,1728.0,356.0,12210.8,617.0,343.0,412.0,21163.1,11764.9,14131.6,0.24282123086974,0.435210464918055,0.33,17.0,5.02,1974.58125,3931.49,-169.98,-94.49,2481.69,0.26,0.45,0.25,0.3,59270.399999999994,6148.71,10.37399781341108,34.3,3.55828125,1,1,0.7,1.2568183760480862,0.321968304212205,High Risk,Medium Profit,1,1
0.0,26245.0,11.0,1.0,1.0,1.03,35.96,697.0,226.0,8126.96,212.0,118.0,141.0,7623.52,4243.28,5070.36,0.369292362453416,0.529286201111972,0.29,6.0,1.77,249.57,824.25,-1437.63,-800.19,264.67,0.48,0.45,0.25,0.3,25064.12,-1148.9,-4.583843358553982,35.96,-1.6483500717360116,0,0,0.7,1.060504066995232,0.10142143643461199,Low Risk,Low Profit,0,0
0.0,26490.0,13.0,1.0,3.0,1.04,41.27,1437.0,485.0,20015.95,428.0,238.0,286.0,17663.56,9822.26,11803.22,0.381961005600169,0.502269128710031,0.32,14.0,4.13,1181.18,2317.24,-3607.43,-2006.0,185.28,0.51,0.45,0.25,0.3,59304.990000000005,-3110.91,-5.245612553007764,41.27,-2.164864300626305,1,0,0.7,0.1568600890634789,0.11576986568979997,High Risk,Low Profit,2,0
0.0,25400.0,206.0,2.0,3.0,1.04,44.01,1458.0,95.0,4180.95,613.0,341.0,409.0,26978.13,15007.41,18000.09,0.287121943430975,0.263713604072109,0.29,14.0,4.13,1689.17,1877.93,4293.96,2388.65,6276.405000000001,0.07,0.45,0.25,0.3,64166.58,14836.945000000002,23.12254291875927,44.01,10.176231138545955,1,1,0.7,3.7156739700563,0.44916445249691606,High Risk,High Profit,1,1
0.0,26532.0,78.0,1.0,1.0,1.03,34.87,2227.0,616.0,23020.373750000002,677.0,376.0,452.0,23606.99,13111.12,15761.24,0.383675677911378,0.470021476503462,0.31,8.0,2.36,1066.72,3683.34,-3864.4,-2146.25,1239.19,0.48,0.45,0.25,0.3,75499.72375,-1088.12,-1.4412238163984008,33.90198641670409,-0.48860350246969014,1,0,0.7,1.1616825408729563,0.14630284558516005,Low Risk,Low Profit,2,0
0.0,25267.0,79.0,0.0,3.0,1.04,35.82,818.0,238.0,8525.16,261.0,145.0,174.0,9349.02,5193.9,6232.68,0.210430280975997,0.436889241216704,0.28,4.0,1.18,205.32,3006.66,679.49,377.5,1992.82,0.41,0.45,0.25,0.3,29300.760000000002,6056.469999999999,20.67000992465724,35.82,7.403997555012224,0,1,0.7,9.705922462497565,0.35268047780729894,Low Risk,High Profit,3,1
0.0,25119.0,13.0,0.0,0.0,1.0,33.49,1265.0,253.0,8472.97,455.0,253.0,304.0,15237.95,8472.97,10180.96,0.238450531568378,0.443626348115504,0.3,5.0,1.48,449.92,2693.75,273.11,151.86,2786.84,0.25,0.45,0.25,0.3,42364.85,5905.56,13.939763742819816,33.49,4.668426877470356,0,1,0.7,6.194078947368421,0.317923120316118,Low Risk,Medium Profit,1,1
0.0,26494.0,210.0,1.0,0.0,1.0,41.87,1466.0,475.0,19888.25,446.0,248.0,297.0,18674.02,10383.76,12435.39,0.387959811929613,0.479524135775864,0.31,11.0,3.25,965.25,2635.51,-3314.34,-1842.95,682.64,0.48,0.45,0.25,0.3,61381.420000000006,-1839.1399999999999,-2.996248701968771,41.870000000000005,-1.2545293315143247,1,0,0.7,0.7072157472157472,0.132516052294523,High Risk,Low Profit,2,0
0.0,25161.0,206.0,0.0,3.0,1.04,40.42,1119.0,319.0,12893.98,360.0,200.0,240.0,14551.2,8084.0,9700.8,0.279486142154783,0.420557478116825,0.3,13.0,3.84,921.6,3867.63,-0.63,-0.35,1988.22,0.4,0.45,0.25,0.3,45229.979999999996,5854.87,12.944666347409395,40.419999999999995,5.232234137622878,1,1,0.7,2.157356770833333,0.29995637972839195,High Risk,Medium Profit,1,1
0.0,26214.0,232.0,0.0,0.0,1.0,37.88,1694.0,370.0,14015.6,596.0,331.0,397.0,22576.48,12538.28,15038.36,0.258535533044487,0.356650849501602,0.33,18.0,5.31,1974.58125,5393.39,1237.5,687.27,3678.9,0.28,0.45,0.25,0.3,64168.72,10997.06,17.137726917413968,37.88,6.491770956316411,1,1,0.7,1.8631292077750663,0.38481361745391096,High Risk,High Profit,1,1
0.0,25528.0,107.0,3.0,1.0,1.03,36.79,1652.0,361.0,13281.19,581.0,323.0,387.0,21374.99,11883.17,14237.73,0.204108449220657,0.449127485696226,0.28,10.0,2.95,1141.65,4605.44,1427.08,793.37,3795.48,0.28,0.45,0.25,0.3,60777.08,10621.369999999999,17.475946524578013,36.79,6.4294007263922515,1,1,0.7,3.324556562869531,0.34676406508311697,Low Risk,High Profit,1,1
0.0,25973.0,79.0,1.0,3.0,1.04,37.44,591.0,153.0,5728.32,197.0,110.0,131.0,7375.68,4118.4,4904.64,0.372759494010825,0.487910197372548,0.27,13.0,3.84,503.04,798.13,-963.78,-538.15,180.33,0.35,0.45,0.25,0.3,22127.04,-523.4699999999999,-2.3657479717124383,37.440000000000005,-0.8857360406091369,0,0,0.7,0.3584804389312977,0.1393303086166271,High Risk,Low Profit,0,0
0.0,25730.0,208.0,3.0,0.0,1.0,39.64,1809.0,395.0,15657.8,636.0,354.0,424.0,25211.04,14032.56,16807.36,0.239658871367574,0.433120136964135,0.32,5.0,1.48,627.52,5123.56,182.05,101.33,4872.2,0.28,0.45,0.25,0.3,71708.76,10279.14,14.334566655454648,39.64,5.682222222222222,1,1,0.7,7.764214686384498,0.327220991668291,Low Risk,Medium Profit,1,1
0.0,26135.0,80.0,1.0,0.0,1.0,34.74,1202.0,395.0,13722.3,363.0,202.0,242.0,12610.62,7017.48,8407.08,0.380201764998492,0.464409941108897,0.31,18.0,5.31,1285.02,2132.28,-1949.75,-1084.98,21.34,0.49,0.45,0.25,0.3,41757.479999999996,-881.1099999999998,-2.110065070976505,34.739999999999995,-0.7330366056572377,0,0,0.7,0.01660674542030474,0.155388293892611,High Risk,Low Profit,2,0
0.0,26380.0,17.0,1.0,0.0,1.0,39.01,1834.0,505.0,19700.05,598.0,332.0,399.0,23327.98,12951.32,15564.99,0.393061458598822,0.511228195345029,0.28,11.0,3.25,1296.75,1885.5,-4299.11,-2386.79,192.98,0.38,0.45,0.25,0.3,71544.34,-4607.42,-6.439950386012367,39.01,-2.5122246455834243,1,0,0.7,0.14881819934451512,0.09571034605614903,High Risk,Low Profit,2,0
0.0,25895.0,206.0,1.0,3.0,1.04,46.39,1073.0,376.0,17442.64,314.0,174.0,209.0,14566.46,8071.86,9695.51,0.377299415611196,0.472256360342726,0.31,6.0,1.77,369.93,2624.14,-2324.16,-1287.91,1088.7,0.54,0.45,0.25,0.3,49776.47,100.76999999999998,0.20244505084430453,46.39,0.09391425908667286,1,0,0.7,2.942989214175655,0.15044422404607793,Low Risk,Low Profit,2,0
0.0,25330.0,238.0,2.0,1.0,1.03,44.91,1161.0,65.0,2919.15,493.0,274.0,329.0,22140.63,12305.34,14775.39,0.262536822527181,0.24523503716918582,0.27,17.0,5.02,1651.58,1447.43,5000.22,2779.03,5674.64,0.06,0.45,0.25,0.3,52140.51,14901.32,28.57916042631727,44.910000000000004,12.834900947459086,1,1,0.7,3.4358856367841706,0.49222814030363315,High Risk,High Profit,1,1
0.0,25170.0,115.0,3.0,3.0,1.04,46.04,1530.0,334.0,15377.36,538.0,299.0,359.0,24769.52,13765.96,16528.36,0.217860502731055,0.394324672338553,0.29,12.0,3.54,1270.86,5436.3550000000005,2422.83,1346.51,5139.08,0.28,0.45,0.25,0.3,70441.20000000001,14344.775,20.364183176890794,46.040000000000006,9.375669934640523,1,1,0.7,4.043781376390791,0.387814824930392,High Risk,High Profit,1,1
0.0,25442.0,14.0,0.0,3.0,1.04,43.24,1155.0,318.0,13750.32,377.0,209.0,251.0,16301.48,9037.16,10853.24,0.264888013489544,0.398093697498553,0.3,4.0,1.18,296.18,4634.11,603.45,334.54,3361.56,0.38,0.45,0.25,0.3,49942.2,8933.66,17.8879985262964,43.239999999999995,7.734770562770563,1,1,0.7,11.349719765007766,0.337018289011903,Low Risk,High Profit,3,1
0.0,26588.0,109.0,0.0,3.0,1.04,38.95,2083.0,540.0,21033.0,694.0,386.0,463.0,27031.3,15034.7,18033.85,0.248576239868999,0.371197632467374,0.33,10.0,2.95,1365.85,5436.3550000000005,1357.68,755.13,5491.09,0.35,0.45,0.25,0.3,81132.85,13040.255000000001,16.072719003461607,38.95,6.260324051848296,1,1,0.7,4.020273090017206,0.38022612766362707,Low Risk,High Profit,1,1
0.0,25294.0,115.0,2.0,0.0,1.0,34.43,998.0,82.0,2823.26,412.0,229.0,275.0,14185.16,7884.47,9468.25,0.262558714870829,0.24523503716918582,0.33,9.0,2.66,731.5,1497.57,2843.28,1580.37,4290.85,0.09,0.45,0.25,0.3,34361.14,10212.07,29.719823032646765,34.43,10.23253507014028,0,1,0.7,5.8658236500341765,0.49220624795998513,Low Risk,High Profit,3,1
0.0,25174.0,11.0,1.0,1.0,1.03,33.99,1728.0,544.0,18490.56,533.0,296.0,355.0,18116.67,10061.04,12066.45,0.383637686388101,0.547367854113691,0.32,15.0,4.43,1572.65,1275.75,-4547.38,-2525.38,-740.13,0.46,0.45,0.25,0.3,58734.72,-6537.14,-11.129941540540246,33.99,-3.7830671296296297,1,0,0.7,-0.4706260134168441,0.06899445949820793,High Risk,Low Profit,2,0
0.0,25376.0,210.0,2.0,2.0,1.05,43.85,1531.0,100.0,4385.0,644.0,358.0,429.0,28239.4,15698.3,18811.65,0.29566688031191,0.349170912150294,0.29,16.0,4.72,1974.58125,1557.39,1840.14,1022.94,4656.31,0.07,0.45,0.25,0.3,67134.35,9076.78,13.520321564147117,43.85,5.928661005878511,1,1,0.7,2.3581252987183996,0.35516220753779604,High Risk,Medium Profit,1,1
0.0,25418.0,208.0,0.0,1.0,1.03,43.29,1941.0,593.0,23020.373750000002,607.0,337.0,404.0,26277.03,14588.73,17489.16,0.239532025568187,0.372590851527639,0.27,6.0,1.77,715.08,5436.3550000000005,3097.46,1719.68,6068.57,0.44,0.45,0.25,0.3,81375.29375,16322.065,20.057764768437472,41.92441718186502,8.409100978876868,1,1,0.7,8.486560944230016,0.387877122904174,Low Risk,High Profit,1,1
0.0,25015.0,112.0,3.0,0.0,1.0,34.71,1299.0,276.0,9579.96,460.0,256.0,307.0,15966.6,8885.76,10655.97,0.221846213359386,0.446916462201625,0.32,3.0,0.89,273.23,3173.24,179.42,99.85,3256.42,0.27,0.45,0.25,0.3,45088.29,6708.93,14.879539676488063,34.71,5.1646882217090075,1,1,0.7,11.918237382425062,0.331237324438989,Low Risk,Medium Profit,3,1
0.0,26027.0,230.0,0.0,3.0,1.04,38.25,1123.0,303.0,11589.75,369.0,205.0,246.0,14114.25,7841.25,9409.5,0.243503914065659,0.42334763079416,0.3,13.0,3.84,944.64,3861.11,467.87,259.93,2190.12,0.37,0.45,0.25,0.3,42954.75,6779.030000000001,15.781793631670539,38.25,6.036536064113981,0,1,0.7,2.3184705284552845,0.333148455140181,High Risk,High Profit,1,1
0.0,26391.0,9.0,2.0,1.0,1.03,43.92,805.0,45.0,1976.4,342.0,190.0,228.0,15020.64,8344.8,10013.76,0.295922063931357,0.24523503716918582,0.28,14.0,4.13,941.64,931.22,2871.53,1595.29,3776.56,0.06,0.45,0.25,0.3,35355.6,9174.6,25.949495978006315,43.92,11.397018633540373,0,1,0.7,4.010619769763392,0.4588428988994572,High Risk,High Profit,0,1
0.0,26514.0,109.0,3.0,3.0,1.04,36.38,638.0,106.0,3856.28,239.0,133.0,160.0,8694.82,4838.54,5820.8,0.248522782940418,0.386922581051476,0.31,17.0,5.02,803.2,1405.82,474.34,263.96,1318.8,0.2,0.45,0.25,0.3,23210.44,3462.92,14.91966546088743,36.379999999999995,5.427774294670846,0,0,0.7,1.6419322709163344,0.364554636008106,High Risk,Medium Profit,0,0
0.0,26677.0,212.0,0.0,2.0,1.05,34.3,1342.0,333.0,11421.9,454.0,252.0,303.0,15572.2,8643.6,10392.9,0.216553137414157,0.409603461413644,0.29,13.0,3.84,1163.52,4270.0,1305.63,724.71,2721.8,0.33,0.45,0.25,0.3,46030.6,9022.14,19.60030935942612,34.3,6.722906110283159,1,1,0.7,2.339280803080308,0.37384340117219894,High Risk,High Profit,1,1
0.0,25181.0,73.0,1.0,2.0,1.05,36.18,2043.0,594.0,21490.92,652.0,362.0,435.0,23589.36,13097.16,15738.3,0.370753841416445,0.5194696117891,0.28,9.0,2.66,1157.1,2359.2,-4015.46,-2229.44,570.6,0.41,0.45,0.25,0.3,73915.74,-3315.1000000000004,-4.484971671798185,36.18,-1.6226627508565836,1,0,0.7,0.4931293751620431,0.10977654679445492,Low Risk,Low Profit,2,0
0.0,25468.0,210.0,1.0,3.0,1.04,32.39,1216.0,383.0,12405.37,375.0,208.0,250.0,12146.25,6737.12,8097.5,0.385193350294139,0.526770381326787,0.31,3.0,0.89,222.5,1092.12,-2696.03,-1495.4,490.37,0.46,0.45,0.25,0.3,39386.240000000005,-2608.9400000000005,-6.623988479225232,32.39000000000001,-2.145509868421053,0,0,0.7,2.2039101123595506,0.08803626837907408,Low Risk,Low Profit,2,0
0.0,26586.0,72.0,1.0,3.0,1.04,36.69,1582.0,498.0,18271.62,488.0,271.0,325.0,17904.72,9942.99,11924.25,0.357282414881047,0.527841170760803,0.28,12.0,3.54,1150.5,2098.98,-2956.49,-1641.82,219.32,0.46,0.45,0.25,0.3,58043.579999999994,-2280.0099999999998,-3.9281002308954753,36.69,-1.4412199747155499,1,0,0.7,0.1906301607996523,0.11487641435814999,High Risk,Low Profit,2,0
0.0,26141.0,111.0,1.0,3.0,1.04,34.93,1402.0,378.0,13203.54,461.0,256.0,307.0,16102.73,8942.08,10723.51,0.391132951912005,0.514671805570833,0.28,9.0,2.66,816.62,1243.71,-2991.96,-1661.48,193.48,0.37,0.45,0.25,0.3,48971.86,-3216.25,-6.56754715871523,34.93,-2.2940442225392297,1,0,0.7,0.23692782444711125,0.09419524251716194,Low Risk,Low Profit,2,0
0.0,25268.0,74.0,0.0,0.0,1.0,37.1,904.0,253.0,9386.3,293.0,163.0,195.0,10870.3,6047.3,7234.5,0.217014490831643,0.400262145348825,0.28,16.0,4.72,920.4,3592.36,1116.63,621.2,1848.41,0.39,0.45,0.25,0.3,33538.399999999994,7178.599999999999,21.4041218424254,37.099999999999994,7.940929203539822,0,1,0.7,2.0082681442850934,0.382723363819532,High Risk,High Profit,0,1
0.0,25308.0,236.0,3.0,3.0,1.04,44.68,1854.0,334.0,14923.12,684.0,380.0,456.0,30561.12,16978.4,20374.08,0.241154740788043,0.358429965469986,0.31,15.0,4.43,1974.58125,5436.3550000000005,2763.19,1535.11,6138.01,0.22,0.45,0.25,0.3,82836.72,15872.665,19.161387606848752,44.68,8.561307982740022,1,1,0.7,3.108512247850019,0.40041529374197093,High Risk,High Profit,1,1
0.0,25067.0,16.0,1.0,0.0,1.0,43.14,1160.0,343.0,14797.02,368.0,204.0,245.0,15875.52,8800.56,10569.3,0.35827633588342,0.504268040694296,0.31,11.0,3.25,796.25,2033.93,-2739.23,-1518.49,656.56,0.42,0.45,0.25,0.3,50042.399999999994,-1567.23,-3.1318042300129494,43.13999999999999,-1.3510603448275862,1,0,0.7,0.8245651491365776,0.137455623422284,High Risk,Low Profit,2,0
0.0,26241.0,208.0,3.0,2.0,1.05,38.16,1019.0,190.0,7250.4,373.0,207.0,249.0,14233.68,7899.12,9501.84,0.24545091053471,0.423436920926906,0.32,12.0,3.54,881.46,2400.7,158.17,87.78,2264.71,0.23,0.45,0.25,0.3,38885.04,4911.360000000001,12.630461483387956,38.160000000000004,4.8197841020608445,0,0,0.7,2.5692714360265922,0.331112168538384,High Risk,Medium Profit,0,0
0.0,26201.0,15.0,1.0,2.0,1.05,40.9,1340.0,409.0,16728.1,419.0,233.0,279.0,17137.1,9529.7,11411.1,0.385463857045397,0.521124046226032,0.32,11.0,3.25,906.75,1562.61,-3883.06,-2159.31,159.18,0.44,0.45,0.25,0.3,54805.99999999999,-4320.58,-7.883406926248952,40.89999999999999,-3.224313432835821,1,0,0.7,0.17555004135649296,0.09341209672857098,High Risk,Low Profit,2,0
0.0,25272.0,234.0,3.0,0.0,1.0,32.02,1165.0,225.0,7204.5,423.0,235.0,282.0,13544.46,7524.7,9029.64,0.203551977090538,0.444050269783475,0.32,8.0,2.36,665.52,2538.85,438.81,243.78,2516.5,0.24,0.45,0.25,0.3,37303.3,5737.9400000000005,15.381856296895984,32.02,4.925270386266095,0,1,0.7,3.7812537564611133,0.352397753125987,Low Risk,High Profit,0,1
0.0,25192.0,107.0,0.0,2.0,1.05,43.45,1384.0,351.0,15250.95,465.0,258.0,310.0,20204.25,11210.1,13469.5,0.23134801954031,0.434121696907096,0.32,9.0,2.66,824.6,5101.9,293.57,162.89,3681.36,0.34,0.45,0.25,0.3,60134.799999999996,9239.72,15.365013270186315,43.449999999999996,6.676098265895953,1,1,0.7,4.464419112296871,0.33453028355259395,Low Risk,High Profit,1,1
0.0,25435.0,9.0,3.0,3.0,1.04,45.13,1249.0,225.0,10154.25,461.0,256.0,307.0,20804.93,11553.28,13854.91,0.213164031673223,0.396249585878104,0.33,18.0,5.31,1630.17,3966.11,1260.5,699.97,3781.37,0.22,0.45,0.25,0.3,56367.369999999995,9707.95,17.22264139696424,45.129999999999995,7.772578062449961,1,1,0.7,2.3196169724629945,0.39058638244867305,High Risk,High Profit,1,1
0.0,25678.0,234.0,3.0,0.0,1.0,43.24,772.0,139.0,6010.36,285.0,158.0,190.0,12323.4,6831.92,8215.6,0.237665633372962,0.396260366705246,0.32,12.0,3.54,672.6,2200.24,567.79,314.77,2334.92,0.22,0.45,0.25,0.3,33381.28,5417.719999999999,16.229815034055015,43.24,7.0177720207253875,0,1,0.7,3.4714837942313412,0.366073999921792,High Risk,High Profit,0,1
0.0,26286.0,80.0,3.0,2.0,1.05,45.42,1742.0,337.0,15306.54,632.0,351.0,422.0,28705.44,15942.42,19167.24,0.21829391522333,0.417047550738789,0.28,14.0,4.13,1742.86,5436.3550000000005,2430.16,1349.66,5246.64,0.24,0.45,0.25,0.3,79121.64,14462.815000000002,18.27921539543417,45.42,8.3024196326062,1,1,0.7,3.0103622780946266,0.36465853403788095,High Risk,High Profit,1,1
0.0,26246.0,107.0,3.0,3.0,1.04,38.73,1299.0,276.0,10689.48,460.0,256.0,307.0,17815.8,9914.88,11890.11,0.268982828743756,0.391698328708299,0.27,5.0,1.48,454.36,3627.14,1234.97,687.29,3580.18,0.27,0.45,0.25,0.3,50310.27,9129.58,18.14655337767021,38.73,7.028160123171671,1,1,0.7,7.879610881239545,0.339318842547945,Low Risk,High Profit,1,1
0.0,25399.0,232.0,3.0,0.0,1.0,30.37,828.0,186.0,5648.82,289.0,160.0,193.0,8776.93,4859.2,5861.41,0.224838664345443,0.369480475550517,0.33,13.0,3.84,741.12,2291.62,664.25,367.75,1636.74,0.29,0.45,0.25,0.3,25146.36,4960.36,19.725956361079692,30.37,5.990772946859903,0,1,0.7,2.2084682642487046,0.40568086010404003,High Risk,High Profit,0,1
0.0,26074.0,209.0,1.0,1.0,1.03,36.77,2031.0,559.0,20554.43,662.0,368.0,442.0,24341.74,13531.36,16252.34,0.378746072691865,0.537014340679161,0.28,16.0,4.72,1974.58125,1731.5,-4765.15,-2648.9,-717.15,0.38,0.45,0.25,0.3,74679.87,-6399.699999999999,-8.569511435946527,36.769999999999996,-3.1510093549975378,1,0,0.7,-0.36319092972244116,0.08423958662897402,High Risk,Low Profit,2,0
0.0,25605.0,80.0,3.0,1.0,1.03,43.27,1706.0,373.0,16139.71,600.0,333.0,400.0,25962.0,14408.91,17308.0,0.23818274660036,0.420431646029465,0.28,6.0,1.77,708.0,5436.3550000000005,1593.69,884.5,5200.7,0.28,0.45,0.25,0.3,73818.62,13115.244999999999,17.76685204898168,43.269999999999996,7.687716881594373,1,1,0.7,7.345621468926553,0.341385607370175,Low Risk,High Profit,1,1
0.0,25807.0,211.0,0.0,0.0,1.0,44.33,1736.0,513.0,22741.29,550.0,306.0,367.0,24381.5,13564.98,16269.11,0.258666134346277,0.40897305868566,0.32,11.0,3.25,1192.75,5436.3550000000005,301.38,167.67,4214.46,0.42,0.45,0.25,0.3,76956.88,10119.865000000002,13.150045843854377,44.330000000000005,5.829415322580646,1,1,0.7,3.533397610563823,0.332360806968063,High Risk,Medium Profit,1,1
0.0,26050.0,210.0,2.0,3.0,1.04,32.95,1386.0,126.0,4151.7,567.0,315.0,378.0,18682.65,10379.25,12455.1,0.289802645903546,0.24523503716918582,0.31,13.0,3.84,1451.52,2037.76,3378.32,1876.84,4661.77,0.1,0.45,0.25,0.3,45668.700000000004,11954.69,26.176987739961945,32.95,8.625317460317461,1,1,0.7,3.211647100970018,0.4649623169272682,High Risk,High Profit,1,1
0.0,25403.0,207.0,2.0,2.0,1.05,34.3,637.0,57.0,1955.1,261.0,145.0,174.0,8952.3,4973.5,5968.2,0.276111770363059,0.269399675331078,0.3,13.0,3.84,668.16,888.57,1383.03,768.35,2044.32,0.1,0.45,0.25,0.3,21849.1,5084.2699999999995,23.269928738483507,34.3,7.981585557299843,0,1,0.7,3.0596264367816093,0.454488554305863,High Risk,High Profit,0,1
0.0,26578.0,75.0,0.0,0.0,1.0,38.1,675.0,159.0,6057.9,232.0,129.0,155.0,8839.2,4914.9,5905.5,0.22268630810082,0.359760212013498,0.33,15.0,4.43,686.65,2529.5,773.9,430.32,1779.21,0.31,0.45,0.25,0.3,25717.5,5512.93,21.436492660639644,38.1,8.167303703703704,0,1,0.7,2.591145416150878,0.41755347988568203,High Risk,High Profit,0,1
0.0,25487.0,14.0,3.0,2.0,1.05,35.26,1439.0,259.0,9132.34,531.0,295.0,354.0,18723.06,10401.7,12482.04,0.200697393529117,0.353761871880852,0.31,3.0,0.89,315.06,4068.83,2537.74,1409.85,5246.2,0.22,0.45,0.25,0.3,50739.14000000001,13262.619999999999,26.138834832439017,35.260000000000005,9.216553161917998,1,1,0.7,16.651431473370153,0.44554073459003096,Low Risk,High Profit,3,1
0.0,25771.0,109.0,2.0,3.0,1.04,40.86,660.0,31.0,1266.66,283.0,157.0,189.0,11563.38,6415.02,7722.54,0.251700412121136,0.24523503716918582,0.32,11.0,3.25,614.25,667.81,2396.15,1329.31,3457.22,0.05,0.45,0.25,0.3,26967.6,7850.49,29.11082187513906,40.86,11.894681818181818,0,1,0.7,5.628359788359788,0.5030645507096783,High Risk,High Profit,0,1
0.0,25327.0,232.0,2.0,0.0,1.0,34.39,1281.0,37.0,1272.43,560.0,311.0,373.0,19258.4,10695.29,12827.47,0.299884437245782,0.24523503716918582,0.3,18.0,5.31,1974.58125,629.49,3749.91,2082.54,4365.32,0.03,0.45,0.25,0.3,44053.590000000004,10827.259999999998,24.577474843707396,34.39,8.452193598750975,0,1,0.7,2.2107573441204305,0.4548805255850321,High Risk,High Profit,1,1
0.0,25813.0,238.0,0.0,1.0,1.03,44.37,579.0,153.0,6788.61,192.0,106.0,128.0,8519.04,4703.22,5679.36,0.272136336062104,0.428637852496468,0.3,13.0,3.84,491.52,2031.33,-6.6,-3.64,1207.89,0.36,0.45,0.25,0.3,25690.230000000003,3228.98,12.56890265287621,44.370000000000005,5.576822107081174,0,0,0.7,2.4574584960937504,0.2992258114414279,High Risk,Medium Profit,0,0
0.0,26057.0,115.0,1.0,2.0,1.05,44.05,966.0,255.0,11232.75,320.0,178.0,213.0,14096.0,7840.9,9382.65,0.355171969602816,0.468937209108844,0.3,11.0,3.25,692.25,1975.74,-1749.44,-973.13,958.07,0.36,0.45,0.25,0.3,42552.3,211.24,0.4964244000911819,44.050000000000004,0.21867494824016565,0,0,0.7,1.3839942217407006,0.17589082128834,High Risk,Low Profit,0,0
0.0,25976.0,115.0,1.0,1.0,1.03,34.27,1009.0,336.0,11514.72,303.0,168.0,202.0,10383.81,5757.36,6922.54,0.358282660192344,0.518133828393184,0.3,4.0,1.18,238.36,1423.03,-1831.88,-1015.69,617.15,0.5,0.45,0.25,0.3,34578.43,-807.3900000000002,-2.3349527436612947,34.27,-0.8001883052527257,0,0,0.7,2.5891508642389662,0.12358351141447199,Low Risk,Low Profit,0,0
0.0,25573.0,212.0,0.0,1.0,1.03,44.39,1946.0,575.0,23020.373750000002,617.0,343.0,411.0,27388.63,15225.77,18244.29,0.212252619564533,0.377365897689015,0.31,8.0,2.36,969.96,5436.3550000000005,2749.31,1528.39,6276.405000000001,0.42,0.45,0.25,0.3,83879.06375,15990.460000000001,19.063708254611985,43.10332155704008,8.217091469681398,1,1,0.7,6.470787455152791,0.41038148274645203,Low Risk,High Profit,1,1
0.0,26573.0,78.0,1.0,2.0,1.05,34.62,1576.0,511.0,17690.82,479.0,266.0,320.0,16582.98,9208.92,11078.4,0.371734361897688,0.50042545821052,0.31,6.0,1.77,566.4,2261.6,-3020.75,-1677.5,849.86,0.48,0.45,0.25,0.3,54561.12,-1586.79,-2.9082797420580806,34.620000000000005,-1.0068464467005076,1,0,0.7,1.5004590395480226,0.12784017989179208,Low Risk,Low Profit,2,0
0.0,25819.0,108.0,0.0,0.0,1.0,35.4,799.0,224.0,7929.6,259.0,144.0,172.0,9168.6,5097.6,6088.8,0.257844529766589,0.362598595372401,0.31,18.0,5.31,913.32,3009.73,637.74,354.57,1397.73,0.39,0.45,0.25,0.3,28284.600000000002,5399.77,19.090848023305966,35.400000000000006,6.758160200250313,0,1,0.7,1.5303836552358427,0.37955687486101,High Risk,High Profit,0,1
0.0,25817.0,210.0,3.0,3.0,1.04,33.88,1496.0,259.0,8774.92,557.0,309.0,371.0,18871.16,10468.92,12569.48,0.21076321715489,0.417573497397825,0.32,13.0,3.84,1424.64,3261.32,974.95,540.86,3246.97,0.21,0.45,0.25,0.3,50684.479999999996,8024.1,15.831473460909534,33.879999999999995,5.36370320855615,1,1,0.7,2.2791512241689125,0.371663285447285,High Risk,High Profit,1,1
0.0,26669.0,10.0,0.0,0.0,1.0,44.18,844.0,232.0,10249.76,275.0,153.0,184.0,12149.5,6759.54,8129.12,0.229393369760364,0.38555605977308,0.29,16.0,4.72,868.48,3946.68,1154.82,642.5,2261.64,0.38,0.45,0.25,0.3,37287.920000000006,8005.639999999999,21.46979504354225,44.18000000000001,9.485355450236966,0,1,0.7,2.6041359616801767,0.385050570466556,High Risk,High Profit,0,1
0.0,25538.0,205.0,1.0,0.0,1.0,40.02,1573.0,473.0,18929.46,495.0,275.0,330.0,19809.9,11005.5,13206.6,0.382410141965374,0.535522962594405,0.33,12.0,3.54,1168.2,1553.48,-4911.53,-2728.63,-84.38,0.43,0.45,0.25,0.3,62951.46,-6171.06,-9.802886223766693,40.019999999999996,-3.9231150667514307,1,0,0.7,-0.07223078240027392,0.08206689544022105,High Risk,Low Profit,2,0
0.0,25944.0,11.0,0.0,2.0,1.05,33.54,1021.0,270.0,9055.8,338.0,188.0,225.0,11336.52,6305.52,7546.5,0.236880169678479,0.388876719539985,0.32,10.0,2.95,663.75,3389.07,614.93,342.03,2160.48,0.36,0.45,0.25,0.3,34244.34,6506.51,19.00024938427781,33.54,6.372683643486778,0,1,0.7,3.2549604519774014,0.37424311078153605,Low Risk,High Profit,0,1
0.0,26510.0,14.0,0.0,3.0,1.04,42.18,741.0,148.0,6242.64,267.0,148.0,178.0,11262.06,6242.64,7508.04,0.233899442944676,0.445459345006384,0.33,14.0,4.13,735.14,2001.65,-105.4,-58.42,1672.25,0.25,0.45,0.25,0.3,31255.38,3510.08,11.230322587663307,42.18,4.736950067476383,0,0,0.7,2.2747367848301003,0.32064121204894,High Risk,Medium Profit,0,0
0.0,25459.0,230.0,3.0,3.0,1.04,35.68,1896.0,414.0,14771.52,667.0,370.0,445.0,23798.56,13201.6,15877.6,0.229524979330599,0.440200649155304,0.29,12.0,3.54,1575.3,4878.65,958.47,531.69,3668.66,0.28,0.45,0.25,0.3,67649.28,10037.47,14.837511943955647,35.68,5.294024261603375,1,1,0.7,2.328864343299689,0.330274371514097,High Risk,Medium Profit,1,1
0.0,26311.0,11.0,3.0,2.0,1.05,47.0,1671.0,278.0,13066.0,627.0,348.0,418.0,29469.0,16356.0,19646.0,0.258775432854891,0.43368758673314,0.33,4.0,1.18,493.24,4018.28,-661.96,-367.41,5548.63,0.2,0.45,0.25,0.3,78537.0,8537.54,10.870723353323912,47.0,5.109239976062239,1,1,0.7,11.249351228610818,0.307536980411969,Low Risk,Medium Profit,1,1
0.0,26675.0,77.0,3.0,3.0,1.04,36.44,900.0,156.0,5684.64,335.0,186.0,223.0,12207.4,6777.84,8126.12,0.258730385135859,0.352583625377156,0.31,7.0,2.07,461.61,2209.54,960.55,533.32,2696.9,0.21,0.45,0.25,0.3,32796.0,6400.31,19.515520185388464,36.44,7.111455555555556,0,1,0.7,5.842377764779792,0.38868598948698496,Low Risk,High Profit,0,1
0.0,25584.0,73.0,0.0,0.0,1.0,35.23,760.0,209.0,7363.07,248.0,138.0,165.0,8737.04,4861.74,5812.95,0.204013291820884,0.418974408041686,0.32,3.0,0.89,146.85,2775.97,498.12,277.18,2044.7,0.38,0.45,0.25,0.3,26774.8,5595.969999999999,20.900137442669973,35.23,7.363118421052631,0,1,0.7,13.923731699012599,0.3770123001374299,Low Risk,High Profit,3,1
0.0,25706.0,113.0,1.0,0.0,1.0,40.08,767.0,207.0,8296.56,252.0,140.0,168.0,10100.16,5611.2,6733.44,0.380485535098705,0.546463824948296,0.32,8.0,2.36,396.48,606.07,-2494.23,-1385.68,95.4,0.37,0.45,0.25,0.3,30741.36,-3178.44,-10.339295333713277,40.08,-4.143989569752281,0,0,0.7,0.2406174334140436,0.07305063995299899,Low Risk,Low Profit,2,0
0.0,26637.0,108.0,3.0,1.0,1.03,38.16,1847.0,381.0,14538.96,660.0,366.0,440.0,25185.6,13966.56,16790.4,0.268138573672622,0.418827313138172,0.28,14.0,4.13,1817.2,4551.19,831.98,461.37,3438.77,0.26,0.45,0.25,0.3,70481.51999999999,9283.31,13.171268156532381,38.16,5.026155928532756,1,1,0.7,1.8923453664979089,0.31303411318920604,High Risk,Medium Profit,1,1
0.0,25049.0,231.0,3.0,1.0,1.03,45.84,1847.0,415.0,19023.6,644.0,358.0,430.0,29520.96,16410.72,19711.2,0.210861113574356,0.410226645460352,0.28,3.0,0.89,382.7,5436.3550000000005,2919.98,1623.22,6276.405000000001,0.29,0.45,0.25,0.3,84666.48,16255.960000000001,19.19999508660334,45.839999999999996,8.801277747698972,1,1,0.7,16.40032662660047,0.3789122409652921,Low Risk,High Profit,3,1
0.0,26479.0,235.0,1.0,3.0,1.04,37.76,804.0,268.0,10119.68,241.0,134.0,161.0,9100.16,5059.84,6079.36,0.365018412494101,0.546738259424456,0.31,12.0,3.54,569.94,892.99,-2018.02,-1122.05,-33.48,0.5,0.45,0.25,0.3,30359.04,-2280.56,-7.511963487646513,37.76,-2.8365174129353234,0,0,0.7,-0.058743025581640164,0.08824332808144297,High Risk,Low Profit,2,0
0.0,25145.0,10.0,1.0,3.0,1.04,43.89,1067.0,374.0,16414.86,312.0,173.0,208.0,13693.68,7592.97,9129.12,0.366971562313847,0.535327718942426,0.3,13.0,3.84,798.72,1603.74,-2770.22,-1536.05,93.2,0.54,0.45,0.25,0.3,46830.630000000005,-2609.33,-5.571844752035152,43.89000000000001,-2.445482661668229,1,0,0.7,0.11668669871794872,0.09770071874372699,High Risk,Low Profit,2,0
0.0,25833.0,232.0,0.0,3.0,1.04,42.38,1213.0,353.0,14960.14,387.0,215.0,258.0,16401.06,9111.7,10934.04,0.242346808724105,0.367625953280367,0.28,12.0,3.54,913.32,5436.3550000000005,1804.56,1002.54,3351.25,0.41,0.45,0.25,0.3,51406.94,11594.705000000002,22.554746499208086,42.38,9.558701566364388,1,1,0.7,3.6693053913195812,0.39002723799552796,High Risk,High Profit,1,1
0.0,25228.0,208.0,0.0,3.0,1.04,46.7,2055.0,616.0,23020.373750000002,638.0,354.0,425.0,29794.6,16531.8,19847.5,0.239928396362811,0.42289025252685,0.29,5.0,1.48,629.0,5436.3550000000005,1405.75,779.99,6063.21,0.45,0.45,0.25,0.3,89194.27375000001,13685.305,15.34325514926904,43.4035395377129,6.659515815085158,1,1,0.7,9.639443561208267,0.337181351110339,Low Risk,High Profit,1,1
0.0,26441.0,77.0,3.0,0.0,1.0,37.27,1565.0,282.0,10510.14,577.0,321.0,385.0,21504.79,11963.67,14348.95,0.232442121561617,0.364000278245658,0.27,16.0,4.72,1817.2,4241.45,2872.13,1597.84,3973.43,0.22,0.45,0.25,0.3,58327.55,12684.85,21.747613263372113,37.27,8.105335463258786,1,1,0.7,2.186567246313009,0.403557600192725,High Risk,High Profit,1,1
0.0,25593.0,207.0,2.0,3.0,1.04,38.24,829.0,61.0,2332.64,346.0,192.0,230.0,13231.04,7342.08,8795.2,0.280705251719337,0.289620228344575,0.33,15.0,4.43,1018.9,1002.28,1318.8,731.82,2760.17,0.08,0.45,0.25,0.3,31700.960000000003,5813.07,18.337204930071515,38.24,7.012147165259348,0,1,0.7,2.708970458337423,0.42967451993608796,High Risk,High Profit,0,1
0.0,25230.0,238.0,2.0,2.0,1.05,32.1,975.0,55.0,1765.5,414.0,230.0,276.0,13289.4,7383.0,8859.6,0.268912851030473,0.300634364027064,0.3,13.0,3.84,1059.84,759.96,1733.64,963.13,2753.8,0.06,0.45,0.25,0.3,31297.5,6210.530000000001,19.843533828580558,32.1,6.36977435897436,0,1,0.7,2.5983167270531404,0.430452784942463,High Risk,High Profit,0,1
0.0,26444.0,112.0,0.0,0.0,1.0,43.35,764.0,157.0,6805.95,273.0,152.0,182.0,11834.55,6589.2,7889.7,0.253676384091377,0.355854926933534,0.29,10.0,2.95,536.9,2657.51,1189.0,662.01,2543.78,0.26,0.45,0.25,0.3,33119.4,7052.300000000001,21.293562081438676,43.35,9.230759162303666,0,1,0.7,4.7379027751909115,0.390468688975089,Low Risk,High Profit,0,1
0.0,25839.0,17.0,3.0,1.0,1.03,42.63,902.0,208.0,8867.04,312.0,174.0,208.0,13300.56,7417.62,8867.04,0.273925772868097,0.371560124936514,0.27,7.0,2.07,430.56,3143.49,1124.08,626.89,2712.93,0.3,0.45,0.25,0.3,38452.259999999995,7607.389999999999,19.783986688948843,42.629999999999995,8.433913525498891,0,1,0.7,6.300933667781494,0.35451410219538904,Low Risk,High Profit,0,1
0.0,25113.0,233.0,3.0,1.0,1.03,43.37,1530.0,255.0,11059.35,574.0,319.0,382.0,24894.38,13835.03,16567.34,0.268876346964389,0.394695023051463,0.28,14.0,4.13,1577.66,3720.68,1404.76,780.69,3996.07,0.2,0.45,0.25,0.3,66356.1,9902.199999999999,14.922817947407996,43.370000000000005,6.472026143790849,1,1,0.7,2.532909498878085,0.336428629984148,High Risk,Medium Profit,1,1
0.0,25274.0,208.0,3.0,0.0,1.0,43.97,943.0,170.0,7474.9,348.0,193.0,232.0,15301.56,8486.21,10201.04,0.245497362390161,0.383827749593183,0.29,9.0,2.66,617.12,2770.76,1234.45,684.62,3164.15,0.22,0.45,0.25,0.3,41463.71,7853.98,18.941816832116565,43.97,8.328716861081654,0,1,0.7,5.127284806844698,0.37067488801665593,Low Risk,High Profit,0,1
0.0,26448.0,76.0,0.0,1.0,1.03,31.39,1638.0,387.0,12147.93,563.0,313.0,375.0,17672.57,9825.07,11771.25,0.224799098894,0.420522309606895,0.27,4.0,1.18,442.5,4308.61,1496.49,831.97,3732.51,0.31,0.45,0.25,0.3,51416.82,10369.58,20.167680537224978,31.39,6.33063492063492,1,1,0.7,8.435050847457628,0.35467859149910497,Low Risk,High Profit,1,1
0.0,26168.0,212.0,3.0,0.0,1.0,34.97,1300.0,276.0,9651.72,461.0,256.0,307.0,16121.17,8952.32,10735.79,0.226521106697619,0.36486871689558,0.32,3.0,0.89,273.23,3943.79,1428.5,793.27,4113.52,0.27,0.45,0.25,0.3,45461.0,10279.08,22.61076527133147,34.97,7.906984615384616,1,1,0.7,15.055154997621052,0.4086101764068011,Low Risk,High Profit,3,1
0.0,25764.0,17.0,0.0,1.0,1.03,37.11,1456.0,336.0,12468.96,504.0,280.0,336.0,18703.44,10390.8,12468.96,0.2360489904508,0.409529471863061,0.29,12.0,3.54,1189.44,4419.27,1204.9,669.39,3229.83,0.3,0.45,0.25,0.3,54032.159999999996,9523.39,17.625410496267406,37.11,6.540789835164834,1,1,0.7,2.7154207021791765,0.35442153768613904,High Risk,High Profit,1,1
0.0,25441.0,75.0,3.0,2.0,1.05,36.78,1735.0,347.0,12762.66,625.0,347.0,416.0,22987.5,12762.66,15300.48,0.237731875423342,0.408459956105798,0.29,12.0,3.54,1472.64,4515.53,1466.79,814.36,3940.79,0.25,0.45,0.25,0.3,63813.3,10737.47,16.826382587955802,36.78,6.188743515850144,1,1,0.7,2.67600363972186,0.35380816847086005,High Risk,High Profit,1,1
0.0,25118.0,114.0,2.0,1.0,1.03,39.18,794.0,37.0,1449.66,341.0,189.0,227.0,13360.38,7405.02,8893.86,0.284464301879052,0.325273341638967,0.3,17.0,5.02,1139.54,565.75,1205.94,668.39,2331.4,0.05,0.45,0.25,0.3,31108.92,4771.48,15.33798023203634,39.18,6.009420654911838,0,0,0.7,2.0459132632465735,0.39026235648198104,High Risk,High Profit,0,0
0.0,25240.0,110.0,1.0,0.0,1.0,42.77,697.0,184.0,7869.68,231.0,128.0,154.0,9879.87,5474.56,6586.58,0.358047951781191,0.482824533013627,0.3,14.0,4.13,636.02,1252.28,-1391.8,-771.21,412.09,0.36,0.45,0.25,0.3,29810.690000000002,-498.64000000000004,-1.672688555682542,42.77,-0.7154088952654233,0,0,0.7,0.647919876733436,0.1591275152051821,High Risk,Low Profit,0,0
0.0,25362.0,233.0,3.0,0.0,1.0,35.17,1766.0,306.0,10762.02,657.0,365.0,438.0,23106.69,12837.05,15404.46,0.262723354194313,0.357786394609138,0.3,11.0,3.25,1423.5,4084.08,1836.76,1020.42,4422.34,0.21,0.45,0.25,0.3,62110.219999999994,11363.6,18.295861776049097,35.169999999999995,6.434654586636467,1,1,0.7,3.106666666666667,0.379490251196549,High Risk,High Profit,1,1
0.0,26132.0,74.0,1.0,0.0,1.0,39.73,1317.0,355.0,14104.15,433.0,240.0,289.0,17203.09,9535.2,11481.97,0.360780011594761,0.525970330834389,0.29,17.0,5.02,1450.78,1597.29,-3040.65,-1685.35,-150.45,0.37,0.45,0.25,0.3,52324.41,-3279.16,-6.266979407890122,39.730000000000004,-2.4898709187547454,1,0,0.7,-0.10370283571595969,0.11324965757084993,High Risk,Low Profit,2,0
0.0,25406.0,113.0,0.0,0.0,1.0,37.64,749.0,181.0,6812.84,256.0,142.0,170.0,9635.84,5344.88,6398.8,0.228273102976382,0.430526344710961,0.31,4.0,1.18,200.6,2324.54,300.64,166.76,1982.67,0.32,0.45,0.25,0.3,28192.36,4774.61,16.935829423290564,37.64,6.3746461949265685,0,0,0.7,9.88369890329013,0.341200552312657,Low Risk,High Profit,3,0
0.0,25729.0,115.0,1.0,2.0,1.05,42.75,1015.0,295.0,12611.25,324.0,180.0,216.0,13851.0,7695.0,9234.0,0.380284496734384,0.536712755588815,0.31,8.0,2.36,509.76,1046.77,-3144.14,-1746.74,256.69,0.41,0.45,0.25,0.3,43391.25,-3587.4199999999996,-8.267611557629706,42.75,-3.534403940886699,0,0,0.7,0.5035506905210295,0.08300274767680094,Low Risk,Low Profit,2,0
0.0,25851.0,75.0,0.0,3.0,1.04,36.7,1417.0,382.0,14019.4,466.0,259.0,310.0,17102.2,9505.3,11377.0,0.231182709317654,0.371880022669211,0.27,9.0,2.66,824.6,5436.3550000000005,2170.91,1206.58,3691.36,0.37,0.45,0.25,0.3,52003.899999999994,12505.205000000002,24.04666765377213,36.699999999999996,8.82512702893437,1,1,0.7,4.476546204220228,0.396937268013135,Low Risk,High Profit,1,1
0.0,26337.0,17.0,1.0,3.0,1.04,42.88,2113.0,570.0,23020.373750000002,694.0,386.0,463.0,29758.72,16551.68,19853.44,0.369565804698505,0.46549183446914,0.28,9.0,2.66,1231.58,4031.46,-3423.97,-1904.4,2043.09,0.37,0.45,0.25,0.3,89184.21375,746.1800000000001,0.8366727345847125,42.20738937529578,0.35313771888310463,1,0,0.7,1.6589178128907582,0.16494236083235503,Low Risk,Low Profit,2,0
0.0,25975.0,13.0,3.0,0.0,1.0,30.06,825.0,148.0,4448.88,305.0,169.0,203.0,9168.3,5080.14,6102.18,0.202494739685208,0.436107656639069,0.32,8.0,2.36,479.08,1607.81,379.55,210.31,1726.23,0.22,0.45,0.25,0.3,24799.5,3923.9,15.822496421298817,30.06,4.756242424242425,0,0,0.7,3.6032186691158055,0.36139760367572304,Low Risk,High Profit,0,0
0.0,25328.0,15.0,3.0,3.0,1.04,32.52,970.0,168.0,5463.36,361.0,200.0,241.0,11739.72,6504.0,7837.32,0.215737533532083,0.401023594220169,0.33,10.0,2.95,710.95,2093.77,625.01,346.27,2292.62,0.21,0.45,0.25,0.3,31544.399999999998,5357.67,16.98453608247423,32.519999999999996,5.523371134020619,0,1,0.7,3.22472747731908,0.383238872247748,Low Risk,High Profit,0,1
0.0,26583.0,108.0,3.0,1.0,1.03,43.03,1024.0,211.0,9079.33,366.0,203.0,244.0,15748.98,8735.09,10499.32,0.253250066973269,0.390933547052555,0.27,5.0,1.48,361.12,3230.57,1351.52,749.61,3374.71,0.26,0.45,0.25,0.3,44062.719999999994,8706.41,19.759129713281435,43.029999999999994,8.502353515625,0,1,0.7,9.345120735489587,0.355816385974176,Low Risk,High Profit,3,1
0.0,25857.0,12.0,2.0,3.0,1.04,32.08,671.0,55.0,1764.4,277.0,154.0,185.0,8886.16,4940.32,5934.8,0.27597480394179,0.327067295927554,0.32,13.0,3.84,710.4,700.39,683.86,380.2,1645.47,0.09,0.45,0.25,0.3,21525.68,3409.92,15.841172032660525,32.08,5.081847988077496,0,0,0.7,2.316258445945946,0.396957900130656,High Risk,High Profit,0,0
0.0,25979.0,9.0,0.0,3.0,1.04,35.84,1759.0,493.0,17669.12,570.0,316.0,380.0,20428.8,11325.44,13619.2,0.20595526734367,0.354645486129448,0.29,4.0,1.18,448.4,5436.3550000000005,3052.05,1692.01,5535.87,0.39,0.45,0.25,0.3,63042.56,15716.285,24.92964276831398,35.839999999999996,8.93478396816373,1,1,0.7,12.345829616413917,0.439399246526882,Low Risk,High Profit,3,1
0.0,26625.0,236.0,0.0,3.0,1.04,45.87,1169.0,276.0,12660.12,402.0,223.0,268.0,18439.74,10229.01,12293.16,0.267751501314342,0.361398966470733,0.28,11.0,3.25,871.0,4695.0,1675.24,929.3,3687.91,0.31,0.45,0.25,0.3,53622.03,10987.45,20.490552110764924,45.87,9.39901625320787,1,1,0.7,4.234110218140069,0.370849532214925,High Risk,High Profit,1,1
0.0,26345.0,111.0,1.0,2.0,1.05,40.74,2077.0,616.0,23020.373750000002,603.0,335.0,402.0,24566.22,13647.9,16377.48,0.377221892296802,0.537403645506129,0.27,11.0,3.25,1306.5,2563.4,-4535.55,-2519.75,91.72,0.55,0.45,0.25,0.3,77611.97375,-4400.179999999999,-5.669460248715811,37.36734412614348,-2.1185267212325467,1,0,0.7,0.07020283199387677,0.08537446219706912,High Risk,Low Profit,2,0
0.0,25982.0,110.0,1.0,0.0,1.0,35.49,767.0,227.0,8056.23,243.0,135.0,162.0,8624.07,4791.15,5749.38,0.39270140187582,0.531614781892858,0.29,12.0,3.54,573.48,609.73,-1848.28,-1026.82,-138.34,0.42,0.45,0.25,0.3,27220.829999999998,-2403.71,-8.830406714269918,35.489999999999995,-3.1339113428943937,0,0,0.7,-0.24122898793331937,0.07568381623132203,High Risk,Low Profit,0,0
0.0,26387.0,80.0,3.0,3.0,1.04,39.14,1607.0,311.0,12172.54,583.0,324.0,389.0,22818.62,12681.36,15225.46,0.248795143533498,0.413692677649669,0.28,10.0,2.95,1147.55,4108.38,1312.35,729.33,3991.23,0.24,0.45,0.25,0.3,62897.98,10141.289999999999,16.123395377721188,39.14,6.310696950840074,1,1,0.7,3.4780445296501243,0.33751217881683304,Low Risk,High Profit,1,1
0.0,25984.0,234.0,1.0,1.0,1.03,32.55,1689.0,592.0,19269.6,494.0,274.0,329.0,16079.7,8918.7,10708.95,0.372221825784072,0.533280635951087,0.3,17.0,5.02,1651.58,1820.93,-3304.42,-1832.81,-639.61,0.54,0.45,0.25,0.3,54976.95,-3955.9100000000003,-7.195579238208014,32.55,-2.3421610420367083,1,0,0.7,-0.3872715823635549,0.09449753826484097,High Risk,Low Profit,2,0
0.0,25136.0,107.0,1.0,2.0,1.05,36.91,718.0,201.0,7418.91,233.0,129.0,155.0,8600.03,4761.39,5721.05,0.3750371051603,0.523758488497697,0.29,6.0,1.77,274.35,750.83,-1623.65,-898.93,304.65,0.39,0.45,0.25,0.3,26501.38,-1467.1,-5.5359381285050056,36.910000000000004,-2.0433147632311974,0,0,0.7,1.1104428649535263,0.101204406342003,Low Risk,Low Profit,0,0
0.0,25986.0,233.0,1.0,0.0,1.0,34.6,1341.0,396.0,13701.6,425.0,236.0,284.0,14705.0,8165.6,9826.4,0.367587539204396,0.451949392282404,0.31,5.0,1.48,420.32,2472.63,-1904.84,-1057.75,1352.98,0.42,0.45,0.25,0.3,46398.6,863.0200000000002,1.8600130176341532,34.6,0.643564504101417,1,0,0.7,3.218928435477731,0.18046306851320004,Low Risk,Low Profit,2,0
0.0,25865.0,115.0,1.0,2.0,1.05,33.02,1182.0,325.0,10731.5,386.0,214.0,257.0,12745.72,7066.28,8486.14,0.365703985537402,0.51030377978459,0.28,5.0,1.48,380.36,1330.62,-1988.43,-1102.39,671.86,0.38,0.45,0.25,0.3,39029.64,-1088.3400000000001,-2.7884961275584406,33.019999999999996,-0.9207614213197971,0,0,0.7,1.7663792196866126,0.12399223467800802,Low Risk,Low Profit,2,0
0.0,25017.0,74.0,3.0,3.0,1.04,44.7,816.0,173.0,7733.1,289.0,161.0,193.0,12918.3,7196.7,8627.1,0.205784262046218,0.446330712852068,0.31,13.0,3.84,741.12,2690.23,489.41,272.65,2260.12,0.27,0.45,0.25,0.3,36475.200000000004,5712.41,15.661079308680964,44.7,7.000502450980392,0,1,0.7,3.0496006044905006,0.34788502510171404,High Risk,High Profit,0,1
0.0,26233.0,233.0,0.0,3.0,1.04,35.51,766.0,226.0,8025.26,243.0,135.0,162.0,8628.93,4793.85,5752.62,0.253127012141049,0.428174694231711,0.29,4.0,1.18,191.16,2557.64,247.64,137.58,1642.19,0.42,0.45,0.25,0.3,27200.66,4585.049999999999,16.85639245518307,35.51,5.985704960835508,0,0,0.7,8.590657041222013,0.31869829362724,Low Risk,High Profit,0,0
0.0,25868.0,231.0,3.0,0.0,1.0,32.03,1723.0,355.0,11370.65,616.0,342.0,410.0,19730.48,10954.26,13132.3,0.234714273512363,0.389967869943939,0.33,3.0,0.89,364.9,4267.61,894.14,496.42,4563.89,0.26,0.45,0.25,0.3,55187.69,10222.060000000001,18.522355257123465,32.03,5.932710388856647,1,1,0.7,12.507234858865445,0.375317856543698,Low Risk,High Profit,3,1
0.0,25752.0,108.0,3.0,3.0,1.04,42.74,571.0,106.0,4530.44,209.0,116.0,140.0,8932.66,4957.84,5983.6,0.204433186091483,0.368527346709743,0.31,16.0,4.72,660.8,1934.68,1045.47,580.26,1894.43,0.23,0.45,0.25,0.3,24404.54,5454.84,22.351742749504805,42.74,9.553134851138354,0,1,0.7,2.866873486682809,0.42703946719877395,High Risk,High Profit,0,1
0.0,26679.0,9.0,1.0,2.0,1.05,43.21,2217.0,616.0,23020.373750000002,652.0,362.0,435.0,28172.92,15642.02,18796.35,0.350344858248718,0.518257090845145,0.28,9.0,2.66,1157.1,4360.48,-4186.55,-2324.43,1312.7,0.53,0.45,0.25,0.3,85631.66375,-837.8000000000004,-0.9783764127787373,38.625017478574655,-0.377898060442039,1,0,0.7,1.134474116325296,0.131398050906137,Low Risk,Low Profit,2,0
0.0,25428.0,236.0,0.0,3.0,1.04,44.37,1007.0,214.0,9495.18,357.0,198.0,238.0,15840.09,8785.26,10560.06,0.217458676826209,0.386310460767709,0.33,17.0,5.02,1194.76,3762.28,1049.1,581.86,2989.46,0.27,0.45,0.25,0.3,44680.59,8382.7,18.761390572505874,44.37,8.324428997020854,0,1,0.7,2.502142689745221,0.39623086240608196,High Risk,High Profit,1,1
0.0,25993.0,238.0,0.0,0.0,1.0,29.79,1320.0,403.0,12005.37,413.0,229.0,275.0,12303.27,6821.91,8192.25,0.205143917854875,0.386287430371158,0.27,15.0,4.43,1218.25,4905.02,1704.85,945.3,2128.85,0.44,0.45,0.25,0.3,39322.8,9684.02,24.626984853570953,29.790000000000003,7.336378787878788,0,1,0.7,1.7474656269238662,0.40856865177396706,High Risk,High Profit,1,1
0.0,25792.0,113.0,0.0,2.0,1.05,31.95,1477.0,332.0,10607.4,515.0,286.0,344.0,16454.25,9137.7,10990.8,0.250087344944477,0.435533619252965,0.32,5.0,1.48,509.12,3334.74,-92.49,-51.36,2946.16,0.29,0.45,0.25,0.3,47190.15000000001,6137.049999999999,13.00493853060437,31.950000000000006,4.155077860528097,1,1,0.7,5.786769327467002,0.314379035802558,Low Risk,Medium Profit,1,1
0.0,26481.0,11.0,1.0,0.0,1.0,37.26,1844.0,616.0,23020.373750000002,539.0,300.0,359.0,20083.14,11178.0,13376.34,0.39807917958824,0.524663152103312,0.29,5.0,1.48,531.32,1859.59,-4272.53,-2378.03,502.1,0.54,0.45,0.25,0.3,67657.85375,-4288.869999999999,-6.3390571268306,36.690810059652925,-2.3258514099783074,1,0,0.7,0.94500489347286,0.07725766830844794,Low Risk,Low Profit,2,0
0.0,25633.0,72.0,0.0,0.0,1.0,34.47,1323.0,328.0,11306.16,448.0,249.0,298.0,15442.56,8583.03,10272.06,0.220614445898682,0.417049959558062,0.28,4.0,1.18,351.64,4096.62,1271.47,706.69,3370.29,0.33,0.45,0.25,0.3,45603.81,9445.07,20.711142336572316,34.47,7.139130763416477,1,1,0.7,9.584489819133205,0.36233559454325603,Low Risk,High Profit,3,1
0.0,25634.0,115.0,1.0,2.0,1.05,32.98,1176.0,392.0,12928.16,353.0,196.0,235.0,11641.94,6464.08,7750.3,0.377704025036655,0.525246279360727,0.27,16.0,4.72,1109.2,1254.67,-2013.48,-1117.96,-357.04,0.5,0.45,0.25,0.3,38784.48,-2233.81,-5.759546086475827,32.980000000000004,-1.8994982993197278,0,0,0.7,-0.32188965019834115,0.097049695602618,High Risk,Low Profit,2,0
0.0,25514.0,209.0,0.0,2.0,1.05,33.28,1492.0,395.0,13145.6,494.0,274.0,329.0,16440.32,9118.72,10949.12,0.222624632734805,0.388613134040497,0.28,12.0,3.54,1164.66,5110.51,1788.09,991.77,3091.94,0.36,0.45,0.25,0.3,49653.76,10982.310000000001,22.117781211332236,33.28,7.360797587131368,1,1,0.7,2.6548005426476395,0.38876223322469794,High Risk,High Profit,1,1
0.0,26363.0,230.0,1.0,3.0,1.04,39.07,944.0,244.0,9533.08,315.0,175.0,210.0,12307.05,6837.25,8204.7,0.386807536554989,0.548085522628389,0.29,17.0,5.02,1054.2,620.67,-2767.77,-1537.65,-520.02,0.35,0.45,0.25,0.3,36882.08,-4204.77,-11.400577190874268,39.07,-4.454205508474577,0,0,0.7,-0.49328400682982354,0.06510694081662194,High Risk,Low Profit,2,0
0.0,25273.0,233.0,3.0,3.0,1.04,35.47,1810.0,326.0,11563.22,668.0,371.0,445.0,23693.96,13159.37,15784.15,0.274782668221742,0.353325877268799,0.28,5.0,1.48,658.6,4300.26,2177.27,1209.23,5211.39,0.22,0.45,0.25,0.3,64200.700000000004,12898.150000000001,20.090357270247832,35.47,7.126049723756907,1,1,0.7,7.912830245976314,0.37189145450945893,Low Risk,High Profit,1,1
0.0,25799.0,17.0,0.0,1.0,1.03,40.97,1453.0,360.0,14749.2,492.0,273.0,328.0,20157.24,11184.81,13438.16,0.256673604026437,0.374815878807567,0.29,8.0,2.36,774.08,5435.24,1582.56,878.13,4178.02,0.33,0.45,0.25,0.3,59529.41,12073.95,20.28232767635359,40.97,8.309669649002066,1,1,0.7,5.397400785448533,0.3685105171659959,Low Risk,High Profit,1,1
0.0,25679.0,74.0,0.0,3.0,1.04,35.23,1472.0,405.0,14268.15,480.0,267.0,320.0,16910.4,9406.41,11273.6,0.23035262202844,0.405054507683963,0.31,11.0,3.25,1040.0,5202.07,923.19,513.52,3070.27,0.38,0.45,0.25,0.3,51858.560000000005,9709.050000000001,18.722174314134445,35.230000000000004,6.595822010869566,1,1,0.7,2.952182692307692,0.364592870287597,High Risk,High Profit,1,1
0.0,26530.0,11.0,3.0,2.0,1.05,32.53,1788.0,334.0,10865.02,654.0,364.0,436.0,21274.62,11840.92,14183.08,0.25713261788711,0.365716954646632,0.31,4.0,1.18,514.48,4097.75,1428.6,795.12,4834.67,0.23,0.45,0.25,0.3,58163.64,11156.14,19.180608366326453,32.53,6.239451901565995,1,1,0.7,9.397197169958016,0.37715042746625804,Low Risk,High Profit,1,1
0.0,26289.0,11.0,0.0,3.0,1.04,32.53,1605.0,450.0,14638.5,520.0,289.0,346.0,16915.6,9401.17,11255.38,0.217269171178341,0.380000990000553,0.28,13.0,3.84,1328.64,5436.3550000000005,2076.05,1153.8,3204.24,0.39,0.45,0.25,0.3,52210.649999999994,11870.445,22.73567749108659,32.529999999999994,7.395915887850467,1,1,0.7,2.4116690751445082,0.402729838821106,High Risk,High Profit,1,1
0.0,26330.0,109.0,1.0,3.0,1.04,39.35,825.0,248.0,9758.8,260.0,144.0,173.0,10231.0,5666.4,6807.55,0.392022967257071,0.486661771452054,0.29,8.0,2.36,408.28,1183.89,-1725.81,-955.84,417.58,0.43,0.45,0.25,0.3,32463.749999999996,-1080.1799999999998,-3.327342035347118,39.349999999999994,-1.3093090909090908,0,0,0.7,1.022778485353189,0.121315261290875,Low Risk,Low Profit,0,0
0.0,25885.0,207.0,1.0,1.0,1.03,34.32,1174.0,323.0,11085.36,383.0,213.0,255.0,13144.56,7310.16,8751.6,0.387164082087111,0.515003904979676,0.28,6.0,1.77,451.35,1084.5,-2394.52,-1331.68,404.84,0.38,0.45,0.25,0.3,40291.68,-2236.8599999999997,-5.551667242467923,34.32,-1.9053321976149913,0,0,0.7,0.8969535836933642,0.09783201293321309,Low Risk,Low Profit,2,0
0.0,26249.0,73.0,3.0,1.0,1.03,35.41,1436.0,249.0,8817.09,534.0,297.0,356.0,18908.94,10516.77,12605.96,0.213341122977436,0.359465803625062,0.32,4.0,1.18,420.08,3766.6,2026.91,1127.32,4965.1,0.21,0.45,0.25,0.3,50848.76,11885.93,23.375063620037146,35.410000000000004,8.277110027855153,1,1,0.7,11.819415349457248,0.427193073397502,Low Risk,High Profit,3,1
0.0,25888.0,230.0,3.0,3.0,1.04,41.3,1555.0,290.0,11977.0,569.0,316.0,380.0,23499.7,13050.8,15694.0,0.211456354279071,0.357483346411027,0.28,17.0,5.02,1907.6,5162.81,3549.87,1971.46,4857.46,0.23,0.45,0.25,0.3,64221.5,15541.599999999999,24.19999532866719,41.3,9.99459807073955,1,1,0.7,2.5463724051163767,0.431060299309902,High Risk,High Profit,1,1
0.0,25243.0,16.0,3.0,2.0,1.05,43.9,852.0,186.0,8165.4,300.0,166.0,200.0,13170.0,7287.4,8780.0,0.222447801288217,0.43631492650602,0.28,4.0,1.18,236.0,2786.34,806.49,446.26,2760.06,0.28,0.45,0.25,0.3,37402.8,6799.15,18.178184520944953,43.900000000000006,7.980223004694835,0,1,0.7,11.695169491525423,0.34123727220576305,Low Risk,High Profit,3,1
0.0,26335.0,14.0,0.0,1.0,1.03,37.85,1666.0,374.0,14155.9,581.0,323.0,388.0,21990.85,12225.55,14685.8,0.256328370049596,0.380535143613815,0.3,16.0,4.72,1831.36,5140.52,1388.43,771.88,3501.59,0.29,0.45,0.25,0.3,63058.100000000006,10802.420000000002,17.13089991610911,37.85,6.4840456182473,1,1,0.7,1.9120162065350343,0.3631364863365889,High Risk,High Profit,1,1
0.0,26133.0,209.0,1.0,2.0,1.05,43.17,2337.0,616.0,23020.373750000002,683.0,380.0,455.0,29485.11,16404.6,19642.35,0.381036338047124,0.471940107853152,0.3,12.0,3.54,1610.7,5198.2,-4510.53,-2509.52,1277.19,0.54,0.45,0.25,0.3,88552.43375,-544.6599999999999,-0.6150706162833157,37.89149925117672,-0.23305947796320062,1,0,0.7,0.7929409573477371,0.147023554099724,High Risk,Low Profit,2,0
0.0,25892.0,237.0,1.0,2.0,1.05,40.54,860.0,258.0,10459.32,271.0,150.0,181.0,10986.34,6081.0,7337.74,0.391001238534227,0.522507620276883,0.31,6.0,1.77,320.37,904.64,-2455.54,-1359.16,314.28,0.43,0.45,0.25,0.3,34864.4,-2595.7800000000007,-7.445359736579435,40.54,-3.0183488372093032,0,0,0.7,0.9809907294690513,0.08649114118889001,Low Risk,Low Profit,2,0
0.0,26377.0,16.0,0.0,3.0,1.04,38.11,1642.0,349.0,13300.39,582.0,323.0,388.0,22180.02,12309.53,14786.68,0.234164984412491,0.381075059808791,0.3,13.0,3.84,1489.92,5117.46,1879.98,1043.36,4199.4,0.27,0.45,0.25,0.3,62576.62,12240.2,19.56034058726726,38.11,7.454445797807552,1,1,0.7,2.818540592783505,0.384759955778718,High Risk,High Profit,1,1
0.0,25287.0,109.0,3.0,2.0,1.05,47.23,526.0,98.0,4628.54,193.0,107.0,128.0,9115.39,5053.61,6045.44,0.211309203915298,0.36264536564704,0.31,5.0,1.48,189.44,1971.97,1057.8,586.45,2386.19,0.23,0.45,0.25,0.3,24842.98,6002.41,24.161392876377956,47.23,11.411425855513308,0,1,0.7,12.596019847972974,0.42604543043766196,Low Risk,High Profit,3,1
0.0,25368.0,207.0,3.0,2.0,1.05,38.55,1561.0,341.0,13145.55,549.0,305.0,366.0,21163.95,11757.75,14109.3,0.266912924479693,0.354677672032267,0.32,5.0,1.48,541.68,4974.4,1236.17,686.76,4797.41,0.28,0.45,0.25,0.3,60176.55,11694.74,19.434048645194846,38.550000000000004,7.4918257527226135,1,1,0.7,8.856538915965146,0.37840940348804,Low Risk,High Profit,1,1
0.0,25451.0,11.0,0.0,2.0,1.05,41.44,984.0,300.0,12432.0,308.0,171.0,205.0,12763.52,7086.24,8495.2,0.222411846090108,0.436329520796426,0.32,11.0,3.25,666.25,4242.53,271.33,150.64,2232.81,0.44,0.45,0.25,0.3,40776.96000000001,6897.3099999999995,16.914723412436825,41.440000000000005,7.0094613821138205,0,1,0.7,3.3513095684803003,0.34125863311346594,High Risk,High Profit,0,1
0.0,25048.0,80.0,0.0,2.0,1.05,40.63,554.0,114.0,4631.82,198.0,110.0,132.0,8044.74,4469.3,5363.16,0.200429155789316,0.35453076865524,0.28,7.0,2.07,273.24,2061.35,1327.7,737.61,2113.58,0.26,0.45,0.25,0.3,22509.02,6240.24,27.723286042662004,40.63,11.263971119133574,0,1,0.7,7.735251061338017,0.445040075555444,Low Risk,High Profit,0,1
0.0,26503.0,233.0,0.0,0.0,1.0,36.75,1997.0,560.0,20580.0,647.0,359.0,431.0,23777.25,13193.25,15839.25,0.263923700116575,0.382818424794823,0.27,9.0,2.66,1146.46,5436.3550000000005,1979.64,1098.44,4448.88,0.39,0.45,0.25,0.3,73389.75,12963.315000000002,17.66365875343628,36.75,6.491394591887833,1,1,0.7,3.8805366083422013,0.35325787508860196,Low Risk,High Profit,1,1
0.0,25453.0,107.0,3.0,0.0,1.0,40.73,1883.0,423.0,17228.79,657.0,365.0,438.0,26759.61,14866.45,17839.74,0.2507327029109,0.355853980407119,0.33,4.0,1.18,516.84,5436.3550000000005,1696.92,942.73,6276.405000000001,0.29,0.45,0.25,0.3,76694.59000000001,14352.410000000002,18.713718920721785,40.730000000000004,7.622097716409985,1,1,0.7,12.14380659391688,0.393413316681981,Low Risk,High Profit,1,1
0.0,26020.0,9.0,3.0,2.0,1.05,44.75,1737.0,301.0,13469.75,646.0,359.0,431.0,28908.5,16065.25,19287.25,0.272589227110147,0.380867166561075,0.3,6.0,1.77,762.87,4667.86,1345.51,747.73,5921.0,0.21,0.45,0.25,0.3,77730.75,12682.1,16.315422146319186,44.75,7.301151410477836,1,1,0.7,7.761479675436182,0.346543606328778,Low Risk,High Profit,1,1
0.0,25295.0,114.0,1.0,3.0,1.04,43.59,1826.0,616.0,23020.373750000002,534.0,296.0,356.0,23277.06,12902.64,15518.04,0.373207673185971,0.532346804463305,0.31,8.0,2.36,840.16,2634.8,-5017.47,-2781.22,625.45,0.54,0.45,0.25,0.3,74718.11375,-4538.44,-6.074082671820659,40.91901081599124,-2.4854545454545454,1,0,0.7,0.7444415349457247,0.09444552235072412,Low Risk,Low Profit,2,0
0.0,26671.0,10.0,1.0,3.0,1.04,42.22,1874.0,616.0,23020.373750000002,555.0,308.0,370.0,23432.1,13003.76,15621.4,0.394817593600601,0.498372889729217,0.3,9.0,2.66,984.2,2890.59,-4526.86,-2512.2,684.31,0.52,0.45,0.25,0.3,75077.63375000001,-3464.1599999999994,-4.614103864188446,40.06277147812167,-1.8485378868729987,1,0,0.7,0.695295671611461,0.10680951667018201,Low Risk,Low Profit,2,0
0.0,26024.0,80.0,0.0,1.0,1.03,43.59,1346.0,363.0,15823.17,442.0,246.0,295.0,19266.78,10723.14,12859.05,0.245329592768103,0.43988708013203,0.29,14.0,4.13,1218.35,4980.87,477.49,265.76,2829.46,0.37,0.45,0.25,0.3,58672.14,8553.58,14.578605791436958,43.589999999999996,6.35481426448737,1,1,0.7,2.322370419009316,0.314783327099867,High Risk,Medium Profit,1,1
0.0,26308.0,74.0,3.0,1.0,1.03,40.48,654.0,143.0,5788.64,230.0,128.0,153.0,9310.4,5181.44,6193.44,0.250099211297929,0.40528278448619,0.28,13.0,3.84,587.52,1994.87,601.62,334.81,1546.85,0.28,0.45,0.25,0.3,26473.92,4478.15,16.915326479795965,40.48,6.847324159021406,0,0,0.7,2.6328465413943354,0.34461800421588107,High Risk,High Profit,0,0
0.0,26269.0,72.0,3.0,3.0,1.04,46.32,1416.0,264.0,12228.48,518.0,288.0,346.0,23993.76,13340.16,16026.72,0.253642575778067,0.438303783792071,0.29,13.0,3.84,1328.64,3767.03,433.17,240.84,3608.45,0.23,0.45,0.25,0.3,65589.12,8049.49,12.272599479913742,46.31999999999999,5.684668079096045,1,1,0.7,2.7158974590558764,0.30805364042986194,High Risk,Medium Profit,1,1
0.0,25056.0,72.0,3.0,1.0,1.03,42.74,1118.0,209.0,8932.66,409.0,227.0,273.0,17480.66,9701.98,11668.02,0.265899494551122,0.386587538965978,0.31,13.0,3.84,1048.32,3104.22,655.75,363.95,3006.47,0.23,0.45,0.25,0.3,47783.32000000001,7130.389999999999,14.922341101455483,42.74000000000001,6.377808586762074,1,1,0.7,2.8678933913308913,0.3475129664829,High Risk,Medium Profit,1,1
0.0,25664.0,12.0,1.0,2.0,1.05,33.27,2067.0,547.0,18198.69,684.0,380.0,456.0,22756.68,12642.6,15171.12,0.371119313745294,0.5243249097839,0.3,6.0,1.77,807.12,1902.78,-4447.66,-2470.92,779.11,0.36,0.45,0.25,0.3,68769.09,-4236.6900000000005,-6.160747510254972,33.269999999999996,-2.049680696661829,1,0,0.7,0.9652963623748637,0.10455577647080605,Low Risk,Low Profit,2,0
0.0,25098.0,236.0,3.0,2.0,1.05,32.49,1402.0,271.0,8804.79,509.0,283.0,339.0,16537.41,9194.67,11014.11,0.266895290240645,0.420822645397857,0.32,12.0,3.54,1200.06,2749.58,-127.63,-70.96,2239.45,0.24,0.45,0.25,0.3,45550.98,4790.44,10.51665628269688,32.49,3.4168616262482168,1,0,0.7,1.8661150275819542,0.31228206436149797,High Risk,Medium Profit,1,0
0.0,26272.0,15.0,1.0,2.0,1.05,40.98,1981.0,616.0,23020.373750000002,579.0,322.0,386.0,23727.42,13195.56,15818.28,0.352443372423295,0.465550076309592,0.29,14.0,4.13,1594.18,5176.29,-2562.41,-1425.03,1284.85,0.54,0.45,0.25,0.3,75761.63375,2473.7,3.265109102798354,38.24413616860171,1.2487127713276123,1,0,0.7,0.8059629401949591,0.18200655126711296,High Risk,Low Profit,2,0
0.0,25952.0,233.0,3.0,0.0,1.0,38.99,1361.0,236.0,9201.64,506.0,281.0,338.0,19728.94,10956.19,13178.62,0.220859476216137,0.38831839018967,0.31,13.0,3.84,1297.92,3596.2,1594.54,885.5,3852.58,0.21,0.45,0.25,0.3,53065.39,9928.82,18.710538073874517,38.99,7.295238795003674,1,1,0.7,2.9682723126232737,0.39082213359419304,High Risk,High Profit,1,1
0.0,26638.0,80.0,3.0,2.0,1.05,42.95,1770.0,342.0,14688.9,643.0,357.0,428.0,27616.85,15333.15,18382.6,0.249971202947199,0.427493211836554,0.32,13.0,3.84,1643.52,4737.69,70.02,38.88,4285.52,0.24,0.45,0.25,0.3,76021.5,9132.11,12.012535927336346,42.95,5.159384180790961,1,1,0.7,2.60752531152648,0.32253558521624703,High Risk,Medium Profit,1,1
0.0,26678.0,13.0,1.0,3.0,1.04,32.08,1076.0,296.0,9495.68,351.0,195.0,234.0,11260.08,6255.6,7506.72,0.398038577020634,0.502873965259641,0.29,14.0,4.13,966.42,940.9,-2149.69,-1194.27,-222.6,0.38,0.45,0.25,0.3,34518.08,-2625.66,-7.6066223845590475,32.08,-2.4402044609665428,0,0,0.7,-0.23033463711429814,0.09908745771972494,High Risk,Low Profit,2,0
0.0,25549.0,16.0,1.0,0.0,1.0,36.24,2259.0,616.0,23020.373750000002,660.0,367.0,440.0,23918.4,13300.08,15945.6,0.395926966192201,0.537365405936725,0.3,6.0,1.77,778.8,1914.65,-5579.98,-3090.4475,284.89,0.54,0.45,0.25,0.3,76184.45375000002,-6470.8875,-8.493711225172365,33.724857791058,-2.86449203187251,1,0,0.7,0.36580636877247047,0.06670762787107398,Low Risk,Low Profit,2,0
0.0,25711.0,230.0,1.0,3.0,1.04,34.78,2294.0,616.0,23020.373750000002,693.0,385.0,462.0,24102.54,13390.3,16068.36,0.361362559814006,0.486428520735353,0.28,5.0,1.48,683.76,3991.54,-3080.09,-1711.16,1761.99,0.49,0.45,0.25,0.3,76581.57375000001,962.2799999999997,1.2565424721374305,33.38342360505668,0.4194768962510897,1,0,0.7,2.576912951912952,0.15220891945064108,Low Risk,Low Profit,2,0
0.0,25916.0,80.0,2.0,3.0,1.04,42.82,1305.0,85.0,3639.7,549.0,305.0,366.0,23508.18,13060.1,15672.12,0.266825651482213,0.24523503716918582,0.33,15.0,4.43,1621.38,1827.44,4045.41,2247.45,6247.36,0.07,0.45,0.25,0.3,55880.100000000006,14367.66,25.7115860565747,42.82000000000001,11.009701149425288,1,1,0.7,3.853112780470956,0.48793931134860125,High Risk,High Profit,1,1
0.0,26280.0,231.0,0.0,2.0,1.05,36.28,956.0,220.0,7981.6,331.0,184.0,221.0,12008.68,6675.52,8017.88,0.236116115953773,0.406607018969953,0.32,7.0,2.07,457.47,2851.64,447.65,248.84,2407.13,0.3,0.45,0.25,0.3,34683.68,5955.26,17.170208005609556,36.28,6.229351464435147,0,1,0.7,5.261831376920891,0.357276865076274,Low Risk,High Profit,0,1
0.0,25797.0,79.0,3.0,1.0,1.03,43.64,1482.0,324.0,14139.36,521.0,290.0,347.0,22736.44,12655.6,15143.08,0.245809584632516,0.388785904622637,0.27,4.0,1.18,409.46,5166.59,2169.16,1207.4,5123.89,0.28,0.45,0.25,0.3,64674.48,13667.04,21.13204466429417,43.64,9.222024291497977,1,1,0.7,12.513774239241929,0.3654045107448469,Low Risk,High Profit,3,1
0.0,25554.0,77.0,2.0,0.0,1.0,38.48,888.0,25.0,962.0,388.0,216.0,259.0,14930.24,8311.68,9966.32,0.264472639421001,0.28690854946617,0.28,13.0,3.84,994.56,431.57,2517.52,1401.51,3476.52,0.03,0.45,0.25,0.3,34170.24,7827.120000000001,22.906248244086086,38.48,8.814324324324325,0,1,0.7,3.4955357142857144,0.448618811112829,High Risk,High Profit,0,1
0.0,25434.0,237.0,2.0,1.0,1.03,31.95,1561.0,74.0,2364.3,669.0,372.0,446.0,21374.55,11885.4,14249.7,0.296564737323206,0.310099168575834,0.32,5.0,1.48,660.08,929.96,1567.53,871.63,4944.84,0.05,0.45,0.25,0.3,49873.95,8313.96,16.669944931171482,31.95,5.326047405509288,1,1,0.7,7.491273784995758,0.39333609410096004,Low Risk,High Profit,1,1
0.0,26284.0,72.0,1.0,3.0,1.04,34.17,1860.0,616.0,21732.12,551.0,306.0,367.0,18827.67,10456.02,12540.39,0.351476474502124,0.466235793032683,0.31,11.0,3.25,1192.75,3961.5,-2404.52,-1335.36,1093.21,0.52,0.45,0.25,0.3,63556.2,1314.8300000000002,2.068767484525507,34.17,0.7068978494623657,1,0,0.7,0.9165457975267239,0.18228773246519303,High Risk,Low Profit,2,0
0.0,26567.0,109.0,3.0,2.0,1.05,35.83,1452.0,317.0,11358.11,511.0,284.0,340.0,18309.13,10175.72,12182.2,0.224479051977396,0.441456094151363,0.3,11.0,3.25,1105.0,3794.35,623.7,346.63,2964.64,0.28,0.45,0.25,0.3,52025.16,7729.32,14.856888474730301,35.830000000000005,5.323223140495868,1,1,0.7,2.6829321266968327,0.33406485387124096,High Risk,Medium Profit,1,1
0.0,25841.0,14.0,2.0,1.0,1.03,43.79,1051.0,68.0,2977.72,442.0,246.0,295.0,19355.18,10772.34,12918.05,0.274847667873837,0.252528993401211,0.31,13.0,3.84,1132.8,1407.34,3147.6,1751.83,4972.57,0.07,0.45,0.25,0.3,46023.29000000001,11279.34,24.507895893579096,43.790000000000006,10.732007611798288,1,1,0.7,4.389627471751412,0.472623338724952,High Risk,High Profit,1,1
0.0,25234.0,115.0,3.0,2.0,1.05,32.29,935.0,192.0,6199.68,334.0,186.0,223.0,10784.86,6005.94,7200.67,0.276884880065918,0.446010593674146,0.32,9.0,2.66,593.18,1717.96,-462.62,-257.63,1402.16,0.26,0.45,0.25,0.3,30191.15,2399.8700000000003,7.948918805676499,32.29,2.5667058823529416,0,0,0.7,2.3638018813850774,0.277104526259936,Low Risk,Medium Profit,0,0
0.0,26369.0,17.0,3.0,0.0,1.0,37.02,1109.0,249.0,9217.98,387.0,215.0,258.0,14326.74,7959.3,9551.16,0.239561068043113,0.365068233245984,0.29,7.0,2.07,534.06,3644.52,1509.62,838.68,3242.19,0.29,0.45,0.25,0.3,41055.18,9235.01,22.494140812438285,37.02,8.327330928764653,0,1,0.7,6.070834737669926,0.395370698710903,Low Risk,High Profit,1,1
0.0,25157.0,110.0,0.0,3.0,1.04,34.2,688.0,159.0,5437.8,238.0,132.0,159.0,8139.6,4514.4,5437.8,0.236957102157176,0.352045321743935,0.29,13.0,3.84,610.56,2234.92,984.87,546.23,1624.36,0.3,0.45,0.25,0.3,23529.600000000002,5390.38,22.908931728546168,34.2,7.834854651162791,0,1,0.7,2.6604428721174007,0.410997576098889,High Risk,High Profit,0,1
0.0,25683.0,212.0,1.0,2.0,1.05,36.03,1564.0,541.0,19492.23,460.0,256.0,307.0,16573.8,9223.68,11061.21,0.350697084167041,0.538399680703878,0.32,18.0,5.31,1630.17,2161.75,-3465.53,-1928.64,-403.45,0.53,0.45,0.25,0.3,56350.92,-3635.87,-6.452192794722783,36.03,-2.3247250639386188,1,0,0.7,-0.247489525632296,0.11090323512908107,High Risk,Low Profit,2,0
0.0,26656.0,72.0,0.0,3.0,1.04,36.03,1779.0,490.0,17654.7,580.0,322.0,387.0,20897.4,11601.66,13943.61,0.205670053847134,0.393928523105569,0.29,14.0,4.13,1598.31,5436.3550000000005,2307.1,1280.84,3984.73,0.38,0.45,0.25,0.3,64097.37000000001,13009.025,20.295723521885527,36.03000000000001,7.3125491849353565,1,1,0.7,2.493089575864507,0.400401423047297,High Risk,High Profit,1,1
0.0,26171.0,109.0,0.0,3.0,1.04,32.71,1073.0,228.0,7457.88,380.0,211.0,254.0,12429.8,6901.81,8308.34,0.252243951316923,0.388911581528373,0.31,11.0,3.25,825.5,2676.22,607.13,337.12,2155.9,0.27,0.45,0.25,0.3,35097.83,5776.37,16.45791207034737,32.71,5.383383038210624,0,1,0.7,2.6116293155663235,0.35884446715470397,High Risk,High Profit,0,1
0.0,25847.0,233.0,2.0,0.0,1.0,34.17,817.0,60.0,2050.2,341.0,189.0,227.0,11651.97,6458.13,7756.59,0.286487936391495,0.282257170125376,0.29,11.0,3.25,737.75,884.16,1645.9,912.24,2607.32,0.08,0.45,0.25,0.3,27916.89,6049.620000000001,21.67010723615704,34.17,7.40467564259486,0,1,0.7,3.534151135208404,0.43125489348312906,High Risk,High Profit,0,1
0.0,26253.0,209.0,0.0,2.0,1.05,40.69,1604.0,424.0,17252.56,531.0,295.0,354.0,21606.39,12003.55,14404.26,0.202886239923537,0.41931969486177,0.28,17.0,5.02,1777.08,5436.3550000000005,2112.98,1173.88,3664.76,0.36,0.45,0.25,0.3,65266.76,12387.975,18.98052699413913,40.69,7.723176433915212,1,1,0.7,2.062236927994238,0.37779406521469294,High Risk,High Profit,1,1
0.0,25689.0,209.0,0.0,1.0,1.03,33.55,583.0,127.0,4260.85,205.0,114.0,137.0,6877.75,3824.7,4596.35,0.278869404383004,0.401834239251912,0.27,12.0,3.54,484.98,1360.47,339.05,188.54,982.62,0.28,0.45,0.25,0.3,19559.65,2870.68,14.676540735647109,33.550000000000004,4.923979416809606,0,0,0.7,2.0261041692440926,0.319296356365084,High Risk,Medium Profit,0,0
0.0,26175.0,234.0,3.0,2.0,1.05,35.36,1437.0,268.0,9476.48,526.0,292.0,351.0,18599.36,10325.12,12411.36,0.25149632409215,0.380554727022536,0.3,13.0,3.84,1347.84,3486.86,1263.81,701.58,3218.91,0.23,0.45,0.25,0.3,50812.32,8671.16,17.065073982057893,35.36,6.034210160055672,1,1,0.7,2.3881988960113962,0.36794894888531404,High Risk,High Profit,1,1
0.0,26296.0,115.0,3.0,3.0,1.04,35.53,863.0,183.0,6501.99,306.0,170.0,204.0,10872.18,6040.1,7248.12,0.227525226604193,0.439100263384171,0.31,10.0,2.95,601.8,2167.6,254.13,141.18,1814.54,0.27,0.45,0.25,0.3,30662.389999999996,4377.45,14.276284399226547,35.529999999999994,5.072363847045191,0,0,0.7,3.015187770023264,0.333374510011636,Low Risk,Medium Profit,0,0
0.0,25205.0,111.0,0.0,0.0,1.0,34.14,558.0,111.0,3789.54,201.0,112.0,134.0,6862.14,3823.68,4574.76,0.235506526790559,0.417362198419869,0.28,13.0,3.84,514.56,1315.47,460.66,256.69,1073.48,0.25,0.45,0.25,0.3,19050.120000000003,3106.3,16.305934030861746,34.14000000000001,5.566845878136201,0,0,0.7,2.086209577114428,0.34713127478957206,High Risk,High Profit,0,0
0.0,26500.0,206.0,0.0,2.0,1.05,34.63,645.0,174.0,6025.62,212.0,118.0,141.0,7341.56,4086.34,4882.83,0.261287534516305,0.379190825647674,0.3,16.0,4.72,665.52,2166.34,436.98,243.23,1089.96,0.37,0.45,0.25,0.3,22336.35,3936.51,17.623783653103576,34.629999999999995,6.103116279069768,0,0,0.7,1.6377569419401372,0.35952163983602103,High Risk,High Profit,0,0
0.0,25733.0,208.0,1.0,1.0,1.03,41.97,1988.0,588.0,23020.373750000002,630.0,350.0,420.0,26441.1,14689.5,17627.4,0.372292826755438,0.542617245507427,0.27,9.0,2.66,1117.2,2099.88,-4889.23,-2716.24,382.71,0.42,0.45,0.25,0.3,81778.37375,-5122.879999999999,-6.264345651652188,41.13600289235412,-2.576901408450704,1,0,0.7,0.3425617615467239,0.08508992773713508,Low Risk,Low Profit,2,0
0.0,26058.0,72.0,3.0,1.0,1.03,41.0,724.0,140.0,5740.0,263.0,146.0,175.0,10783.0,5986.0,7175.0,0.244181077126414,0.406234253034927,0.31,15.0,4.43,775.25,2006.62,426.84,236.95,1733.02,0.24,0.45,0.25,0.3,29684.0,4403.43,14.834355208192967,41.0,6.082085635359117,0,0,0.7,2.2354337310544987,0.349584669838659,High Risk,Medium Profit,0,0
0.0,25210.0,78.0,3.0,0.0,1.0,44.41,1500.0,260.0,11546.6,558.0,310.0,372.0,24780.78,13767.1,16520.52,0.24405518066138,0.412344996677712,0.32,14.0,4.13,1536.36,3967.41,584.82,324.9,4140.09,0.21,0.45,0.25,0.3,66615.0,9017.22,13.53632064850259,44.41,6.01148,1,1,0.7,2.6947395141763653,0.34359982266090805,High Risk,Medium Profit,1,1
0.0,26624.0,78.0,1.0,3.0,1.04,45.44,976.0,263.0,11950.72,321.0,178.0,214.0,14586.24,8088.32,9724.16,0.379812815610785,0.547967098210938,0.27,6.0,1.77,378.78,863.08,-2884.87,-1599.71,323.5,0.37,0.45,0.25,0.3,44349.44,-3298.0,-7.436396040175479,45.440000000000005,-3.3790983606557377,0,0,0.7,0.8540577644014996,0.07222008617827691,Low Risk,Low Profit,2,0
0.0,26666.0,109.0,0.0,0.0,1.0,30.13,942.0,254.0,7653.02,310.0,172.0,206.0,9340.3,5182.36,6206.78,0.23328559845686,0.435655094264075,0.31,5.0,1.48,304.88,2533.6,196.7,109.14,1749.93,0.37,0.45,0.25,0.3,28382.46,4589.37,16.16974004367486,30.13,4.871942675159236,0,0,0.7,5.73973366570454,0.33105930727906496,Low Risk,High Profit,0,0
0.0,26544.0,108.0,0.0,0.0,1.0,37.97,764.0,237.0,8998.89,237.0,132.0,158.0,8998.89,5012.04,5999.26,0.250163233075291,0.400088280905038,0.32,13.0,3.84,606.72,3147.35,267.7,149.1,1491.51,0.45,0.45,0.25,0.3,29009.08,5055.66,17.427853623761937,37.97,6.617356020942408,0,1,0.7,2.4583168512658227,0.349748486019671,High Risk,High Profit,0,1
0.0,26467.0,211.0,2.0,0.0,1.0,35.27,654.0,31.0,1093.37,280.0,156.0,187.0,9875.6,5502.12,6595.49,0.29014265530277,0.31063922084868,0.27,11.0,3.25,607.75,436.49,1276.11,710.97,2025.29,0.05,0.45,0.25,0.3,23066.58,4448.86,19.28703778366797,35.27,6.802538226299694,0,0,0.7,3.3324393253805016,0.39921812384854993,High Risk,High Profit,0,0
0.0,26064.0,112.0,0.0,1.0,1.03,37.53,815.0,173.0,6492.69,289.0,160.0,193.0,10846.17,6004.8,7243.29,0.236922437045723,0.421518147201277,0.31,4.0,1.18,227.74,2217.64,342.3,189.51,2246.27,0.27,0.45,0.25,0.3,30586.95,4995.719999999999,16.332847832163715,37.53,6.129717791411042,0,1,0.7,9.863309036620707,0.341559415753,Low Risk,High Profit,3,1
0.0,25821.0,114.0,1.0,0.0,1.0,43.95,1767.0,604.0,23020.373750000002,523.0,291.0,349.0,22985.85,12789.45,15338.55,0.372618224634789,0.490142874442972,0.29,18.0,5.31,1853.19,3643.12,-3511.34,-1953.73,251.86,0.52,0.45,0.25,0.3,74134.22375,-1570.0900000000001,-2.117901720121538,41.95485215053764,-0.8885625353706849,1,0,0.7,0.1359061941840826,0.137238900922239,High Risk,Low Profit,2,0
0.0,26550.0,113.0,2.0,2.0,1.05,36.91,1669.0,109.0,4023.19,702.0,390.0,468.0,25910.82,14394.9,17273.88,0.292186635581311,0.24523503716918582,0.27,18.0,5.31,1974.58125,2041.82,5891.193749999999,3234.4325,6276.405000000001,0.07,0.45,0.25,0.3,61602.78999999999,17443.85125,28.316657816959268,36.91,10.451678400239665,1,1,0.7,3.178600526060906,0.4625783272495032,High Risk,High Profit,1,1
0.0,25461.0,230.0,2.0,0.0,1.0,43.34,1312.0,85.0,3683.9,552.0,307.0,368.0,23923.68,13305.38,15949.12,0.272898288373835,0.28623418204952,0.32,11.0,3.25,1196.0,1624.11,2891.6,1608.19,5835.45,0.07,0.45,0.25,0.3,56862.08,11959.349999999999,21.03220634911702,43.34,9.115358231707315,1,1,0.7,4.879138795986622,0.440867529576645,High Risk,High Profit,1,1
0.0,26553.0,208.0,0.0,0.0,1.0,39.57,1278.0,287.0,11356.59,446.0,248.0,297.0,17648.22,9813.36,11752.29,0.229424154255539,0.43789301731158,0.33,6.0,1.77,525.69,3778.14,47.35,26.33,3384.1,0.29,0.45,0.25,0.3,50570.46,7235.92,14.3085904300653,39.57,5.661909233176839,1,1,0.7,6.437444121059939,0.332682828432881,Low Risk,Medium Profit,1,1
0.0,26634.0,76.0,1.0,1.0,1.03,43.9,1343.0,397.0,17428.3,426.0,236.0,284.0,18701.4,10360.4,12467.6,0.376072446699254,0.475723231676966,0.28,3.0,0.89,252.76,2582.95,-2464.76,-1365.46,1594.99,0.42,0.45,0.25,0.3,58957.7,347.7199999999996,0.5897787735953058,43.9,0.2589128816083392,1,0,0.7,6.310294350371895,0.14820432162378006,Low Risk,Low Profit,2,0
0.0,26191.0,233.0,3.0,0.0,1.0,30.26,1335.0,231.0,6990.06,497.0,276.0,331.0,15039.22,8351.76,10016.06,0.256929046288133,0.400165946595371,0.33,5.0,1.48,489.88,2396.93,194.08,107.78,2944.68,0.21,0.45,0.25,0.3,40397.1,5643.469999999999,13.969987944679197,30.259999999999998,4.227318352059925,0,1,0.7,6.011023107699844,0.34290500711649596,Low Risk,Medium Profit,1,1
0.0,26030.0,77.0,0.0,3.0,1.04,44.95,1893.0,587.0,23020.373750000002,588.0,326.0,392.0,26430.6,14653.7,17620.4,0.272363112736493,0.42031517776195,0.3,7.0,2.07,811.44,5436.3550000000005,193.52,107.29,4603.69,0.45,0.45,0.25,0.3,81725.07375000001,10340.855,12.653221986232834,43.172252377179085,5.462680929741151,1,1,0.7,5.673481711525189,0.307321709501557,Low Risk,Medium Profit,1,1
0.0,25709.0,236.0,3.0,3.0,1.04,34.47,1194.0,261.0,8996.67,420.0,233.0,280.0,14477.4,8031.51,9651.6,0.264220881983638,0.392079221224412,0.29,13.0,3.84,1075.2,3092.15,777.43,431.29,2242.05,0.28,0.45,0.25,0.3,41157.18,6542.92,15.897396274477504,34.47,5.479832495812396,0,1,0.7,2.085239955357143,0.34369989679195,High Risk,High Profit,1,1
0.0,25629.0,234.0,0.0,1.0,1.03,31.54,1028.0,272.0,8578.88,340.0,189.0,227.0,10723.6,5961.06,7159.58,0.237896356582642,0.370157764805481,0.32,17.0,5.02,1139.54,3362.46,771.52,428.87,1666.63,0.36,0.45,0.25,0.3,32423.120000000003,6229.48,19.213080049051413,31.540000000000003,6.059805447470817,0,1,0.7,1.4625462906084914,0.391945878611877,High Risk,High Profit,0,1
0.0,26113.0,17.0,0.0,2.0,1.05,38.68,1118.0,295.0,11410.6,370.0,206.0,247.0,14311.6,7968.08,9553.96,0.247202175743878,0.357885528006591,0.28,14.0,4.13,1020.11,4506.19,1644.58,915.63,2752.87,0.36,0.45,0.25,0.3,43244.24,9819.27,22.706538489287826,38.68,8.78288908765653,0,1,0.7,2.6986011312505513,0.39491229624953095,High Risk,High Profit,1,1
0.0,25548.0,76.0,1.0,0.0,1.0,42.37,1039.0,275.0,11651.75,344.0,191.0,229.0,14575.28,8092.67,9702.73,0.398462304950226,0.525687976041809,0.3,14.0,4.13,945.77,883.78,-3267.05,-1813.97,-209.82,0.36,0.45,0.25,0.3,44022.42999999999,-4407.06,-10.010942149263457,42.36999999999999,-4.241636188642926,0,0,0.7,-0.22185097856772787,0.075849719007965,High Risk,Low Profit,2,0
0.0,26562.0,210.0,3.0,2.0,1.05,40.77,530.0,95.0,3873.15,196.0,109.0,130.0,7990.92,4443.93,5300.1,0.271988562624902,0.414969183690846,0.32,7.0,2.07,269.1,1212.46,-55.6,-30.92,1390.06,0.22,0.45,0.25,0.3,21608.1,2516.0,11.643781729999398,40.769999999999996,4.747169811320755,0,0,0.7,5.165589000371608,0.313042253684252,Low Risk,Medium Profit,0,0
0.0,26682.0,78.0,0.0,0.0,1.0,37.19,1487.0,393.0,14615.67,492.0,274.0,328.0,18297.48,10190.06,12198.32,0.26696758216247,0.434124010475352,0.3,15.0,4.43,1453.04,4368.75,-19.97,-11.12,2193.14,0.36,0.45,0.25,0.3,55301.53,6530.799999999999,11.80943818371752,37.19,4.391930060524546,1,1,0.7,1.5093459230303363,0.29890840736217794,High Risk,Medium Profit,1,1
0.0,25835.0,210.0,1.0,3.0,1.04,32.7,1247.0,336.0,10987.2,410.0,228.0,273.0,13407.0,7455.6,8927.1,0.392805652704556,0.510969362407923,0.29,16.0,4.72,1288.56,1057.24,-2597.94,-1444.71,-429.55,0.37,0.45,0.25,0.3,40776.9,-3414.96,-8.374741581630776,32.7,-2.738540497193264,0,0,0.7,-0.3333566151362762,0.09622498488752096,High Risk,Low Profit,2,0
0.0,25472.0,234.0,1.0,3.0,1.04,41.22,1904.0,616.0,23020.373750000002,557.0,309.0,371.0,22959.54,12736.98,15292.62,0.399503626895603,0.522762945154682,0.31,15.0,4.43,1643.53,2137.18,-5332.73,-2958.37,-454.78,0.54,0.45,0.25,0.3,74009.51375,-6608.7,-8.929527658192457,38.87054293592437,-3.470955882352941,1,0,0.7,-0.276709278199972,0.07773342794971505,High Risk,Low Profit,2,0
0.0,26565.0,73.0,0.0,3.0,1.04,36.36,892.0,250.0,9090.0,289.0,160.0,193.0,10508.04,5817.6,7017.48,0.201447498872876,0.406881635729223,0.31,12.0,3.54,683.22,3560.29,858.2,475.13,2065.32,0.39,0.45,0.25,0.3,32433.12,6958.9400000000005,21.456276793598644,36.36,7.801502242152467,0,1,0.7,3.0229208746816547,0.3916708653979011,High Risk,High Profit,0,1
0.0,25353.0,77.0,0.0,0.0,1.0,36.75,616.0,169.0,6210.75,201.0,112.0,134.0,7386.75,4116.0,4924.5,0.203970046825707,0.40808353566099,0.32,9.0,2.66,356.44,2409.44,501.9,279.67,1554.0,0.38,0.45,0.25,0.3,22638.0,4745.01,20.96037635833554,36.75,7.702938311688312,0,0,0.7,4.359780047132757,0.38794641751330305,Low Risk,High Profit,0,0
0.0,25515.0,78.0,1.0,2.0,1.05,43.36,2194.0,616.0,23020.373750000002,658.0,366.0,439.0,28530.88,15869.76,19035.04,0.369602838286664,0.490447119437158,0.31,3.0,0.89,390.71,4435.88,-4851.67,-2698.65,2273.24,0.5,0.45,0.25,0.3,86456.05374999999,-841.2000000000003,-0.9729798707126397,39.405676276207835,-0.38340929808568835,1,0,0.7,5.818228353510276,0.1399500422761779,Low Risk,Low Profit,2,0
0.0,26121.0,205.0,3.0,1.0,1.03,39.09,1033.0,186.0,7270.74,381.0,212.0,254.0,14893.29,8287.08,9928.86,0.203553366139531,0.365151353762485,0.31,9.0,2.66,675.64,3135.84,1806.49,1005.18,3606.63,0.22,0.45,0.25,0.3,40379.97,9554.14,23.660592120301228,39.09,9.248925459825749,0,1,0.7,5.338094251376473,0.431295280097984,Low Risk,High Profit,1,1
0.0,26042.0,238.0,1.0,2.0,1.05,31.66,604.0,169.0,5350.54,196.0,109.0,130.0,6205.36,3450.94,4115.8,0.387936294206884,0.465761834406294,0.29,4.0,1.18,153.4,782.79,-891.7,-495.89,448.75,0.39,0.45,0.25,0.3,19122.64,-156.05000000000007,-0.8160484117255781,31.66,-0.258360927152318,0,0,0.7,2.9253585397653192,0.14630187138682205,Low Risk,Low Profit,0,0
0.0,26531.0,14.0,1.0,1.0,1.03,33.65,2229.0,616.0,23020.373750000002,652.0,362.0,434.0,21939.8,12181.3,14604.1,0.364005263929721,0.480285178474151,0.31,4.0,1.18,512.12,4092.15,-3385.1,-1879.46,1761.88,0.54,0.45,0.25,0.3,71745.57375000001,589.4700000000003,0.821611660747225,32.18733681022881,0.2644549125168238,1,0,0.7,3.4403655393267205,0.15570955759612803,Low Risk,Low Profit,2,0
0.0,26046.0,76.0,3.0,3.0,1.04,36.88,1752.0,372.0,13719.36,621.0,345.0,414.0,22902.48,12723.6,15268.32,0.214621344208717,0.352614082256332,0.32,13.0,3.84,1589.76,5436.3550000000005,2582.59,1434.77,5017.83,0.27,0.45,0.25,0.3,64613.759999999995,14471.545,22.397001815093258,36.879999999999995,8.260014269406392,1,1,0.7,3.156344353864734,0.432764573534951,High Risk,High Profit,1,1
0.0,25480.0,234.0,1.0,0.0,1.0,31.8,917.0,280.0,8904.0,287.0,159.0,191.0,9126.6,5056.2,6073.8,0.352518945711199,0.532947250339203,0.29,15.0,4.43,846.13,1019.81,-1601.41,-887.19,-150.47,0.44,0.45,0.25,0.3,29160.6,-1619.2600000000002,-5.55290357537225,31.799999999999997,-1.7658233369683753,0,0,0.7,-0.17783319348090718,0.114533803949598,High Risk,Low Profit,0,0
0.0,25239.0,210.0,3.0,2.0,1.05,37.51,1410.0,263.0,9865.13,516.0,287.0,344.0,19355.16,10765.37,12903.44,0.203787863515317,0.391328164888546,0.33,10.0,2.95,1014.8,3994.23,1449.39,806.15,4209.6,0.23,0.45,0.25,0.3,52889.100000000006,10459.369999999999,19.776040809921135,37.510000000000005,7.417992907801418,1,1,0.7,4.148206543161215,0.404883971596137,Low Risk,High Profit,1,1
0.0,25846.0,17.0,3.0,2.0,1.05,47.16,1190.0,274.0,12921.84,412.0,229.0,275.0,19429.92,10799.64,12969.0,0.212298370189965,0.353666315111332,0.28,6.0,1.77,486.75,5436.3550000000005,2992.89,1663.53,5142.25,0.3,0.45,0.25,0.3,56120.399999999994,15235.025000000001,27.14703565904734,47.16,12.802542016806724,1,1,0.7,10.564458140729327,0.43403531469870305,Low Risk,High Profit,3,1
0.0,26615.0,114.0,2.0,1.0,1.03,42.6,1391.0,66.0,2811.6,596.0,331.0,398.0,25389.6,14100.6,16954.8,0.253053117392119,0.24523503716918582,0.3,3.0,0.89,354.22,1412.68,5140.01,2854.6,6276.405000000001,0.05,0.45,0.25,0.3,59256.59999999999,15683.695000000002,26.46742303810884,42.599999999999994,11.275122214234365,1,1,0.7,17.718945852859804,0.5017118454386952,Low Risk,High Profit,3,1
0.0,25121.0,208.0,1.0,2.0,1.05,32.36,2057.0,533.0,17247.88,686.0,381.0,457.0,22198.96,12329.16,14788.52,0.380920616758522,0.516802579420619,0.32,15.0,4.43,1974.58125,1764.06,-4833.23,-2684.34,-511.99,0.35,0.45,0.25,0.3,66564.52,-6265.5,-9.412672096185776,32.36,-3.045940690325717,1,0,0.7,-0.25929041917115336,0.10227680382085902,High Risk,Low Profit,2,0
0.0,25242.0,235.0,1.0,2.0,1.05,40.49,1561.0,506.0,20487.94,475.0,264.0,316.0,19232.75,10689.36,12794.84,0.390296198741999,0.518385925423354,0.29,13.0,3.84,1213.44,1870.92,-3821.2,-2123.78,-45.04,0.48,0.45,0.25,0.3,63204.89,-4119.1,-6.517059044007513,40.49,-2.6387572069186422,1,0,0.7,-0.03711761603375527,0.0913178758346469,High Risk,Low Profit,2,0
0.0,26496.0,80.0,1.0,1.0,1.03,42.42,1473.0,464.0,19682.88,454.0,252.0,303.0,19258.68,10689.84,12853.26,0.384389365266543,0.455317755485885,0.28,11.0,3.25,984.75,3155.03,-2305.4,-1279.65,1075.54,0.46,0.45,0.25,0.3,62484.659999999996,645.52,1.033085560519974,42.419999999999995,0.438234894772573,1,0,0.7,1.0921959888296522,0.16029287924757196,High Risk,Low Profit,2,0
0.0,25972.0,207.0,3.0,3.0,1.04,36.51,1190.0,245.0,8944.95,425.0,236.0,284.0,15516.75,8616.36,10368.84,0.243372947108001,0.403086853749119,0.31,5.0,1.48,420.32,3162.4,675.6,375.16,3245.48,0.26,0.45,0.25,0.3,43446.899999999994,7458.639999999999,17.167254740844573,36.51,6.267764705882352,0,1,0.7,7.721450323562999,0.35354019914287993,Low Risk,High Profit,3,1
0.0,26094.0,15.0,3.0,2.0,1.05,35.24,1109.0,249.0,8774.76,387.0,215.0,258.0,13637.88,7576.6,9091.92,0.272624118216336,0.376150059769861,0.27,14.0,4.13,1065.54,3081.92,1107.75,615.42,2127.78,0.29,0.45,0.25,0.3,39081.159999999996,6932.870000000001,17.73967302915267,35.239999999999995,6.2514607754734,0,1,0.7,1.9969029787713275,0.35122582201380304,High Risk,High Profit,0,1
0.0,26579.0,210.0,3.0,0.0,1.0,37.09,1279.0,213.0,7900.17,480.0,266.0,320.0,17803.2,9865.94,11868.8,0.269427785519511,0.447769112372771,0.3,18.0,5.31,1699.2,2234.19,-306.16,-169.66,1657.33,0.2,0.45,0.25,0.3,47438.11,3415.7,7.2003290181670385,37.09,2.6706020328381546,1,0,0.7,0.9753589924670433,0.282803102107718,High Risk,Medium Profit,1,0
0.0,26499.0,72.0,1.0,1.0,1.03,43.77,1362.0,360.0,15757.2,451.0,250.0,301.0,19740.27,10942.5,13174.77,0.398786766186822,0.541071644704789,0.29,5.0,1.48,445.48,947.66,-4537.47,-2515.23,346.87,0.36,0.45,0.25,0.3,59614.740000000005,-5758.170000000001,-9.658970247962166,43.77,-4.2277312775330405,1,0,0.7,0.7786432612014007,0.06014158910838896,Low Risk,Low Profit,2,0
0.0,26421.0,16.0,1.0,2.0,1.05,44.6,782.0,211.0,9410.6,257.0,143.0,171.0,11462.2,6377.8,7626.6,0.357330623781309,0.453170109260827,0.32,16.0,4.72,807.12,1783.3,-1495.83,-832.31,638.12,0.37,0.45,0.25,0.3,34877.200000000004,93.28000000000009,0.267452662484374,44.60000000000001,0.1192838874680308,0,0,0.7,0.7906135394984637,0.189499266957864,High Risk,Low Profit,0,0
0.0,26584.0,232.0,3.0,0.0,1.0,34.04,1848.0,404.0,13752.16,650.0,361.0,433.0,22126.0,12288.44,14739.32,0.237446340378374,0.429754122323357,0.3,12.0,3.54,1532.82,4576.71,725.72,403.06,3372.42,0.28,0.45,0.25,0.3,62905.920000000006,9077.91,14.430931142887662,34.040000000000006,4.912288961038961,1,1,0.7,2.200140916741692,0.33279953729826894,High Risk,Medium Profit,1,1
0.0,25816.0,72.0,3.0,2.0,1.05,42.63,1180.0,258.0,10998.54,415.0,230.0,277.0,17691.45,9804.9,11808.51,0.221569500248879,0.433779739751481,0.31,6.0,1.77,490.29,3790.66,613.02,339.75,3579.52,0.28,0.45,0.25,0.3,50303.4,8322.95,16.54550189450415,42.63,7.053347457627119,1,1,0.7,7.300821962511982,0.34465075999964,Low Risk,High Profit,1,1
0.0,25937.0,72.0,0.0,0.0,1.0,37.94,1145.0,290.0,11002.6,385.0,214.0,256.0,14606.9,8119.16,9712.64,0.219882669001818,0.408589818095788,0.28,16.0,4.72,1208.32,4087.77,1336.93,743.13,2400.19,0.34,0.45,0.25,0.3,43441.3,8568.02,19.723212703118918,37.940000000000005,7.482986899563319,0,1,0.7,1.986386056673729,0.37152751290239405,High Risk,High Profit,1,1
0.0,26299.0,76.0,1.0,2.0,1.05,43.03,1673.0,469.0,20181.07,542.0,301.0,361.0,23322.26,12952.03,15533.83,0.392292053031269,0.496667760517448,0.28,10.0,2.95,1064.95,2240.91,-3940.52,-2188.37,659.93,0.39,0.45,0.25,0.3,71989.19,-3228.05,-4.4840760119679075,43.03,-1.929497907949791,1,0,0.7,0.6196816751960185,0.111040186451283,Low Risk,Low Profit,2,0
0.0,26022.0,113.0,1.0,0.0,1.0,32.09,708.0,245.0,7862.05,208.0,116.0,139.0,6674.72,3722.44,4460.51,0.364883194654249,0.470524621219374,0.33,13.0,3.84,533.76,1294.03,-1104.05,-615.72,200.41,0.53,0.45,0.25,0.3,22719.72,-225.33,-0.9917815888576091,32.09,-0.3182627118644068,0,0,0.7,0.3754683752997602,0.164592184126377,High Risk,Low Profit,0,0
0.0,25537.0,107.0,0.0,3.0,1.04,33.6,2023.0,478.0,16060.8,695.0,386.0,464.0,23352.0,12969.6,15590.4,0.237761562708765,0.352279457473196,0.29,8.0,2.36,1095.04,5436.3550000000005,2801.28,1555.82,5296.38,0.31,0.45,0.25,0.3,67972.8,15089.835,22.199813749029023,33.6,7.459137419673751,1,1,0.7,4.836700029222677,0.40995897981803897,Low Risk,High Profit,1,1
0.0,26386.0,112.0,3.0,0.0,1.0,40.93,531.0,122.0,4993.46,184.0,102.0,123.0,7531.12,4174.86,5034.39,0.207575804181397,0.392601751745678,0.28,9.0,2.66,327.18,1996.5,902.4,500.24,1685.68,0.3,0.45,0.25,0.3,21733.829999999998,5084.820000000001,23.395876382579605,40.93,9.575932203389831,0,1,0.7,5.152148664343787,0.399822444072925,Low Risk,High Profit,0,1
0.0,26349.0,78.0,0.0,2.0,1.05,43.51,1561.0,469.0,20406.19,491.0,273.0,328.0,21363.41,11878.23,14271.28,0.2221803567186,0.381613180157728,0.32,9.0,2.66,872.48,5436.3550000000005,1628.03,905.2,4781.89,0.43,0.45,0.25,0.3,67919.11,12751.475,18.77450249274468,43.51,8.168786034593209,1,1,0.7,5.480801852191455,0.396206463123672,Low Risk,High Profit,1,1
0.0,26592.0,212.0,2.0,3.0,1.04,40.65,998.0,65.0,2642.25,420.0,233.0,280.0,17073.0,9471.45,11382.0,0.254982054687571,0.301066610391717,0.28,15.0,4.43,1240.4,1173.03,2799.14,1552.86,3812.65,0.07,0.45,0.25,0.3,40568.7,9337.68,23.01695642206923,40.65,9.356392785571142,0,1,0.7,3.073726217349242,0.44395133492071204,High Risk,High Profit,1,1
0.0,26633.0,13.0,0.0,0.0,1.0,30.63,1593.0,338.0,10352.94,565.0,314.0,376.0,17305.95,9617.82,11516.88,0.22019971722737,0.41634623715654,0.29,5.0,1.48,556.48,3762.82,1271.19,706.47,3629.38,0.27,0.45,0.25,0.3,48793.59,9369.86,19.203055155400538,30.63,5.881895794099185,1,1,0.7,6.522031339850488,0.36345404561608996,Low Risk,High Profit,1,1
0.0,26309.0,205.0,1.0,3.0,1.04,46.76,1053.0,295.0,13794.2,341.0,190.0,227.0,15945.16,8884.4,10614.52,0.359175120096188,0.452749521797523,0.29,4.0,1.18,267.86,2594.35,-1625.2,-905.54,1728.47,0.39,0.45,0.25,0.3,49238.28,1792.08,3.6396072324216036,46.76,1.7018803418803419,1,0,0.7,6.452885835884417,0.18807535810628906,Low Risk,Low Profit,0,0
0.0,25018.0,113.0,3.0,3.0,1.04,31.81,1329.0,282.0,8970.42,471.0,262.0,314.0,14982.51,8334.22,9988.34,0.269880897123367,0.375582011579536,0.32,18.0,5.31,1667.34,3180.35,517.45,287.84,1873.9,0.27,0.45,0.25,0.3,42275.490000000005,5859.540000000001,13.860371577005967,31.810000000000002,4.408984198645599,0,1,0.7,1.1238859500761693,0.354537091297097,High Risk,Medium Profit,1,1
0.0,25462.0,14.0,0.0,3.0,1.04,42.89,1191.0,267.0,11451.63,416.0,231.0,277.0,17842.24,9907.59,11880.53,0.265862619709224,0.3540653136326,0.3,6.0,1.77,490.29,4352.44,1428.67,793.32,4025.17,0.29,0.45,0.25,0.3,51081.990000000005,10599.599999999999,20.75017046125258,42.89000000000001,8.899748110831233,1,1,0.7,8.209773807338514,0.38007206665817606,Low Risk,High Profit,3,1
0.0,25748.0,78.0,3.0,0.0,1.0,34.92,895.0,161.0,5622.12,330.0,184.0,220.0,11523.6,6425.28,7682.4,0.20463999202475,0.432947133923881,0.33,12.0,3.54,778.8,2037.53,373.51,208.26,2005.4,0.22,0.45,0.25,0.3,31253.4,4624.700000000001,14.797430039611692,34.92,5.167262569832403,0,0,0.7,2.5749871597329226,0.362412874051369,High Risk,Medium Profit,0,0
0.0,25586.0,11.0,3.0,3.0,1.04,32.07,874.0,196.0,6285.72,305.0,170.0,203.0,9781.35,5451.9,6510.21,0.271731525175273,0.447104084421881,0.31,7.0,2.07,420.21,1767.32,-282.05,-157.21,1410.23,0.29,0.45,0.25,0.3,28029.18,2738.29,9.769426005327306,32.07,3.1330549199084667,0,0,0.7,3.3560124699554987,0.281164390402846,Low Risk,Medium Profit,0,0
0.0,25668.0,107.0,3.0,0.0,1.0,42.18,644.0,124.0,5230.32,234.0,130.0,156.0,9870.12,5483.4,6580.08,0.271654561050236,0.408055930281989,0.33,3.0,0.89,138.84,1675.22,-95.84,-53.25,1968.69,0.24,0.45,0.25,0.3,27163.92,3494.82,12.865668872533861,42.18,5.4267391304347825,0,0,0.7,14.179559204840103,0.32028950866777506,Low Risk,Medium Profit,3,0
0.0,26127.0,73.0,2.0,1.0,1.03,45.5,1161.0,65.0,2957.5,493.0,274.0,329.0,22431.5,12467.0,14969.5,0.285928341536783,0.293624113139231,0.31,4.0,1.18,388.22,1243.47,2477.5,1376.95,5905.67,0.06,0.45,0.25,0.3,52825.5,11003.59,20.83007259751446,45.5,9.477683031869079,1,1,0.7,15.21217350986554,0.420447545323986,Low Risk,High Profit,3,1
0.0,26277.0,15.0,1.0,3.0,1.04,42.43,1989.0,547.0,23020.373750000002,649.0,360.0,433.0,27537.07,15274.8,18372.19,0.363928655453492,0.478824666119181,0.31,17.0,5.02,1974.58125,3649.57,-4206.38,-2333.28,715.31,0.38,0.45,0.25,0.3,84204.43375000001,-2174.78,-2.582738109084428,42.33505970336853,-1.0934037204625442,1,0,0.7,0.3622590865784834,0.15724667842732698,High Risk,Low Profit,2,0
0.0,26359.0,11.0,3.0,2.0,1.05,46.28,1946.0,389.0,18002.92,701.0,389.0,467.0,32442.28,18002.92,21184.489999999998,0.2069785749726,0.418698744033463,0.27,18.0,5.31,1974.58125,5436.3550000000005,3384.47,1878.11,5610.38,0.25,0.45,0.25,0.3,89632.60999999999,16309.315000000002,18.195738135930668,46.05992291880781,8.380942959917782,1,1,0.7,2.841301161955225,0.37432268099393695,High Risk,High Profit,1,1
0.0,26279.0,75.0,3.0,3.0,1.04,32.93,561.0,101.0,3325.93,207.0,115.0,138.0,6816.51,3786.95,4544.34,0.240024389028549,0.398121363692917,0.29,15.0,4.43,611.34,1203.5,489.8,272.11,1033.05,0.22,0.45,0.25,0.3,18473.73,2998.46,16.230939826445447,32.93,5.344848484848485,0,0,0.7,1.689812542938463,0.361854247278534,High Risk,High Profit,0,0
0.0,25673.0,110.0,3.0,3.0,1.04,43.08,1157.0,253.0,10899.24,407.0,226.0,271.0,17533.56,9736.08,11674.68,0.258244108911604,0.422158598154783,0.3,16.0,4.72,1279.12,3483.37,343.61,190.8,2452.08,0.28,0.45,0.25,0.3,49843.560000000005,6469.860000000001,12.980332865469482,43.080000000000005,5.591927398444253,1,1,0.7,1.9170054412408533,0.31959729293361305,High Risk,Medium Profit,1,1
0.0,25028.0,237.0,0.0,0.0,1.0,35.61,1933.0,522.0,18588.42,635.0,353.0,423.0,22612.35,12570.33,15063.03,0.225109694935381,0.364110324322246,0.31,6.0,1.77,748.71,5436.3550000000005,2278.87,1266.84,5438.88,0.37,0.45,0.25,0.3,68834.13,14420.945,20.950282948299048,35.61,7.460395757889291,1,1,0.7,7.264334655607645,0.410779980742373,Low Risk,High Profit,1,1
0.0,26120.0,237.0,0.0,2.0,1.05,42.66,956.0,220.0,9385.2,331.0,184.0,221.0,14120.46,7849.44,9427.86,0.210449503902346,0.3555563315982,0.28,12.0,3.54,782.34,4073.12,2174.47,1208.77,3309.3,0.3,0.45,0.25,0.3,40782.96,10765.66,26.397446384470374,42.66,11.261150627615063,0,1,0.7,4.230002300789938,0.43399416449945405,High Risk,High Profit,1,1
0.0,25798.0,212.0,3.0,3.0,1.04,46.45,1520.0,332.0,15421.4,535.0,297.0,356.0,24850.75,13795.65,16536.2,0.273251890223473,0.420943902456202,0.27,7.0,2.07,736.92,4715.93,889.76,493.94,4319.92,0.28,0.45,0.25,0.3,70604.0,10419.55,14.757733272902385,46.45,6.854967105263158,1,1,0.7,5.862128860663302,0.305804207320325,Low Risk,Medium Profit,1,1
0.0,26404.0,208.0,0.0,3.0,1.04,45.98,1403.0,386.0,17748.28,458.0,254.0,305.0,21058.84,11678.92,14023.9,0.21447697095573,0.351445858273655,0.33,15.0,4.43,1351.15,5436.3550000000005,2191.74,1215.51,4736.3,0.38,0.45,0.25,0.3,64509.939999999995,13579.904999999999,21.050872160166325,45.98,9.679191019244476,1,1,0.7,3.505384302261037,0.43407717077061503,High Risk,High Profit,1,1
0.0,25354.0,12.0,3.0,0.0,1.0,36.87,1558.0,301.0,11097.87,566.0,314.0,377.0,20868.42,11577.18,13899.99,0.238315882049501,0.421141669014469,0.28,4.0,1.18,444.86,3779.3,1263.43,700.91,4288.68,0.24,0.45,0.25,0.3,57443.46,10032.32,17.46468614529835,36.87,6.439229781771502,1,1,0.7,9.640516117430202,0.34054244893603003,Low Risk,High Profit,1,1
0.0,25437.0,74.0,3.0,0.0,1.0,43.71,1707.0,307.0,13418.97,630.0,350.0,420.0,27537.3,15298.5,18358.2,0.211043594963849,0.405638395482674,0.31,11.0,3.25,1365.0,5143.73,2018.98,1121.66,5672.03,0.22,0.45,0.25,0.3,74612.97,13956.399999999998,18.705058919380903,43.71,8.175981253661393,1,1,0.7,4.155333333333333,0.38331800955347695,High Risk,High Profit,1,1
0.0,25681.0,209.0,1.0,1.0,1.03,37.76,1299.0,450.0,16992.0,382.0,212.0,255.0,14424.32,8005.12,9628.8,0.39625162628945,0.498289342387579,0.31,18.0,5.31,1354.05,1791.96,-2950.36,-1637.37,-338.61,0.53,0.45,0.25,0.3,49050.240000000005,-3134.38,-6.39014202580864,37.760000000000005,-2.4129176289453427,1,0,0.7,-0.2500720062036114,0.10545903132297108,High Risk,Low Profit,2,0
0.0,25642.0,16.0,1.0,1.0,1.03,40.81,1393.0,425.0,17344.25,436.0,242.0,290.0,17793.16,9876.02,11834.9,0.397319778020028,0.511895335954614,0.28,4.0,1.18,342.2,1574.6,-3366.73,-1868.69,732.23,0.44,0.45,0.25,0.3,56848.33000000001,-2928.59,-5.151584927824617,40.81000000000001,-2.102361809045226,1,0,0.7,2.139772063120982,0.09078488602535795,Low Risk,Low Profit,2,0
0.0,25871.0,231.0,3.0,3.0,1.04,33.42,1350.0,287.0,9591.54,478.0,266.0,319.0,15974.76,8889.72,10660.98,0.200827288627625,0.383602184802294,0.29,18.0,5.31,1693.89,3985.96,2005.96,1116.29,2736.5,0.27,0.45,0.25,0.3,45117.0,9844.71,21.820400292572643,33.42,7.292377777777777,1,1,0.7,1.6155122233439005,0.415570526570081,High Risk,High Profit,1,1
0.0,26170.0,78.0,2.0,3.0,1.04,41.0,889.0,25.0,1025.0,389.0,216.0,259.0,15949.0,8856.0,10619.0,0.288388713414315,0.263804073026404,0.28,11.0,3.25,841.75,459.0,2676.36,1486.1,3913.51,0.03,0.45,0.25,0.3,36449.0,8534.970000000001,23.416197975253098,41.0,9.60064116985377,0,1,0.7,4.649254529254529,0.447807213559281,High Risk,High Profit,0,1
0.0,26534.0,113.0,0.0,3.0,1.04,44.79,2103.0,590.0,23020.373750000002,681.0,378.0,454.0,30501.99,16930.62,20334.66,0.245683661978692,0.435131373698823,0.28,8.0,2.36,1071.44,5436.3550000000005,1195.22,663.43,5419.08,0.39,0.45,0.25,0.3,90787.64375,12714.085000000001,14.004201975998523,43.1705391107941,6.045689491203044,1,1,0.7,5.057754050623459,0.319184964322485,Low Risk,Medium Profit,1,1
0.0,25968.0,113.0,3.0,1.0,1.03,37.17,1605.0,300.0,11151.0,587.0,326.0,392.0,21818.79,12117.42,14570.64,0.214260496068746,0.439951508818194,0.29,13.0,3.84,1505.28,3855.88,1217.23,676.01,3533.07,0.23,0.45,0.25,0.3,59657.85,9282.19,15.559042104266247,37.17,5.783295950155764,1,1,0.7,2.3471181441326534,0.34578799511306,High Risk,High Profit,1,1
0.0,25566.0,205.0,1.0,0.0,1.0,38.56,1376.0,452.0,17429.12,416.0,231.0,277.0,16040.96,8907.36,10681.12,0.393109111045487,0.475082363607362,0.3,7.0,2.07,573.39,2297.31,-2697.95,-1498.14,834.47,0.49,0.45,0.25,0.3,53058.560000000005,-1064.31,-2.005915727829779,38.56,-0.7734811046511627,1,0,0.7,1.4553270897643837,0.13180852534715104,Low Risk,Low Profit,2,0
0.0,26294.0,237.0,1.0,1.0,1.03,45.38,715.0,215.0,9756.7,225.0,125.0,150.0,10210.5,5672.5,6807.0,0.383049290336203,0.547464358899742,0.3,13.0,3.84,576.0,677.96,-2353.66,-1307.59,-103.01,0.43,0.45,0.25,0.3,32446.7,-3086.3,-9.511907220148737,45.38,-4.316503496503497,0,0,0.7,-0.17883680555555556,0.06948635076405507,High Risk,Low Profit,2,0
0.0,25567.0,76.0,0.0,0.0,1.0,35.08,1379.0,421.0,14768.68,431.0,240.0,287.0,15119.48,8419.2,10067.96,0.23693563869223,0.428326791757718,0.29,12.0,3.54,1015.98,4943.63,676.41,376.65,2354.14,0.44,0.45,0.25,0.3,48375.32,8350.83,17.2625834826519,35.08,6.055714285714286,1,1,0.7,2.3171125415854643,0.33473756955005207,High Risk,High Profit,1,1
0.0,25082.0,15.0,1.0,0.0,1.0,38.58,765.0,222.0,8564.76,244.0,136.0,163.0,9413.52,5246.88,6288.54,0.362746075843461,0.526983709377237,0.28,7.0,2.07,337.41,944.44,-1597.75,-890.55,356.03,0.41,0.45,0.25,0.3,29513.7,-1187.83,-4.0246732873208035,38.58,-1.552718954248366,0,0,0.7,1.0551850863934085,0.11027021477930199,Low Risk,Low Profit,0,0
0.0,25823.0,9.0,0.0,1.0,1.03,40.69,1268.0,277.0,11271.13,446.0,248.0,297.0,18147.74,10091.12,12084.93,0.242359750363976,0.383713378338143,0.32,18.0,5.31,1577.07,4214.58,978.65,544.18,2941.81,0.28,0.45,0.25,0.3,51594.920000000006,8679.22,16.82184990305247,40.690000000000005,6.84481072555205,1,1,0.7,1.8653642514282816,0.37392687129788094,High Risk,High Profit,1,1
0.0,25784.0,12.0,1.0,2.0,1.05,37.54,2076.0,616.0,23020.373750000002,611.0,339.0,407.0,22936.94,12726.06,15278.78,0.366015142819379,0.522909006266855,0.27,9.0,2.66,1082.62,2998.08,-3645.23,-2022.48,614.48,0.53,0.45,0.25,0.3,73962.15375,-2055.15,-2.778650831270581,35.62724169075145,-0.9899566473988439,1,0,0.7,0.5675860412702519,0.11107585091376593,Low Risk,Low Profit,2,0
0.0,25490.0,76.0,1.0,1.0,1.03,37.97,883.0,290.0,11011.3,267.0,148.0,178.0,10137.99,5619.56,6758.66,0.351409105490893,0.466645761206746,0.28,3.0,0.89,158.42,2003.45,-994.08,-551.03,1071.29,0.49,0.45,0.25,0.3,33527.51,1529.63,4.562313157165564,37.97,1.7323103057757645,0,0,0.7,6.762340613558894,0.18194513330236095,Low Risk,Low Profit,0,0
0.0,26139.0,9.0,0.0,1.0,1.03,32.11,955.0,231.0,7417.41,326.0,181.0,217.0,10467.86,5811.91,6967.87,0.236294738762081,0.421600317815319,0.29,13.0,3.84,833.28,2537.53,545.43,302.83,1550.46,0.32,0.45,0.25,0.3,30665.05,4936.25,16.09731599981086,32.11,5.1688481675392675,0,1,0.7,1.860671082949309,0.3421049434226,High Risk,High Profit,0,1
0.0,25223.0,238.0,1.0,3.0,1.04,35.32,2056.0,608.0,21474.56,652.0,362.0,434.0,23028.64,12785.84,15328.88,0.391515179618727,0.49037529330235,0.31,12.0,3.54,1536.36,2536.35,-4418.98,-2453.48,274.13,0.42,0.45,0.25,0.3,72617.92,-4061.9799999999996,-5.5936330867091755,35.32,-1.9756712062256807,1,0,0.7,0.1784282329662319,0.11810952707892297,High Risk,Low Profit,2,0
0.0,26652.0,11.0,1.0,3.0,1.04,42.52,1375.0,464.0,19729.28,410.0,228.0,273.0,17433.2,9694.56,11607.96,0.390601998078637,0.541005216841586,0.3,11.0,3.25,887.25,1349.34,-4037.65,-2245.33,-93.35,0.51,0.45,0.25,0.3,58464.99999999999,-5026.990000000001,-8.598289574959379,42.519999999999996,-3.6559927272727277,1,0,0.7,-0.10521273598196675,0.06839278507977697,High Risk,Low Profit,2,0
0.0,26410.0,17.0,2.0,3.0,1.04,37.99,1169.0,76.0,2887.24,492.0,273.0,328.0,18691.08,10371.27,12460.72,0.276286291971337,0.261323866236489,0.31,6.0,1.77,580.56,1335.03,2848.33,1580.48,5181.15,0.07,0.45,0.25,0.3,44410.31,10944.99,24.64515559562633,37.989999999999995,9.362694610778442,0,1,0.7,8.92440057875155,0.462389841792174,Low Risk,High Profit,3,1
0.0,26154.0,230.0,2.0,3.0,1.04,42.2,1484.0,84.0,3544.8,630.0,350.0,420.0,26586.0,14770.0,17724.0,0.259973188582808,0.297896988014691,0.31,12.0,3.54,1486.8,1567.26,3512.8,1951.56,6276.405000000001,0.06,0.45,0.25,0.3,62624.8,13308.025000000001,21.25040718692914,42.2,8.967671832884099,1,1,0.7,4.221418482647297,0.44212982340250107,High Risk,High Profit,1,1
0.0,25942.0,111.0,0.0,3.0,1.04,36.32,996.0,252.0,9152.64,335.0,186.0,223.0,12167.2,6755.52,8099.36,0.249211878646165,0.408902552304789,0.3,8.0,2.36,526.28,3129.16,509.63,282.96,2242.77,0.34,0.45,0.25,0.3,36174.72,6164.52,17.040961201634733,36.32,6.1892771084337355,0,1,0.7,4.26155278558942,0.341885569049046,Low Risk,High Profit,0,1
0.0,25670.0,231.0,3.0,0.0,1.0,44.05,1528.0,343.0,15109.15,533.0,296.0,356.0,23478.65,13038.8,15681.8,0.221027760151774,0.370199644449167,0.31,17.0,5.02,1787.12,5436.3550000000005,2319.05,1287.88,4623.17,0.29,0.45,0.25,0.3,67308.40000000001,13666.455,20.304233944054527,44.050000000000004,8.94401505235602,1,1,0.7,2.586938761806706,0.4087725953990591,High Risk,High Profit,1,1
0.0,26186.0,108.0,3.0,2.0,1.05,42.65,1925.0,372.0,15865.8,699.0,388.0,466.0,29812.35,16548.2,19874.9,0.255556126032025,0.417250605043955,0.3,17.0,5.02,1974.58125,5191.18,810.7,450.0,4163.61,0.24,0.45,0.25,0.3,82101.25,10615.49,12.929754419086189,42.65,5.51454025974026,1,1,0.7,2.1086040394640633,0.32719326892402,High Risk,Medium Profit,1,1
0.0,26268.0,112.0,2.0,2.0,1.05,38.79,714.0,34.0,1318.86,306.0,170.0,204.0,11869.74,6594.3,7913.16,0.271578203991521,0.283060144330375,0.32,9.0,2.66,542.64,587.37,1488.01,826.67,2981.58,0.05,0.45,0.25,0.3,27696.06,5883.63,21.243563163857964,38.79,8.240378151260504,0,1,0.7,5.494582043343653,0.44536165167810404,Low Risk,High Profit,0,1
0.0,25581.0,74.0,2.0,1.0,1.03,42.52,1607.0,132.0,5612.64,664.0,369.0,442.0,28233.28,15689.88,18793.84,0.29714243307244,0.282183994189836,0.32,15.0,4.43,1958.06,2361.09,2842.35,1579.56,5948.01,0.09,0.45,0.25,0.3,68329.64,12731.01,18.631753365011143,42.52,7.922221530802738,1,1,0.7,3.037705688283301,0.420673572737724,High Risk,High Profit,1,1
0.0,26323.0,113.0,2.0,3.0,1.04,31.54,1391.0,103.0,3248.62,580.0,322.0,386.0,18293.2,10155.88,12174.44,0.290860171930399,0.261603491066489,0.31,8.0,2.36,910.96,1453.88,2515.98,1396.8,4537.54,0.08,0.45,0.25,0.3,43872.14,9904.2,22.575146778798576,31.54,7.120201294033071,0,1,0.7,4.981052955124264,0.447536337003112,Low Risk,High Profit,1,1
0.0,26686.0,115.0,3.0,1.0,1.03,44.43,728.0,159.0,7064.37,256.0,142.0,171.0,11374.08,6309.06,7597.53,0.221037969999015,0.427857678942382,0.29,16.0,4.72,807.12,2480.33,695.01,385.51,1860.41,0.28,0.45,0.25,0.3,32345.04,5421.26,16.76071508954696,44.43,7.446785714285714,0,1,0.7,2.3049980176429776,0.35110435105860294,High Risk,High Profit,0,1
0.0,26595.0,235.0,0.0,2.0,1.05,45.98,1698.0,361.0,16598.78,602.0,334.0,401.0,27679.96,15357.32,18437.98,0.222722591944039,0.435949814785272,0.27,10.0,2.95,1182.95,5436.3550000000005,1974.34,1095.4,5110.44,0.27,0.45,0.25,0.3,78074.04,13616.535,17.440541055644104,45.98,8.019160777385158,1,1,0.7,4.320081153049579,0.34132759327068896,Low Risk,High Profit,1,1
0.0,26151.0,232.0,2.0,0.0,1.0,35.21,753.0,62.0,2183.02,311.0,173.0,207.0,10950.31,6091.33,7288.47,0.28740864819847,0.272643319063354,0.32,17.0,5.02,1039.14,960.42,1313.47,730.64,2167.41,0.09,0.45,0.25,0.3,26513.13,5171.94,19.507089506218236,35.21,6.868446215139442,0,1,0.7,2.0857728506264794,0.43994803273817595,High Risk,High Profit,0,1
0.0,25598.0,207.0,0.0,1.0,1.03,40.75,2131.0,616.0,23020.373750000002,666.0,370.0,444.0,27139.5,15077.5,18093.0,0.233744969405234,0.377851140359417,0.29,5.0,1.48,657.12,5436.3550000000005,2670.63,1483.68,6276.405000000001,0.44,0.45,0.25,0.3,83330.37375,15867.070000000002,19.041160246806168,39.10388256687001,7.44583294228062,1,1,0.7,9.551383308984661,0.38840389023534894,Low Risk,High Profit,1,1
0.0,26043.0,75.0,0.0,1.0,1.03,38.27,831.0,166.0,6352.82,299.0,166.0,200.0,11442.73,6352.82,7654.0,0.254668769221753,0.361227567493916,0.33,10.0,2.95,590.0,2440.14,619.09,343.71,2349.93,0.25,0.45,0.25,0.3,31802.37,5752.87,18.08943798842665,38.269999999999996,6.922827918170879,0,1,0.7,3.9829322033898302,0.384103663284331,Low Risk,High Profit,0,1
0.0,25237.0,204.0,3.0,3.0,1.04,37.33,1566.0,303.0,11310.99,568.0,316.0,379.0,21203.44,11796.28,14148.07,0.202581359725446,0.375410876353271,0.33,14.0,4.13,1565.27,4773.33,1950.88,1085.35,4405.33,0.24,0.45,0.25,0.3,58458.78,12214.89,20.89487669773471,37.33,7.800057471264368,1,1,0.7,2.8144217930452893,0.42200776392128303,High Risk,High Profit,1,1
0.0,26208.0,232.0,3.0,1.0,1.03,37.13,831.0,171.0,6349.23,297.0,165.0,198.0,11027.61,6126.45,7351.74,0.222673980481923,0.409076229901984,0.28,17.0,5.02,993.96,2338.1,973.18,540.66,1713.32,0.26,0.45,0.25,0.3,30855.03,5565.259999999999,18.036799834581267,37.129999999999995,6.6970637785800236,0,1,0.7,1.7237313372771539,0.368249789616093,High Risk,High Profit,0,1
0.0,25672.0,107.0,0.0,3.0,1.04,39.53,1862.0,559.0,22097.27,586.0,326.0,391.0,23164.58,12886.78,15456.23,0.253144157938659,0.376590094668791,0.31,12.0,3.54,1384.14,5436.3550000000005,1396.03,776.63,4338.77,0.43,0.45,0.25,0.3,73604.86,11947.785,16.23233166940335,39.53,6.4166407089151445,1,1,0.7,3.1346323348794196,0.3702657473925499,High Risk,High Profit,1,1
0.0,25563.0,238.0,1.0,3.0,1.04,39.26,1524.0,395.0,15507.7,508.0,282.0,339.0,19944.08,11071.32,13309.14,0.35291955138091,0.463440340547822,0.29,18.0,5.31,1800.09,2847.84,-2121.25,-1177.54,644.0,0.35,0.45,0.25,0.3,59832.24,193.05000000000018,0.3226521353704962,39.26,0.1266732283464568,1,0,0.7,0.35775988978328865,0.18364010807126796,High Risk,Low Profit,2,0
0.0,25550.0,206.0,0.0,3.0,1.04,38.65,1887.0,529.0,20445.85,611.0,340.0,407.0,23615.15,13141.0,15730.55,0.269452202897519,0.356036591390148,0.32,16.0,4.72,1921.04,5436.3550000000005,1287.29,716.33,3970.23,0.39,0.45,0.25,0.3,72932.55,11410.205,15.644873242468554,38.65,6.046743508214097,1,1,0.7,2.0667086578103526,0.374511205712333,High Risk,High Profit,1,1
0.0,26039.0,14.0,0.0,3.0,1.04,42.51,1058.0,302.0,12838.02,340.0,189.0,227.0,14453.4,8034.39,9649.77,0.264760888498277,0.385405247565359,0.29,18.0,5.31,1205.37,4491.17,864.8,480.73,2170.45,0.4,0.45,0.25,0.3,44975.58,8007.150000000001,17.80332793929506,42.510000000000005,7.56819470699433,1,1,0.7,1.8006504226917877,0.34983386393636406,High Risk,High Profit,1,1
0.0,25917.0,79.0,0.0,3.0,1.04,38.8,1425.0,385.0,14938.0,468.0,260.0,312.0,18158.4,10088.0,12105.6,0.208901475965977,0.417478324985132,0.27,8.0,2.36,736.32,5436.3550000000005,1881.58,1045.32,3786.58,0.37,0.45,0.25,0.3,55290.0,12149.835000000001,21.97474226804124,38.8,8.526200000000001,1,1,0.7,5.142573880921338,0.373620199048891,Low Risk,High Profit,1,1
0.0,26457.0,204.0,3.0,1.0,1.03,38.74,1128.0,253.0,9801.22,394.0,219.0,262.0,15263.56,8484.06,10149.88,0.246101893465966,0.44476930256933,0.28,3.0,0.89,233.18,3029.84,444.61,247.13,2904.44,0.29,0.45,0.25,0.3,43698.719999999994,6626.02,15.16296129497615,38.739999999999995,5.874131205673759,0,1,0.7,12.455785230294193,0.309128803964704,Low Risk,High Profit,3,1
0.0,26200.0,9.0,0.0,3.0,1.04,36.79,1679.0,397.0,14605.63,577.0,320.0,385.0,21227.83,11772.8,14164.15,0.231192792523652,0.359439315344207,0.3,13.0,3.84,1478.4,5436.3550000000005,2321.64,1287.57,4319.95,0.31,0.45,0.25,0.3,61770.409999999996,13365.515,21.637406972043735,36.79,7.960402025014889,1,1,0.7,2.9220441017316015,0.4093678921321411,High Risk,High Profit,1,1
0.0,26551.0,205.0,2.0,0.0,1.0,33.99,845.0,40.0,1359.6,362.0,201.0,242.0,12304.38,6831.99,8225.58,0.296113993425388,0.258441539178602,0.29,5.0,1.48,358.16,605.63,1912.65,1062.0,3305.88,0.05,0.45,0.25,0.3,28721.550000000003,6886.16,23.975586275810322,33.99,8.14930177514793,0,1,0.7,9.230176457449184,0.44544446739600996,Low Risk,High Profit,3,1
0.0,25112.0,10.0,3.0,0.0,1.0,38.54,1525.0,305.0,11754.7,549.0,305.0,366.0,21158.46,11754.7,14105.64,0.246604162529111,0.38791412259452,0.29,15.0,4.43,1621.38,4296.13,1597.08,887.26,3533.97,0.25,0.45,0.25,0.3,58773.5,10314.44,17.54947382749028,38.54,6.763567213114754,1,1,0.7,2.1796062613329386,0.36548171487636893,High Risk,High Profit,1,1
0.0,25571.0,17.0,0.0,2.0,1.05,39.35,1923.0,578.0,22744.3,605.0,336.0,404.0,23806.75,13221.6,15897.4,0.213036691173911,0.442293559922837,0.31,13.0,3.84,1551.36,5436.3550000000005,825.37,458.39,3927.99,0.43,0.45,0.25,0.3,75670.05,10648.105,14.071756262880756,39.35,5.537236089443578,1,1,0.7,2.531965501237624,0.34466974890325197,High Risk,Medium Profit,1,1
0.0,26384.0,238.0,3.0,1.0,1.03,38.79,1616.0,323.0,12529.17,582.0,323.0,388.0,22575.78,12529.17,15050.52,0.255428561922163,0.355401323363185,0.31,12.0,3.54,1373.52,4875.98,1787.33,991.94,4483.69,0.25,0.45,0.25,0.3,62684.64,12138.939999999999,19.36509486215443,38.79,7.511720297029703,1,1,0.7,3.2643791135185505,0.389170114714652,High Risk,High Profit,1,1
0.0,26090.0,16.0,0.0,0.0,1.0,38.97,838.0,178.0,6936.66,297.0,165.0,198.0,11574.09,6430.05,7716.06,0.246713898573071,0.372519539762288,0.31,11.0,3.25,643.5,2641.25,819.06,455.03,2294.52,0.27,0.45,0.25,0.3,32656.86,6209.860000000001,19.015484036125947,38.97,7.410334128878282,0,1,0.7,3.5656876456876456,0.38076656166464096,High Risk,High Profit,0,1
0.0,25601.0,238.0,3.0,3.0,1.04,35.83,1436.0,259.0,9279.97,530.0,294.0,353.0,18989.9,10534.02,12647.99,0.223330447860062,0.410070207272656,0.32,14.0,4.13,1457.89,3402.03,884.92,490.88,3178.85,0.22,0.45,0.25,0.3,51451.88,7956.68,15.464313451714496,35.83,5.540863509749304,1,1,0.7,2.180445712639499,0.36659934486728196,High Risk,High Profit,1,1
0.0,25359.0,114.0,0.0,3.0,1.04,39.61,1699.0,350.0,13863.5,607.0,337.0,405.0,24043.27,13348.57,16042.05,0.273720501009375,0.435513705620542,0.32,14.0,4.13,1672.65,4031.03,-702.89,-390.23,2991.83,0.26,0.45,0.25,0.3,67297.39,5929.74,8.811248103381127,39.61,3.490135373749264,1,1,0.7,1.7886766508235434,0.290765793370083,High Risk,Medium Profit,1,1
0.0,25958.0,205.0,3.0,1.0,1.03,45.69,566.0,106.0,4843.14,207.0,115.0,138.0,9457.83,5254.35,6305.22,0.200906160548329,0.379106372431852,0.3,4.0,1.18,162.84,2034.06,1134.82,630.46,2485.27,0.23,0.45,0.25,0.3,25860.54,6284.610000000001,24.30192873002652,45.690000000000005,11.103551236749118,0,1,0.7,15.262036354704003,0.4199874670198189,Low Risk,High Profit,3,1
0.0,26658.0,14.0,2.0,0.0,1.0,34.09,1088.0,80.0,2727.2,454.0,252.0,302.0,15476.86,8590.68,10295.18,0.274295223562513,0.32992309757974,0.28,12.0,3.54,1069.08,1079.38,1791.94,994.64,3005.56,0.08,0.45,0.25,0.3,37089.92,6871.52,18.526650906769284,34.089999999999996,6.315735294117648,0,1,0.7,2.8113518165151348,0.39578167885774707,High Risk,High Profit,0,1
0.0,25727.0,233.0,1.0,1.0,1.03,36.25,1782.0,544.0,19720.0,557.0,310.0,371.0,20191.25,11237.5,13448.75,0.366730907279998,0.509351468947716,0.3,15.0,4.43,1643.53,2443.66,-3555.32,-1978.73,23.01,0.44,0.45,0.25,0.3,64597.5,-3067.38,-4.748450017415535,36.25,-1.7213131313131314,1,0,0.7,0.014000352898943129,0.12391762377228599,High Risk,Low Profit,2,0
0.0,25120.0,234.0,0.0,3.0,1.04,42.45,1226.0,268.0,11376.6,431.0,240.0,287.0,18295.95,10188.0,12183.15,0.237274351101369,0.355845061386935,0.28,10.0,2.95,846.65,4628.92,2321.4,1292.66,4110.44,0.28,0.45,0.25,0.3,52043.700000000004,12353.419999999998,23.736629025223028,42.45,10.076199021207177,1,1,0.7,4.854945963503218,0.406880587511696,Low Risk,High Profit,1,1
0.0,25381.0,75.0,0.0,0.0,1.0,39.54,1330.0,337.0,13324.98,447.0,248.0,298.0,17674.38,9805.92,11782.92,0.241751656010747,0.440042150276713,0.31,6.0,1.77,527.46,4240.09,145.04,80.47,3221.94,0.34,0.45,0.25,0.3,52588.2,7687.540000000001,14.618374464233424,39.54,5.780105263157895,1,1,0.7,6.10840632465021,0.31820619371254,Low Risk,Medium Profit,1,1
0.0,26440.0,234.0,0.0,1.0,1.03,45.52,1211.0,327.0,14885.04,398.0,221.0,265.0,18116.96,10059.92,12062.8,0.212935674451292,0.376308752084151,0.32,15.0,4.43,1173.95,5436.3550000000005,1644.22,912.99,3780.91,0.37,0.45,0.25,0.3,55124.72,11774.475,21.35970033045066,45.52,9.72293559042114,1,1,0.7,3.220673793602794,0.41075557346455704,High Risk,High Profit,1,1
0.0,25148.0,108.0,3.0,3.0,1.04,46.63,1277.0,230.0,10724.9,471.0,262.0,314.0,21962.73,12217.06,14641.82,0.262106711957604,0.36200443492271,0.29,8.0,2.36,741.04,4031.37,1886.35,1049.31,4762.66,0.22,0.45,0.25,0.3,59546.509999999995,11729.689999999999,19.69836687322229,46.629999999999995,9.185348472983554,1,1,0.7,6.426994494224333,0.375888853119686,Low Risk,High Profit,1,1
0.0,26158.0,212.0,1.0,1.0,1.03,38.36,1107.0,327.0,12543.72,351.0,195.0,234.0,13464.36,7480.2,8976.24,0.351834394095931,0.472950530657545,0.3,15.0,4.43,1036.62,2197.85,-1680.15,-933.42,536.15,0.42,0.45,0.25,0.3,42464.52,120.42999999999984,0.28360146305668793,38.36,0.10878952122854547,0,0,0.7,0.5172097779321256,0.17521507524652402,High Risk,Low Profit,2,0
0.0,26612.0,15.0,1.0,3.0,1.04,31.69,696.0,247.0,7827.43,202.0,112.0,135.0,6401.38,3549.28,4278.15,0.380892307125032,0.515172828827053,0.27,5.0,1.48,199.8,813.54,-1063.05,-589.41,244.85,0.55,0.45,0.25,0.3,22056.239999999998,-594.0699999999999,-2.693432788181485,31.689999999999998,-0.8535488505747125,0,0,0.7,1.2254754754754753,0.10393486404791497,Low Risk,Low Profit,0,0
0.0,25430.0,114.0,1.0,0.0,1.0,38.32,1929.0,531.0,20347.92,629.0,350.0,419.0,24103.28,13412.0,16056.08,0.351228577585425,0.52257246428635,0.27,9.0,2.66,1114.54,2567.89,-3466.08,-1928.66,911.72,0.38,0.45,0.25,0.3,73919.28,-1915.1300000000003,-2.59083962939033,38.32,-0.9928097459823745,1,0,0.7,0.8180235792344824,0.12619895812822501,Low Risk,Low Profit,2,0
0.0,26197.0,232.0,2.0,1.0,1.03,36.93,826.0,68.0,2511.24,341.0,190.0,227.0,12593.13,7016.7,8383.11,0.252041992987506,0.301198174175806,0.32,17.0,5.02,1139.54,1121.92,1596.3,889.44,2605.7,0.09,0.45,0.25,0.3,30504.18,6213.360000000001,20.36888059275811,36.93,7.52222760290557,0,1,0.7,2.28662442740053,0.44675983283668796,High Risk,High Profit,0,1
0.0,25559.0,208.0,0.0,3.0,1.04,31.56,1981.0,421.0,13286.76,702.0,390.0,468.0,22155.12,12308.4,14770.08,0.22628895400092,0.432838282175362,0.29,15.0,4.43,1974.58125,4529.09,1127.09,626.16,2961.48,0.27,0.45,0.25,0.3,62520.36,9243.82,14.785295542124196,31.56,4.666239273094397,1,1,0.7,1.4998015401999791,0.340872763823718,High Risk,Medium Profit,1,1
0.0,25742.0,111.0,3.0,1.0,1.03,31.12,1518.0,263.0,8184.56,565.0,314.0,376.0,17582.8,9771.68,11701.12,0.254061599932611,0.443246988719329,0.31,13.0,3.84,1443.84,2477.4,-128.51,-71.42,2097.99,0.21,0.45,0.25,0.3,47240.16,4375.46,9.262161686158557,31.12,2.8823847167325427,1,0,0.7,1.453062666223404,0.30269141134806,High Risk,Medium Profit,1,0
0.0,25763.0,72.0,0.0,0.0,1.0,42.59,535.0,120.0,5110.8,187.0,104.0,124.0,7964.33,4429.36,5281.16,0.251316444799304,0.351504382374696,0.3,14.0,4.13,512.12,2029.9,773.97,430.44,1585.45,0.29,0.45,0.25,0.3,22785.65,4819.76,21.152611402351916,42.59,9.008897196261684,0,0,0.7,3.0958564398968993,0.397179172826,High Risk,High Profit,0,0
0.0,25998.0,113.0,0.0,3.0,1.04,33.37,672.0,185.0,6173.45,219.0,122.0,146.0,7308.03,4071.14,4872.02,0.246737139690667,0.419577346136793,0.28,5.0,1.48,216.08,2059.99,392.34,218.56,1409.64,0.38,0.45,0.25,0.3,22424.64,4080.5299999999997,18.19663548667894,33.37,6.072217261904761,0,0,0.7,6.523694927804517,0.33368551417254,Low Risk,High Profit,0,0
0.0,26533.0,207.0,2.0,3.0,1.04,37.94,1147.0,44.0,1669.36,496.0,276.0,331.0,18818.24,10471.44,12558.14,0.264851968921721,0.24523503716918582,0.29,14.0,4.13,1367.03,864.08,4283.23,2383.41,5133.2,0.04,0.45,0.25,0.3,43517.18,12663.919999999998,29.100966560792767,37.94,11.040906713164777,0,1,0.7,3.755001719055178,0.48991299390909315,High Risk,High Profit,1,1
0.0,25914.0,233.0,0.0,1.0,1.03,31.66,1372.0,348.0,11017.68,461.0,256.0,307.0,14595.26,8104.96,9719.62,0.240962068364024,0.423614705004729,0.28,10.0,2.95,905.65,3695.59,808.92,449.2,2354.54,0.34,0.45,0.25,0.3,43437.520000000004,7308.25,16.824740454795762,31.660000000000004,5.326712827988338,0,1,0.7,2.599834373102192,0.335423226631247,Low Risk,High Profit,1,1
0.0,25957.0,10.0,1.0,0.0,1.0,31.88,1549.0,434.0,13835.92,502.0,279.0,334.0,16003.76,8894.52,10647.92,0.394481476955116,0.455416793772019,0.32,11.0,3.25,1085.5,2076.8,-2719.01,-1511.16,512.77,0.39,0.45,0.25,0.3,49382.119999999995,-1640.6,-3.3222550996190523,31.879999999999995,-1.0591349257585538,1,0,0.7,0.47238139106402577,0.15010172927286503,High Risk,Low Profit,2,0
0.0,26169.0,15.0,3.0,2.0,1.05,41.73,1289.0,232.0,9681.36,476.0,264.0,317.0,19863.48,11016.72,13228.41,0.254704414848238,0.368392519257031,0.31,5.0,1.48,469.16,3648.93,1328.93,737.05,4516.67,0.22,0.45,0.25,0.3,53789.97,10231.58,19.02135286559929,41.730000000000004,7.937610550814585,1,1,0.7,9.627142126353483,0.376903065894731,Low Risk,High Profit,3,1
0.0,25432.0,76.0,0.0,1.0,1.03,40.76,876.0,207.0,8437.32,301.0,167.0,201.0,12268.76,6806.92,8192.76,0.241914646159858,0.409190202481113,0.3,18.0,5.31,1067.31,2943.74,599.88,332.83,1791.1,0.31,0.45,0.25,0.3,35705.76,5667.549999999999,15.872929185655197,40.760000000000005,6.469805936073058,0,1,0.7,1.6781441193280302,0.34889515135902904,High Risk,High Profit,0,1
0.0,26165.0,11.0,3.0,2.0,1.05,39.13,1578.0,315.0,12325.95,568.0,316.0,379.0,22225.84,12365.08,14830.27,0.262688679732382,0.415173901803792,0.33,7.0,2.07,784.53,3970.65,-174.75,-97.22,3992.85,0.25,0.45,0.25,0.3,61747.14,7691.530000000001,12.456495960784581,39.13,4.874226869455007,1,1,0.7,5.089480325800161,0.32213741846382593,Low Risk,Medium Profit,1,1
0.0,26406.0,209.0,1.0,3.0,1.04,37.89,1724.0,492.0,18641.88,554.0,308.0,370.0,20991.06,11670.12,14019.3,0.399093572411221,0.50796096350532,0.32,7.0,2.07,765.9,1732.68,-4766.12,-2649.75,537.13,0.4,0.45,0.25,0.3,65322.36,-5146.0599999999995,-7.877945622295337,37.89,-2.9849535962877027,1,0,0.7,0.7013056534795665,0.09294546408345894,Low Risk,Low Profit,2,0
0.0,26696.0,210.0,1.0,3.0,1.04,40.31,988.0,277.0,11165.87,320.0,178.0,213.0,12899.2,7175.18,8586.03,0.364305329415947,0.49765848305542,0.29,5.0,1.48,315.24,1541.29,-1960.21,-1090.37,869.94,0.39,0.45,0.25,0.3,39826.28,-639.3499999999999,-1.605347022117054,40.31,-0.6471153846153845,0,0,0.7,2.759611724400457,0.138036187528633,Low Risk,Low Profit,0,0
0.0,26640.0,231.0,1.0,1.0,1.03,34.45,1497.0,420.0,14469.0,485.0,269.0,323.0,16708.25,9267.05,11127.35,0.356300590571482,0.514156293822452,0.32,8.0,2.36,762.28,1874.36,-3182.2,-1764.97,679.19,0.39,0.45,0.25,0.3,51571.65,-2393.62,-4.64134849282503,34.45,-1.5989445557782231,1,0,0.7,0.8909980584562104,0.12954311560606602,Low Risk,Low Profit,2,0
0.0,25600.0,17.0,3.0,3.0,1.04,44.6,1185.0,221.0,9856.6,434.0,241.0,289.0,19356.4,10748.6,12889.4,0.219056067727506,0.381411945819855,0.28,17.0,5.02,1450.78,3938.03,2313.71,1284.8,3698.95,0.23,0.45,0.25,0.3,52851.0,11235.49,21.2588030500842,44.6,9.481426160337552,1,1,0.7,2.549628475716511,0.399531986452639,High Risk,High Profit,1,1
0.0,25840.0,207.0,3.0,3.0,1.04,40.44,615.0,123.0,4974.12,221.0,123.0,148.0,8937.24,4974.12,5985.12,0.207354236282408,0.405242015910335,0.28,3.0,0.89,131.72,1926.99,959.89,534.24,2186.94,0.25,0.45,0.25,0.3,24870.6,5608.0599999999995,22.5489533827089,40.44,9.11879674796748,0,1,0.7,16.602945642271486,0.38740374780725695,Low Risk,High Profit,3,1
0.0,26449.0,115.0,0.0,3.0,1.04,31.69,1081.0,314.0,9950.66,345.0,192.0,230.0,10933.05,6084.48,7288.7,0.218144442792982,0.355344521906227,0.31,16.0,4.72,1085.6,4244.07,1273.82,708.91,2023.11,0.41,0.45,0.25,0.3,34256.89,8249.91,24.082483844855734,31.689999999999998,7.631739130434783,0,1,0.7,1.8635869565217391,0.42651103530079104,High Risk,High Profit,0,1
0.0,25321.0,233.0,1.0,0.0,1.0,43.59,1149.0,340.0,14820.6,364.0,202.0,243.0,15866.76,8805.18,10592.37,0.387669529230334,0.542980143497698,0.27,11.0,3.25,789.75,1027.81,-3183.66,-1766.76,-55.17,0.42,0.45,0.25,0.3,50084.91,-3977.7799999999997,-7.942072772018557,43.59,-3.4619495213228895,1,0,0.7,-0.06985754985754986,0.069350327271968,High Risk,Low Profit,2,0
1.0,26442.0,21.0,1.0,1.0,1.03,44.65,1872.0,544.0,23020.373750000002,797.0,332.0,199.0,35586.05,14823.8,8885.35,0.361944254953414,0.465298340911977,0.3,12.0,3.54,704.46,4196.21,-4528.06,-1886.22,830.55,0.41,0.6,0.25,0.15,82315.57375000001,-1387.5200000000007,-1.685610555560272,43.97199452457266,-0.7411965811965816,1,0,0.85,1.1789881611447064,0.17275740413460894,High Risk,Low Profit,2,0
1.0,25027.0,240.0,0.0,1.0,1.03,39.82,1377.0,407.0,16206.74,582.0,242.0,146.0,23175.24,9636.44,5813.72,0.244531283825636,0.439912853459828,0.28,11.0,3.25,474.5,5114.13,824.02,342.63,1360.05,0.42,0.6,0.25,0.15,54832.14000000001,7640.83,13.93494764202163,39.82000000000001,5.548896151053014,1,1,0.85,2.866280295047418,0.31555586271453606,High Risk,Medium Profit,1,1
1.0,26400.0,246.0,3.0,2.0,1.05,46.2,1073.0,221.0,10210.2,511.0,213.0,128.0,23608.2,9840.6,5913.6,0.249170163515955,0.397989060007967,0.27,10.0,2.95,377.6,3602.57,1955.72,815.2,1708.96,0.26,0.6,0.25,0.15,49572.6,8082.45,16.304268890475786,46.199999999999996,7.532572227399814,1,1,0.85,4.525847457627118,0.3528407764760779,Low Risk,High Profit,1,1
1.0,26078.0,241.0,3.0,3.0,1.04,41.28,1546.0,319.0,13168.32,736.0,307.0,184.0,30382.08,12672.96,7595.52,0.232272156216204,0.429688364639878,0.33,16.0,4.72,868.48,4451.41,244.26,101.88,1699.11,0.26,0.6,0.25,0.15,63818.880000000005,6496.66,10.179840197759658,41.28,4.202238033635187,1,1,0.85,1.9564181098010316,0.3380394791439181,High Risk,Medium Profit,1,1
1.0,25610.0,88.0,0.0,2.0,1.05,43.18,600.0,165.0,7124.7,261.0,109.0,65.0,11269.98,4706.62,2806.7,0.215217293072492,0.433281878195703,0.33,8.0,2.36,153.4,2504.34,242.31,101.2,833.16,0.38,0.6,0.25,0.15,25908.0,3681.0099999999998,14.208005249343831,43.18,6.135016666666666,0,0,0.85,5.43129074315515,0.351500828731805,Low Risk,Medium Profit,0,0
1.0,25524.0,120.0,3.0,2.0,1.05,46.25,1163.0,247.0,11423.75,550.0,229.0,137.0,25437.5,10591.25,6336.25,0.224442921560258,0.412300766445696,0.29,6.0,1.77,242.49,4149.75,1863.46,775.88,2059.19,0.27,0.6,0.25,0.15,53788.75,8848.28,16.45005693569752,46.25,7.608151332760103,1,1,0.85,8.491855334240586,0.36325631199404596,Low Risk,High Profit,3,1
1.0,26183.0,25.0,1.0,1.0,1.03,40.63,1724.0,559.0,22712.17,699.0,291.0,175.0,28400.37,11823.33,7110.25,0.362177372106817,0.518651018803939,0.27,13.0,3.84,672.0,2706.65,-4283.58,-1783.29,175.34,0.48,0.6,0.25,0.15,70046.12,-3184.8799999999997,-4.546832858122619,40.629999999999995,-1.8473781902552202,1,0,0.85,0.26092261904761904,0.11917160908924396,High Risk,Low Profit,2,0
1.0,26144.0,217.0,2.0,0.0,1.0,34.35,1071.0,88.0,3022.8,590.0,246.0,147.0,20266.5,8450.1,5049.45,0.292466923908796,0.265248913434334,0.33,14.0,4.13,607.11,1336.94,2275.61,948.81,1626.18,0.09,0.6,0.25,0.15,36788.85,6187.540000000001,16.819063384694008,34.35,5.777348272642391,0,1,0.85,2.678559074961704,0.4422841626568701,High Risk,High Profit,0,1
1.0,25269.0,221.0,3.0,2.0,1.05,42.92,1256.0,217.0,9313.64,623.0,260.0,156.0,26739.16,11159.2,6695.52,0.23040033986792,0.402880302700214,0.29,5.0,1.48,230.88,3415.49,2051.41,856.13,2224.5,0.21,0.6,0.25,0.15,53907.520000000004,8547.529999999999,15.855913980090344,42.92,6.805358280254776,1,1,0.85,9.63487525987526,0.366719357431866,Low Risk,High Profit,3,1
1.0,25069.0,239.0,1.0,2.0,1.05,44.53,1059.0,313.0,13937.89,448.0,186.0,112.0,19949.44,8282.58,4987.36,0.371326761401724,0.544503274257295,0.31,6.0,1.77,198.24,1173.15,-4505.18,-1870.46,221.55,0.42,0.6,0.25,0.15,47157.270000000004,-4980.94,-10.562401088951924,44.53,-4.703437204910292,1,0,0.85,1.117584745762712,0.08416996434098101,Low Risk,Low Profit,2,0
1.0,25246.0,119.0,1.0,0.0,1.0,37.12,844.0,241.0,8945.92,362.0,151.0,90.0,13437.44,5605.12,3340.8,0.364447359659243,0.499855996808037,0.28,10.0,2.95,265.5,1213.93,-1939.07,-808.84,187.84,0.4,0.6,0.25,0.15,31329.28,-1346.14,-4.296747323909136,37.12,-1.5949526066350712,0,0,0.85,0.7074952919020716,0.13569664353272004,Low Risk,Low Profit,0,0
1.0,25026.0,120.0,1.0,0.0,1.0,36.56,1959.0,616.0,22557.52,805.0,336.0,201.0,29430.8,12284.16,7348.56,0.368867105338722,0.478825511829928,0.29,11.0,3.25,653.25,3435.68,-4052.4,-1691.44,465.99,0.46,0.6,0.25,0.15,71621.04,-1842.1700000000003,-2.5721073025468497,36.559999999999995,-0.9403624298111283,1,0,0.85,0.7133409873708382,0.15230738283134992,High Risk,Low Profit,2,0
1.0,25715.0,20.0,0.0,0.0,1.0,36.98,627.0,159.0,5879.82,281.0,117.0,70.0,10391.38,4326.66,2588.6,0.269088426344097,0.443697705469094,0.31,16.0,4.72,330.4,1688.77,-236.78,-98.59,413.08,0.34,0.6,0.25,0.15,23186.46,1766.48,7.6185842944546085,36.98,2.8173524720893144,0,0,0.85,1.2502421307506053,0.28721386818680905,High Risk,Medium Profit,0,0
1.0,25618.0,239.0,1.0,0.0,1.0,31.17,581.0,144.0,4488.48,262.0,109.0,66.0,8166.54,3397.53,2057.22,0.381881071231328,0.546755018993281,0.3,18.0,5.31,350.46,320.32,-1867.17,-776.8,-203.65,0.33,0.6,0.25,0.15,18109.77,-2527.3,-13.955450566186098,31.17,-4.349913941480207,0,0,0.85,-0.581093420076471,0.07136390977539098,High Risk,Low Profit,0,0
1.0,25334.0,23.0,1.0,2.0,1.05,33.05,1046.0,247.0,8163.35,479.0,200.0,120.0,15830.95,6610.0,3966.0,0.386459062178619,0.501272463728674,0.28,10.0,2.95,354.0,916.49,-2655.35,-1108.71,91.26,0.31,0.6,0.25,0.15,34570.3,-2756.3099999999995,-7.973057798167789,33.050000000000004,-2.6350956022944545,0,0,0.85,0.2577966101694915,0.11226847409270713,Low Risk,Low Profit,2,0
1.0,25995.0,245.0,0.0,1.0,1.03,41.85,1676.0,366.0,15317.1,786.0,328.0,196.0,32894.1,13726.8,8202.6,0.216816678419709,0.415236765076406,0.28,3.0,0.89,174.44,5436.3550000000005,2892.92,1207.22,2843.68,0.28,0.6,0.25,0.15,70140.6,12380.175000000001,17.650511971668333,41.85,7.386739260143199,1,1,0.85,16.301765650080256,0.36794655650388497,Low Risk,High Profit,3,1
1.0,25615.0,119.0,0.0,3.0,1.04,41.26,1751.0,444.0,18319.44,784.0,327.0,196.0,32347.84,13492.02,8086.96,0.243740165624768,0.438862110255286,0.29,3.0,0.89,174.44,5436.3550000000005,886.26,369.65,2392.34,0.34,0.6,0.25,0.15,72246.26000000001,9084.605,12.574498666090117,41.260000000000005,5.188238149628783,1,1,0.85,13.714400366888329,0.31739772411994605,Low Risk,Medium Profit,3,1
1.0,25297.0,88.0,2.0,2.0,1.05,40.44,1513.0,125.0,5055.0,833.0,347.0,208.0,33686.52,14032.68,8411.52,0.292890322674066,0.321109368395992,0.32,13.0,3.84,798.72,1951.23,2223.32,926.16,2448.13,0.09,0.6,0.25,0.15,61185.72,7548.84,12.337584652105098,40.44,4.989319233311302,1,1,0.85,3.0650666065705128,0.38600030892994197,High Risk,Medium Profit,1,1
1.0,26336.0,21.0,3.0,3.0,1.04,34.75,1560.0,321.0,11154.75,743.0,310.0,186.0,25819.25,10772.5,6463.5,0.233758511506021,0.37409615800716,0.28,8.0,2.36,438.96,4374.28,2895.51,1208.09,2095.67,0.26,0.6,0.25,0.15,54210.0,10573.55,19.504796163069543,34.75,6.777916666666666,1,1,0.85,4.774170767268089,0.392145330486819,Low Risk,High Profit,1,1
1.0,25108.0,242.0,0.0,3.0,1.04,46.15,1739.0,380.0,17537.0,815.0,340.0,204.0,37612.25,15691.0,9414.6,0.253589859586209,0.356753990403377,0.28,16.0,4.72,962.88,5436.3550000000005,4124.41,1720.61,2705.58,0.28,0.6,0.25,0.15,80254.85,13986.955,17.428174122810024,46.150000000000006,8.043102357676826,1,1,0.85,2.809882851445663,0.389656150010414,High Risk,High Profit,1,1
1.0,26023.0,19.0,0.0,1.0,1.03,39.76,2199.0,616.0,23020.373750000002,910.0,379.0,228.0,36181.6,15069.04,9065.28,0.252683397009969,0.378598331613466,0.28,7.0,2.07,471.96,5436.3550000000005,3209.97,1336.9,2870.57,0.45,0.6,0.25,0.15,83336.29375000001,12853.795,15.42400606218464,37.89735959527058,5.845291041382446,1,1,0.85,6.082231545046191,0.368718271376565,Low Risk,High Profit,1,1
1.0,26153.0,18.0,1.0,0.0,1.0,30.05,1767.0,581.0,17459.05,712.0,296.0,178.0,21395.6,8894.8,5348.9,0.363809832581319,0.534899391676299,0.27,17.0,5.02,893.56,1768.44,-3609.64,-1500.63,-351.77,0.49,0.6,0.25,0.15,53098.35,-3693.6,-6.956148354892383,30.05,-2.0903225806451613,1,0,0.85,-0.39367250100720713,0.10129077574238199,High Risk,Low Profit,2,0
1.0,25766.0,119.0,3.0,2.0,1.05,40.28,1342.0,223.0,8982.44,671.0,280.0,168.0,27027.88,11278.4,6767.04,0.248494998831302,0.410611086990684,0.29,16.0,4.72,792.96,3062.06,1375.55,574.0,1513.88,0.2,0.6,0.25,0.15,54055.76,6525.49,12.071775514764752,40.28,4.862511177347243,1,1,0.85,1.9091505246166263,0.34089391417801407,High Risk,Medium Profit,1,1
1.0,25710.0,84.0,0.0,2.0,1.05,33.32,915.0,242.0,8063.44,404.0,168.0,101.0,13461.28,5597.76,3365.32,0.224992689006031,0.362242970848456,0.29,11.0,3.25,328.25,3328.3,1652.57,687.21,1060.83,0.36,0.6,0.25,0.15,30487.800000000003,6728.91,22.07082833133253,33.32,7.354,0,1,0.85,3.2317745620715916,0.412764340145513,High Risk,High Profit,0,1
1.0,26525.0,82.0,1.0,1.0,1.03,35.83,2195.0,616.0,23020.373750000002,884.0,368.0,221.0,31673.72,13185.44,7918.43,0.393687132711057,0.517130615399219,0.28,11.0,3.25,718.25,2307.08,-5601.13625,-2516.02,-12.07,0.49,0.6,0.25,0.15,75797.96375,-5822.14625,-7.681138070150334,34.53210193621867,-2.6524584282460135,1,0,0.85,-0.01680473372781065,0.08918225188972406,High Risk,Low Profit,2,0
1.0,25712.0,24.0,0.0,1.0,1.03,44.49,1359.0,395.0,17573.55,578.0,241.0,145.0,25715.22,10722.09,6451.05,0.252607616316527,0.449872615956701,0.3,8.0,2.36,342.2,5228.48,-63.78,-26.59,1577.11,0.41,0.6,0.25,0.15,60461.91,6715.219999999999,11.10652971432758,44.49,4.941295069904341,1,1,0.85,4.608737580362361,0.297519767726772,Low Risk,Medium Profit,1,1
1.0,25349.0,19.0,3.0,0.0,1.0,31.62,486.0,87.0,2750.94,239.0,100.0,60.0,7557.18,3162.0,1897.2,0.273522344883531,0.437762876972556,0.31,8.0,2.36,141.6,794.24,-160.86,-67.3,406.15,0.22,0.6,0.25,0.15,15367.320000000002,972.23,6.326607372007611,31.620000000000005,2.0004732510288066,0,0,0.85,2.8682909604519775,0.288714778143913,Low Risk,Medium Profit,0,0
1.0,25795.0,21.0,1.0,0.0,1.0,39.3,1886.0,509.0,20003.7,826.0,344.0,207.0,32461.8,13519.2,8135.1,0.387120260915253,0.481964347464964,0.3,12.0,3.54,732.78,2618.79,-5488.79,-2285.89,332.23,0.37,0.6,0.25,0.15,74119.8,-4823.66,-6.507923658725469,39.300000000000004,-2.557613997879109,1,0,0.85,0.45338300717814356,0.13091539161978294,High Risk,Low Profit,2,0
1.0,26008.0,81.0,3.0,0.0,1.0,38.11,761.0,166.0,6326.26,357.0,149.0,89.0,13605.27,5678.39,3391.79,0.250427420157939,0.40718239499256,0.31,13.0,3.84,341.76,2166.05,440.68,183.92,819.56,0.28,0.6,0.25,0.15,29001.71,3610.21,12.44826598155764,38.11,4.744034165571616,0,0,0.85,2.398057116104869,0.342390184849501,High Risk,Medium Profit,0,0
1.0,25850.0,217.0,3.0,3.0,1.04,42.53,1220.0,259.0,11015.27,577.0,240.0,144.0,24539.81,10207.2,6124.32,0.272642806898803,0.430930687393993,0.32,3.0,0.89,128.16,3265.22,-578.49,-240.62,1687.25,0.27,0.6,0.25,0.15,51886.6,4133.36,7.9661415471431924,42.53,3.388,1,0,0.85,13.165184144818976,0.29642650570720397,Low Risk,Medium Profit,3,0
1.0,26015.0,87.0,3.0,3.0,1.04,39.58,1621.0,354.0,14011.32,760.0,317.0,190.0,30080.8,12546.86,7520.2,0.278203928302974,0.431124492408708,0.32,4.0,1.18,224.2,4072.69,-882.22,-367.98,1961.71,0.28,0.6,0.25,0.15,64159.17999999999,4784.200000000001,7.4567661245047105,39.58,2.951388032078964,1,0,0.85,8.749821587867975,0.290671579288318,Low Risk,Medium Profit,1,0
1.0,25422.0,244.0,1.0,3.0,1.04,39.75,1299.0,329.0,13077.75,582.0,242.0,146.0,23134.5,9619.5,5803.5,0.351225982652977,0.451469495147467,0.31,15.0,4.43,646.78,2580.3,-2607.15,-1084.07,498.28,0.34,0.6,0.25,0.15,51635.25,-612.6399999999999,-1.186476292842583,39.75,-0.47162432640492674,1,0,0.85,0.7704010637310986,0.19730452219955597,High Risk,Low Profit,2,0
1.0,26012.0,242.0,0.0,2.0,1.05,39.07,2084.0,551.0,21527.57,920.0,383.0,230.0,35944.4,14963.81,8986.1,0.268489274159074,0.367201791936532,0.32,3.0,0.89,204.7,5436.3550000000005,1592.66,663.03,3069.02,0.36,0.6,0.25,0.15,81421.88,10761.065,13.216429048309863,39.07,5.163658829174665,1,1,0.85,14.992769907181241,0.364308933904394,Low Risk,Medium Profit,3,1
1.0,25425.0,119.0,2.0,3.0,1.04,32.36,1105.0,52.0,1682.72,632.0,263.0,158.0,20451.52,8510.68,5112.88,0.296541053603869,0.24523503716918582,0.29,17.0,5.02,793.16,807.05,3877.76,1613.69,1659.02,0.05,0.6,0.25,0.15,35757.8,7957.52,22.253941797314152,32.36,7.20137556561086,0,1,0.85,2.091658681728781,0.4582239092269451,High Risk,High Profit,0,1
1.0,26099.0,19.0,3.0,0.0,1.0,35.98,580.0,123.0,4425.54,274.0,114.0,69.0,9858.52,4101.72,2482.62,0.270001643337309,0.35182688809,0.32,16.0,4.72,325.68,1673.61,573.48,238.6,613.18,0.27,0.6,0.25,0.15,20868.4,3098.87,14.849581184949493,35.980000000000004,5.342879310344827,0,0,0.85,1.8827683615819206,0.3781714685726909,High Risk,Medium Profit,0,0
1.0,25128.0,19.0,3.0,1.0,1.03,40.82,925.0,179.0,7306.78,448.0,186.0,112.0,18287.36,7592.52,4571.84,0.269563127625734,0.368867952888832,0.32,4.0,1.18,132.16,2641.9,760.19,315.61,1520.88,0.24,0.6,0.25,0.15,37758.5,5238.58,13.873909186011096,40.82,5.66332972972973,0,1,0.85,11.507869249394675,0.361568919485434,Low Risk,Medium Profit,3,1
1.0,26088.0,116.0,3.0,2.0,1.05,39.76,1254.0,258.0,10258.08,598.0,249.0,149.0,23776.48,9900.24,5924.24,0.278205859009176,0.377555389888585,0.3,16.0,4.72,703.28,3531.23,1051.84,437.97,1336.07,0.26,0.6,0.25,0.15,49859.03999999999,6357.11,12.750165265917676,39.76,5.069465709728868,1,1,0.85,1.899769650779206,0.344238751102239,High Risk,Medium Profit,1,1
1.0,25254.0,245.0,3.0,1.0,1.03,34.75,817.0,141.0,4899.75,406.0,169.0,101.0,14108.5,5872.75,3509.75,0.220611839685589,0.445624218787998,0.27,13.0,3.84,387.84,1635.36,899.61,374.47,783.59,0.21,0.6,0.25,0.15,28390.75,3693.0299999999997,13.00786347666053,34.75,4.520232558139535,0,0,0.85,2.020395008250825,0.333763941526413,High Risk,Medium Profit,0,0
1.0,26102.0,118.0,1.0,2.0,1.05,36.99,982.0,270.0,9987.3,427.0,178.0,107.0,15794.73,6584.22,3957.93,0.382685287308414,0.470556372473948,0.29,7.0,2.07,221.49,1465.72,-2262.46,-943.13,359.37,0.38,0.6,0.25,0.15,36324.18,-1380.5,-3.8004987311482323,36.99,-1.4058044806517311,0,0,0.85,1.6225111743193823,0.146758340217638,Low Risk,Low Profit,0,0
1.0,26224.0,215.0,2.0,0.0,1.0,35.98,1538.0,126.0,4533.48,847.0,353.0,212.0,30475.06,12700.94,7627.76,0.285154600034002,0.312763985386118,0.3,11.0,3.25,689.0,1822.83,3110.94,1296.53,2377.98,0.09,0.6,0.25,0.15,55337.240000000005,8608.28,15.556034236618958,35.980000000000004,5.5970611183355015,1,1,0.85,3.4513497822931787,0.40208141457988,High Risk,High Profit,1,1
1.0,25728.0,219.0,1.0,2.0,1.05,45.72,1358.0,388.0,17739.36,582.0,242.0,146.0,26609.04,11064.24,6675.12,0.36910094980849,0.538826958462596,0.3,5.0,1.48,216.08,1633.3,-5532.76,-2300.56,398.51,0.4,0.6,0.25,0.15,62087.76,-5801.51,-9.344047844534897,45.72,-4.272098674521355,1,0,0.85,1.844270640503517,0.09207209172891395,Low Risk,Low Profit,2,0
1.0,26106.0,118.0,0.0,1.0,1.03,31.58,927.0,274.0,8652.92,392.0,163.0,98.0,12379.36,5147.54,3094.84,0.244575531296432,0.411475085932761,0.33,8.0,2.36,231.28,2976.17,172.68,71.81,833.19,0.42,0.6,0.25,0.15,29274.66,4053.85,13.847641612233923,31.58,4.373085221143474,0,0,0.85,3.602516430300934,0.343949382770807,Low Risk,Medium Profit,0,0
1.0,25499.0,117.0,1.0,0.0,1.0,34.67,1345.0,417.0,14457.39,557.0,232.0,139.0,19311.19,8043.44,4819.13,0.392548737919424,0.529197091492824,0.33,6.0,1.77,246.03,1131.35,-4861.51,-2024.9,131.09,0.45,0.6,0.25,0.15,46631.15,-5623.97,-12.060543220572514,34.67,-4.181390334572491,1,0,0.85,0.5328212006665853,0.07825417058775197,Low Risk,Low Profit,2,0
1.0,26459.0,82.0,1.0,2.0,1.05,41.58,1157.0,287.0,11933.46,522.0,218.0,130.0,21704.76,9064.44,5405.4,0.379103111242875,0.474927577609196,0.32,3.0,0.89,115.7,1741.92,-3777.29,-1577.49,673.32,0.33,0.6,0.25,0.15,48108.060000000005,-2939.5399999999995,-6.110285885566783,41.580000000000005,-2.5406568712186686,1,0,0.85,5.819533275713051,0.145969311147929,Low Risk,Low Profit,2,0
1.0,25124.0,214.0,3.0,2.0,1.05,37.23,1946.0,401.0,14929.23,927.0,386.0,232.0,34512.21,14370.78,8637.36,0.200368717927486,0.363881417782977,0.29,18.0,5.31,1231.92,5436.3550000000005,5030.15,2094.54,2531.81,0.26,0.6,0.25,0.15,72449.58,15092.855000000001,20.832218765105335,37.230000000000004,7.755835046248716,1,1,0.85,2.0551740372751475,0.435749864289537,High Risk,High Profit,1,1
1.0,25669.0,21.0,1.0,1.0,1.03,38.18,1710.0,452.0,17257.36,755.0,314.0,189.0,28825.9,11988.52,7216.02,0.374131189403124,0.463714917493053,0.29,17.0,5.02,948.78,2798.35,-3685.28,-1532.69,221.33,0.36,0.6,0.25,0.15,65287.8,-2198.2900000000004,-3.3670762378269754,38.18,-1.2855497076023394,1,0,0.85,0.2332785261072114,0.162153893103823,High Risk,Low Profit,2,0
1.0,25503.0,118.0,3.0,2.0,1.05,34.98,1278.0,271.0,9479.58,604.0,252.0,151.0,21127.92,8814.96,5281.98,0.232261857353151,0.388033886486664,0.28,7.0,2.07,312.57,3599.44,2106.54,878.89,1693.02,0.27,0.6,0.25,0.15,44704.44,8277.89,18.516930309383138,34.980000000000004,6.477222222222221,1,1,0.85,5.416450715039831,0.379704256160185,Low Risk,High Profit,1,1
1.0,25747.0,117.0,1.0,1.0,1.03,45.55,1170.0,340.0,15487.0,498.0,208.0,124.0,22683.9,9474.4,5648.2,0.358018621860538,0.47737461978104,0.29,10.0,2.95,365.8,2549.26,-2844.41,-1188.03,563.93,0.41,0.6,0.25,0.15,53293.5,-919.2499999999997,-1.7248820212596276,45.55,-0.7856837606837604,1,0,0.85,1.5416347731000546,0.16460675835842198,Low Risk,Low Profit,2,0
1.0,25263.0,123.0,1.0,3.0,1.04,32.66,1394.0,458.0,14958.28,562.0,234.0,140.0,18354.92,7642.44,4572.4,0.377910198504105,0.545449625281617,0.32,4.0,1.18,165.2,1146.41,-4466.85,-1859.86,185.23,0.49,0.6,0.25,0.15,45528.04,-4995.070000000001,-10.971414539259763,32.660000000000004,-3.583263988522239,1,0,0.85,1.1212469733656174,0.07664017621427799,Low Risk,Low Profit,2,0
1.0,26196.0,23.0,3.0,0.0,1.0,44.09,1348.0,286.0,12609.74,637.0,266.0,159.0,28085.33,11727.94,7010.31,0.276163032259792,0.403236617078073,0.31,6.0,1.77,281.43,4042.69,297.71,124.32,1966.08,0.27,0.6,0.25,0.15,59433.32,6430.799999999999,10.820193117261494,44.089999999999996,4.7706231454005925,1,1,0.85,6.9860356038801825,0.320600350662135,Low Risk,Medium Profit,1,1
1.0,25266.0,245.0,0.0,3.0,1.04,39.33,1694.0,410.0,16125.3,770.0,321.0,193.0,30284.1,12624.93,7590.69,0.219555714428425,0.416442147921771,0.33,9.0,2.66,513.38,5436.3550000000005,1029.72,429.27,2249.65,0.32,0.6,0.25,0.15,66625.01999999999,9144.995,13.726067174163703,39.32999999999999,5.398462219598584,1,1,0.85,4.382036697962523,0.36400213764980405,Low Risk,Medium Profit,1,1
1.0,26560.0,119.0,2.0,2.0,1.05,36.31,847.0,24.0,871.44,494.0,206.0,123.0,17937.14,7479.86,4466.13,0.256718570971861,0.24523503716918582,0.27,13.0,3.84,472.32,456.71,4557.67,1900.57,1868.34,0.03,0.6,0.25,0.15,30754.57,8783.289999999999,28.559300292606913,36.31,10.369881936245571,0,1,0.85,3.955665650406504,0.49804639185895316,High Risk,High Profit,0,1
1.0,26601.0,221.0,1.0,2.0,1.05,36.06,1239.0,307.0,11070.42,559.0,233.0,140.0,20157.54,8401.98,5048.4,0.391479629848618,0.542518933513202,0.32,8.0,2.36,330.4,730.66,-5119.99,-2134.09,2.8,0.33,0.6,0.25,0.15,44678.340000000004,-6520.62,-14.594588787318417,36.06,-5.262808716707021,0,0,0.85,0.00847457627118644,0.06600143663818003,Low Risk,Low Profit,2,0
1.0,26225.0,84.0,2.0,2.0,1.05,36.32,574.0,47.0,1707.04,316.0,132.0,79.0,11477.12,4794.24,2869.28,0.259631792397704,0.24871460768627,0.32,7.0,2.07,163.53,839.27,1970.09,822.95,1247.16,0.09,0.6,0.25,0.15,20847.68,4879.469999999999,23.4053381479378,36.32,8.500818815331009,0,0,0.85,7.626490552192259,0.491653599916026,Low Risk,High Profit,0,0
1.0,26563.0,216.0,1.0,0.0,1.0,34.46,776.0,188.0,6478.48,353.0,147.0,88.0,12164.38,5065.62,3032.48,0.390167050494347,0.484435608796775,0.32,9.0,2.66,234.08,812.38,-2367.22,-985.78,146.18,0.32,0.6,0.25,0.15,26740.96,-2394.44,-8.9542035888016,34.46,-3.085618556701031,0,0,0.85,0.6244873547505126,0.12539734070887798,Low Risk,Low Profit,0,0
1.0,25755.0,21.0,0.0,1.0,1.03,38.31,1698.0,411.0,15745.41,772.0,322.0,193.0,29575.32,12335.82,7393.83,0.264337462056428,0.376248777471483,0.32,18.0,5.31,1024.83,5436.3550000000005,1165.67,486.2,1632.61,0.32,0.6,0.25,0.15,65050.38,8720.835000000001,13.406278333808352,38.309999999999995,5.13594522968198,1,1,0.85,1.5930544578125152,0.35941376047208906,High Risk,Medium Profit,1,1
1.0,26605.0,243.0,1.0,1.0,1.03,34.49,968.0,245.0,8450.05,434.0,181.0,108.0,14968.66,6242.69,3724.92,0.350764283211902,0.542664917814545,0.31,4.0,1.18,127.44,900.53,-3045.06,-1269.95,269.53,0.34,0.6,0.25,0.15,33386.32,-3144.95,-9.419876164848356,34.49,-3.2489152892561983,0,0,0.85,2.114956057752668,0.10657079897355304,Low Risk,Low Profit,2,0
1.0,25100.0,240.0,0.0,0.0,1.0,39.0,1716.0,481.0,18759.0,741.0,309.0,185.0,28899.0,12051.0,7215.0,0.226575082670897,0.356397570972331,0.33,16.0,4.72,873.2,5436.3550000000005,2515.0,1048.77,2135.65,0.39,0.6,0.25,0.15,66924.0,11135.775,16.639434283665054,39.0,6.48937937062937,1,1,0.85,2.445774163994503,0.41702734635677197,High Risk,High Profit,1,1
1.0,25988.0,243.0,3.0,3.0,1.04,32.14,1986.0,434.0,13948.76,931.0,388.0,233.0,29922.34,12470.32,7488.62,0.274404364507645,0.42480582697317,0.31,12.0,3.54,824.82,4195.64,-275.59,-114.85,1427.68,0.28,0.6,0.25,0.15,63830.04,5232.88,8.198146202007708,32.14,2.634884189325277,1,1,0.85,1.7308988627821829,0.300789808519185,High Risk,Medium Profit,1,1
1.0,25194.0,218.0,1.0,0.0,1.0,42.13,906.0,219.0,9226.47,412.0,172.0,103.0,17357.56,7246.36,4339.39,0.380105295253452,0.477796747698449,0.32,17.0,5.02,517.06,1311.06,-3087.95,-1289.14,99.56,0.32,0.6,0.25,0.15,38169.78,-2966.47,-7.771776520587753,42.129999999999995,-3.27424944812362,0,0,0.85,0.19255018759911813,0.14209795704809902,High Risk,Low Profit,2,0
1.0,26488.0,245.0,0.0,1.0,1.03,40.1,1532.0,397.0,15919.7,681.0,284.0,170.0,27308.1,11388.4,6817.0,0.227174992673099,0.391697818483226,0.3,4.0,1.18,200.6,5436.3550000000005,2215.43,923.91,2397.54,0.35,0.6,0.25,0.15,61433.200000000004,10973.235,17.862059928507712,40.1,7.162686031331593,1,1,0.85,11.9518444666002,0.381127188843675,Low Risk,High Profit,3,1
1.0,26409.0,85.0,3.0,0.0,1.0,35.86,699.0,157.0,5630.02,325.0,136.0,81.0,11654.5,4876.96,2904.66,0.212010084744543,0.381449992023408,0.3,15.0,4.43,358.83,2288.83,1241.67,519.59,822.03,0.29,0.6,0.25,0.15,25066.14,4872.12,19.437057321151162,35.86,6.970128755364807,0,0,0.85,2.2908619680628712,0.406539923232049,High Risk,High Profit,0,0
1.0,25278.0,81.0,0.0,1.0,1.03,35.66,975.0,283.0,10091.78,415.0,173.0,104.0,14798.9,6169.18,3708.64,0.243387985173613,0.42571567571722,0.31,17.0,5.02,522.08,3339.33,309.24,128.91,705.1,0.41,0.6,0.25,0.15,34768.5,4482.58,12.892647079971814,35.66,4.5975179487179485,0,0,0.85,1.3505593012565122,0.33089633910916705,High Risk,Medium Profit,0,0
1.0,25035.0,86.0,3.0,3.0,1.04,43.39,733.0,137.0,5944.43,358.0,149.0,89.0,15533.62,6465.11,3861.71,0.279572833776474,0.427455027331598,0.28,4.0,1.18,105.02,1741.55,201.5,83.87,1026.35,0.23,0.6,0.25,0.15,31804.870000000003,3053.27,9.600007797547985,43.39,4.165443383356071,0,0,0.85,9.772900399923824,0.29297213889192797,Low Risk,Medium Profit,3,0
1.0,26452.0,88.0,1.0,2.0,1.05,46.38,1671.0,494.0,22911.72,706.0,294.0,177.0,32744.28,13635.72,8209.26,0.396182681852952,0.468002405646257,0.31,13.0,3.84,679.68,3111.75,-5601.13625,-2375.14,435.26,0.42,0.6,0.25,0.15,77500.98,-4429.266249999999,-5.715109989576905,46.379999999999995,-2.650668013165768,1,0,0.85,0.6403895951035782,0.13581491250079103,High Risk,Low Profit,2,0
1.0,25281.0,221.0,1.0,1.0,1.03,45.08,1054.0,322.0,14515.76,439.0,183.0,110.0,19790.12,8249.64,4958.8,0.357244657352567,0.452993982331827,0.28,10.0,2.95,324.5,2754.53,-1785.83,-744.44,616.49,0.44,0.6,0.25,0.15,47514.32,840.7500000000002,1.7694665523993613,45.08,0.7976755218216321,1,0,0.85,1.8998151001540833,0.18976136031560598,Low Risk,Low Profit,0,0
1.0,25632.0,24.0,1.0,1.0,1.03,40.05,1279.0,384.0,15379.2,537.0,224.0,134.0,21506.85,8971.2,5366.7,0.353959595959168,0.499846138083376,0.31,11.0,3.25,435.5,2248.35,-3522.95,-1469.53,349.08,0.43,0.6,0.25,0.15,51223.95,-2395.05,-4.675644888767852,40.05,-1.8725957779515248,1,0,0.85,0.8015614236509758,0.146194265957456,High Risk,Low Profit,2,0
1.0,26616.0,25.0,0.0,3.0,1.04,36.03,822.0,230.0,8286.9,355.0,148.0,89.0,12790.65,5332.44,3206.67,0.26196017023176,0.404206880182028,0.29,12.0,3.54,315.06,2766.44,560.65,233.74,755.43,0.39,0.6,0.25,0.15,29616.659999999996,4316.26,14.573756797694273,36.029999999999994,5.250924574209246,0,0,0.85,2.397733764997143,0.333832949586212,High Risk,Medium Profit,0,0
1.0,25485.0,21.0,2.0,2.0,1.05,36.15,1549.0,101.0,3651.15,869.0,362.0,217.0,31414.35,13086.3,7844.55,0.298081421875395,0.24523503716918582,0.33,16.0,4.72,1024.24,1825.9,5343.26,2225.85,2898.74,0.07,0.6,0.25,0.15,55996.350000000006,12293.75,21.95455596659425,36.150000000000006,7.936571981923822,1,1,0.85,2.8301374677809887,0.4566835409554192,High Risk,High Profit,1,1
1.0,25526.0,121.0,1.0,1.0,1.03,39.19,864.0,251.0,9836.69,368.0,153.0,92.0,14421.92,5996.07,3605.48,0.381625039479695,0.452628683648072,0.29,8.0,2.36,217.12,1630.39,-1791.98,-745.03,380.47,0.41,0.6,0.25,0.15,33860.16,-526.1499999999999,-1.5538910625348485,39.190000000000005,-0.6089699074074072,0,0,0.85,1.7523489314664702,0.16574627687223298,Low Risk,Low Profit,0,0
1.0,25690.0,242.0,3.0,3.0,1.04,34.72,1548.0,329.0,11422.88,731.0,305.0,183.0,25380.32,10589.6,6353.76,0.211169311255217,0.353692920994945,0.32,9.0,2.66,486.78,4970.53,2922.23,1219.26,2277.98,0.27,0.6,0.25,0.15,53746.56,11390.0,21.19205396587242,34.72,7.357881136950905,1,1,0.85,4.679691030855828,0.43513776774983803,Low Risk,High Profit,1,1
1.0,25164.0,84.0,0.0,0.0,1.0,33.91,1708.0,404.0,13699.64,782.0,326.0,196.0,26517.62,11054.66,6646.36,0.275084480158985,0.434299941756763,0.31,13.0,3.84,752.64,3981.33,-514.03,-214.29,1178.9,0.31,0.6,0.25,0.15,57918.28,4431.91,7.6520055498885675,33.91,2.594795081967213,1,0,0.85,1.5663531037414968,0.290615578084252,High Risk,Medium Profit,1,0
1.0,26581.0,213.0,1.0,2.0,1.05,35.77,708.0,175.0,6259.75,320.0,133.0,80.0,11446.4,4757.41,2861.6,0.359229356178548,0.543293463112786,0.3,13.0,3.84,307.2,610.18,-2318.16,-963.48,-28.26,0.33,0.6,0.25,0.15,25325.16,-2699.7200000000003,-10.66022880013394,35.77,-3.81316384180791,0,0,0.85,-0.0919921875,0.09747718070866596,High Risk,Low Profit,0,0
1.0,25410.0,26.0,1.0,1.0,1.03,38.6,1792.0,493.0,19029.8,779.0,325.0,195.0,30069.4,12545.0,7527.0,0.385923194221687,0.500383127992973,0.28,10.0,2.95,575.25,2163.57,-5000.73,-2086.31,280.52,0.38,0.6,0.25,0.15,69171.2,-4642.949999999999,-6.712258859178386,38.6,-2.5909319196428564,1,0,0.85,0.4876488483268144,0.1136936777853399,Low Risk,Low Profit,2,0
1.0,25370.0,246.0,0.0,3.0,1.04,34.22,1902.0,503.0,17212.66,839.0,350.0,210.0,28710.58,11977.0,7186.2,0.200822497606277,0.443855504575185,0.28,13.0,3.84,806.4,5436.3550000000005,2162.54,902.13,1747.01,0.36,0.6,0.25,0.15,65086.44,10248.035,15.745268907010429,34.22,5.388031019978969,1,1,0.85,2.1664310515873018,0.355321997818538,High Risk,High Profit,1,1
1.0,25532.0,241.0,1.0,0.0,1.0,32.81,1776.0,559.0,18340.79,730.0,304.0,183.0,23951.3,9974.24,6004.23,0.366434603743255,0.460967471939512,0.3,18.0,5.31,971.73,3165.58,-3051.45,-1270.74,64.59,0.46,0.6,0.25,0.15,58270.56,-1092.02,-1.8740509787446697,32.809999999999995,-0.6148761261261261,1,0,0.85,0.06646908091753882,0.1725979243172331,High Risk,Low Profit,2,0
1.0,26464.0,243.0,3.0,1.0,1.03,35.82,917.0,200.0,7164.0,430.0,179.0,108.0,15402.6,6411.78,3868.56,0.254136428367347,0.36182637065649,0.28,12.0,3.54,382.32,2751.24,1602.44,667.06,1103.35,0.28,0.6,0.25,0.15,32846.939999999995,6124.09,18.644324250599905,35.81999999999999,6.678396946564885,0,1,0.85,2.8859332496338146,0.384037200976163,High Risk,High Profit,0,1
1.0,25778.0,121.0,0.0,2.0,1.05,43.68,1907.0,451.0,19699.68,874.0,364.0,218.0,38176.32,15899.52,9522.24,0.247065822742879,0.448757321154699,0.3,10.0,2.95,643.1,5436.3550000000005,159.46,66.41,2253.35,0.31,0.6,0.25,0.15,83297.76000000001,7915.575000000001,9.502746532439769,43.68000000000001,4.150799685369691,1,1,0.85,3.5038874203078834,0.30417685610242196,Low Risk,Medium Profit,1,1
1.0,25899.0,123.0,3.0,2.0,1.05,42.28,577.0,122.0,5158.16,273.0,114.0,68.0,11542.44,4819.92,2875.04,0.215359400771558,0.375734021747485,0.29,6.0,1.77,120.36,2109.21,1372.47,573.12,1055.26,0.27,0.6,0.25,0.15,24395.559999999998,5110.06,20.946680461526608,42.279999999999994,8.85625649913345,0,1,0.85,8.767530741110003,0.40890657748095705,Low Risk,High Profit,0,1
1.0,25051.0,220.0,3.0,2.0,1.05,36.53,1539.0,317.0,11580.01,733.0,306.0,183.0,26776.49,11178.18,6684.99,0.265349924974144,0.408302287640981,0.32,11.0,3.25,594.75,3779.11,169.97,70.96,1586.88,0.26,0.6,0.25,0.15,56219.67,5606.92,9.97323534627649,36.53,3.643222871994802,1,1,0.85,2.6681462799495588,0.326347787384875,High Risk,Medium Profit,1,1
1.0,26508.0,118.0,0.0,1.0,1.03,31.08,1351.0,335.0,10411.8,610.0,254.0,152.0,18958.8,7894.32,4724.16,0.226666594538838,0.354756896616891,0.32,6.0,1.77,269.04,4358.13,1868.89,778.19,1708.38,0.33,0.6,0.25,0.15,41989.08,8713.59,20.75203838712351,31.080000000000002,6.449733530717987,0,1,0.85,6.349910793933987,0.418576508844271,Low Risk,High Profit,3,1
1.0,26146.0,121.0,0.0,3.0,1.04,32.19,1034.0,306.0,9850.14,437.0,182.0,109.0,14067.03,5858.58,3508.71,0.232472664527595,0.365741711459123,0.27,16.0,4.72,514.48,3957.64,1853.83,772.08,895.27,0.42,0.6,0.25,0.15,33284.46,7478.82,22.469404641084758,32.19,7.232901353965183,0,1,0.85,1.7401453895195147,0.401785624013282,High Risk,High Profit,0,1
1.0,26267.0,220.0,1.0,2.0,1.05,34.82,1242.0,361.0,12570.02,529.0,220.0,132.0,18419.78,7660.4,4596.24,0.38730479341466,0.520932093821466,0.31,12.0,3.54,467.28,1153.46,-4019.88,-1671.78,-45.51,0.41,0.6,0.25,0.15,43246.439999999995,-4583.71,-10.59904584053624,34.81999999999999,-3.6905877616747182,0,0,0.85,-0.0973934257832563,0.09176311276387406,High Risk,Low Profit,2,0
1.0,25176.0,83.0,1.0,1.0,1.03,36.42,884.0,270.0,9833.4,368.0,154.0,92.0,13402.56,5608.68,3350.64,0.390852915146388,0.547322647483088,0.32,8.0,2.36,217.12,607.94,-3460.21,-1448.02,-9.97,0.44,0.6,0.25,0.15,32195.28,-4310.26,-13.387863065641922,36.42,-4.8758597285067875,0,0,0.85,-0.045919307295504794,0.06182443737052401,Low Risk,Low Profit,2,0
1.0,26512.0,116.0,2.0,1.0,1.03,31.45,528.0,20.0,629.0,305.0,127.0,76.0,9592.25,3994.15,2390.2,0.2813045074814,0.336554414918646,0.31,10.0,2.95,224.2,240.37,692.0,288.14,689.19,0.04,0.6,0.25,0.15,16605.6,1909.7,11.500337235631354,31.449999999999996,3.616856060606061,0,0,0.85,3.07399643175736,0.38214107759995397,Low Risk,Medium Profit,0,0
1.0,26513.0,116.0,1.0,0.0,1.0,40.96,1045.0,324.0,13271.04,433.0,180.0,108.0,17735.68,7372.8,4423.68,0.352179892244749,0.497592388815247,0.32,6.0,1.77,191.16,1993.68,-3011.03,-1251.7,473.4,0.45,0.6,0.25,0.15,42803.200000000004,-1795.65,-4.195130270633971,40.96,-1.7183253588516747,0,0,0.85,2.4764595103578153,0.15022771894000408,Low Risk,Low Profit,2,0
1.0,25543.0,22.0,1.0,2.0,1.05,44.93,1141.0,314.0,14108.02,496.0,207.0,124.0,22285.28,9300.51,5571.32,0.351122852961998,0.460182573297061,0.33,5.0,1.48,183.52,2662.11,-3149.03,-1314.21,867.76,0.38,0.6,0.25,0.15,51265.130000000005,-933.3700000000001,-1.820672258121651,44.93000000000001,-0.818028045574058,1,0,0.85,4.728421970357454,0.1886945737409409,Low Risk,Low Profit,2,0
1.0,25545.0,120.0,1.0,3.0,1.04,42.07,851.0,211.0,8876.77,384.0,160.0,96.0,16154.88,6731.2,4038.72,0.363002442847937,0.472114739613608,0.3,17.0,5.02,481.92,1463.63,-2182.8,-909.5,184.0,0.33,0.6,0.25,0.15,35801.57,-1444.67,-4.03521409815268,42.07,-1.697614571092832,0,0,0.85,0.38180610889774236,0.16488281753845502,High Risk,Low Profit,0,0
1.0,25909.0,221.0,1.0,2.0,1.05,38.01,828.0,223.0,8476.23,363.0,151.0,91.0,13797.63,5739.51,3458.91,0.356276580388658,0.51907343599014,0.3,15.0,4.43,403.13,1056.56,-2419.41,-1006.42,28.02,0.37,0.6,0.25,0.15,31472.280000000002,-2341.25,-7.439086078288576,38.010000000000005,-2.827596618357488,0,0,0.85,0.06950611465284151,0.12464998362120205,High Risk,Low Profit,0,0
1.0,25992.0,20.0,3.0,0.0,1.0,37.15,903.0,197.0,7318.55,424.0,176.0,106.0,15751.6,6538.4,3937.9,0.275219822190702,0.385960437194444,0.28,10.0,2.95,312.7,2479.67,926.51,384.59,1021.54,0.28,0.6,0.25,0.15,33546.450000000004,4812.31,14.345213875089613,37.150000000000006,5.329246954595792,0,0,0.85,3.266837224176527,0.338819740614854,Low Risk,Medium Profit,0,0
1.0,26397.0,241.0,1.0,2.0,1.05,44.41,1117.0,295.0,13100.95,493.0,206.0,123.0,21894.13,9148.46,5462.43,0.373765610810369,0.488650142215192,0.32,11.0,3.25,399.75,1802.48,-3993.83,-1668.82,351.79,0.36,0.6,0.25,0.15,49605.97,-3508.38,-7.0724955081011425,44.410000000000004,-3.140895255147717,1,0,0.85,0.8800250156347718,0.13758424697443905,High Risk,Low Profit,2,0
1.0,25994.0,24.0,0.0,1.0,1.03,38.81,1208.0,306.0,11875.86,541.0,226.0,135.0,20996.21,8771.06,5239.35,0.279093513116241,0.403864918788895,0.33,7.0,2.07,279.45,3765.14,-272.08,-113.66,1381.64,0.34,0.6,0.25,0.15,46882.479999999996,4761.04,10.155264823874505,38.809999999999995,3.9412582781456953,1,0,0.85,4.944140275541242,0.31704156809486395,Low Risk,Medium Profit,0,0
1.0,26035.0,215.0,1.0,3.0,1.04,46.7,1772.0,497.0,23020.373750000002,765.0,319.0,191.0,35725.5,14897.3,8919.7,0.371603379561566,0.546367139532231,0.3,10.0,2.95,563.45,1903.9,-5601.13625,-3090.4475,168.23,0.39,0.6,0.25,0.15,82562.87375,-6619.453750000001,-8.017470140445543,46.593043876975166,-3.735583380361174,1,0,0.85,0.298571301801402,0.08202948090620299,Low Risk,Low Profit,2,0
1.0,26157.0,117.0,3.0,3.0,1.04,40.3,1585.0,327.0,13178.1,755.0,314.0,189.0,30426.5,12654.2,7616.7,0.23987269192934,0.437369135953486,0.3,3.0,0.89,168.21,4253.34,692.45,287.99,2290.14,0.26,0.6,0.25,0.15,63875.5,7523.92,11.779038911632785,40.3,4.746952681388013,1,1,0.85,13.614767255216693,0.32275817211717406,Low Risk,Medium Profit,3,1
1.0,25511.0,19.0,0.0,3.0,1.04,41.47,778.0,179.0,7423.13,359.0,150.0,90.0,14887.73,6220.5,3732.3,0.206451105829328,0.418182221613824,0.28,10.0,2.95,265.5,2786.4,1419.79,593.23,1135.48,0.3,0.6,0.25,0.15,32263.66,5934.9,18.39499920343817,41.47,7.628406169665809,0,1,0.85,4.276760828625235,0.37536667255684797,Low Risk,High Profit,0,1
1.0,25552.0,25.0,3.0,3.0,1.04,37.01,858.0,160.0,5921.6,419.0,174.0,105.0,15507.19,6439.74,3886.05,0.262482558079064,0.391402517212555,0.32,11.0,3.25,341.25,2049.55,404.97,168.17,1003.77,0.23,0.6,0.25,0.15,31754.579999999998,3626.4600000000005,11.420273862856952,37.01,4.226643356643357,0,0,0.85,2.941450549450549,0.346114924708381,High Risk,Medium Profit,0,0
1.0,26403.0,22.0,3.0,2.0,1.05,39.74,1090.0,231.0,9179.94,515.0,215.0,129.0,20466.1,8544.1,5126.46,0.236420505195856,0.442328492319211,0.3,10.0,2.95,380.55,2949.06,434.93,181.57,1266.33,0.27,0.6,0.25,0.15,43316.6,4831.889999999999,11.154822862366851,39.74,4.432926605504587,0,0,0.85,3.3276310603074495,0.321251002484933,Low Risk,Medium Profit,0,0
1.0,25636.0,85.0,3.0,2.0,1.05,41.3,860.0,193.0,7970.9,400.0,167.0,100.0,16520.0,6897.1,4130.0,0.216888165101409,0.41051693004556,0.3,7.0,2.07,207.0,2969.92,1199.27,500.69,1331.82,0.29,0.6,0.25,0.15,35518.0,6001.7,16.897629371023143,41.3,6.978720930232558,0,1,0.85,6.4339130434782605,0.37259490485303104,Low Risk,High Profit,0,1
1.0,26526.0,84.0,3.0,2.0,1.05,47.14,1669.0,365.0,17206.1,782.0,326.0,196.0,36863.48,15367.64,9239.44,0.205915519483387,0.41907460920047,0.32,9.0,2.66,521.36,5436.3550000000005,2027.86,845.37,2943.52,0.28,0.6,0.25,0.15,78676.66,11253.105000000001,14.302977528532606,47.14,6.74242360695027,1,1,0.85,5.645849317170477,0.37500987131614294,Low Risk,Medium Profit,1,1
1.0,26002.0,213.0,0.0,1.0,1.03,37.74,574.0,161.0,6076.14,248.0,103.0,62.0,9359.52,3887.22,2339.88,0.265319737531245,0.413660392141901,0.31,17.0,5.02,311.24,1950.56,103.14,42.84,439.91,0.39,0.6,0.25,0.15,21662.760000000002,2536.45,11.708803495030178,37.74,4.41890243902439,0,0,0.85,1.4134108726384784,0.3210198703268541,High Risk,Medium Profit,0,0
1.0,26407.0,242.0,0.0,3.0,1.04,42.96,729.0,201.0,8634.96,317.0,132.0,79.0,13618.32,5670.72,3393.84,0.217929768580943,0.430856885272078,0.29,17.0,5.02,396.58,3032.71,833.62,347.12,795.38,0.38,0.6,0.25,0.15,31317.84,5008.83,15.993535952671065,42.96,6.87082304526749,0,1,0.85,2.0055978617176864,0.35121334614697897,High Risk,High Profit,0,1
1.0,26650.0,243.0,3.0,0.0,1.0,44.38,972.0,200.0,8876.0,463.0,193.0,116.0,20547.94,8565.34,5148.08,0.261481612157077,0.361943576228805,0.3,6.0,1.77,205.32,3342.48,1573.45,655.89,1733.32,0.26,0.6,0.25,0.15,43137.36,7305.14,16.934601468425512,44.38,7.515576131687243,0,1,0.85,8.442041691018897,0.376574811614118,Low Risk,High Profit,3,1
1.0,25195.0,26.0,2.0,3.0,1.04,45.12,1002.0,38.0,1714.56,578.0,241.0,145.0,26079.36,10873.92,6542.4,0.277063583978452,0.24523503716918582,0.31,15.0,4.43,642.35,857.93,4964.98,2070.17,2631.33,0.04,0.6,0.25,0.15,45210.240000000005,10524.41,23.278819134780083,45.120000000000005,10.503403193612774,1,1,0.85,4.096411613606289,0.4777013788523622,High Risk,High Profit,1,1
1.0,25075.0,118.0,0.0,3.0,1.04,43.83,1005.0,260.0,11395.8,447.0,186.0,112.0,19592.01,8152.38,4908.96,0.254103430975229,0.431581871630624,0.27,8.0,2.36,264.32,3581.87,868.21,361.27,1278.64,0.35,0.6,0.25,0.15,44049.149999999994,6089.990000000001,13.825442715693722,43.82999999999999,6.059691542288558,0,1,0.85,4.8374697336561745,0.31431469739414697,Low Risk,Medium Profit,0,1
1.0,25197.0,119.0,0.0,3.0,1.04,46.02,984.0,291.0,13391.82,416.0,173.0,104.0,19144.32,7961.46,4786.08,0.220303283929825,0.406533859437332,0.29,10.0,2.95,306.8,4997.33,1592.1,662.1,1479.19,0.42,0.6,0.25,0.15,45283.68,8730.720000000001,19.28005851114574,46.02,8.872682926829269,1,1,0.85,4.821349413298566,0.373162856632843,Low Risk,High Profit,0,1
1.0,25158.0,241.0,3.0,0.0,1.0,42.41,538.0,111.0,4707.51,256.0,107.0,64.0,10856.96,4537.87,2714.24,0.205707859862596,0.422846574056894,0.29,17.0,5.02,321.28,1748.58,884.25,369.59,686.91,0.26,0.6,0.25,0.15,22816.58,3689.33,16.169513573024528,42.410000000000004,6.857490706319703,0,0,0.85,2.1380415836653386,0.37144556608051005,High Risk,High Profit,0,0
1.0,25607.0,213.0,3.0,2.0,1.05,35.09,1951.0,390.0,13685.1,937.0,390.0,234.0,32879.33,13685.1,8211.06,0.213525548540056,0.382258386537433,0.31,9.0,2.66,622.44,5436.3550000000005,3097.76,1289.36,2696.6,0.25,0.6,0.25,0.15,68460.59,12520.075000000003,18.288003360765664,35.089999999999996,6.417260379292672,1,1,0.85,4.332305121778806,0.40421606492251105,Low Risk,High Profit,1,1
1.0,25928.0,119.0,0.0,1.0,1.03,32.62,1331.0,352.0,11482.24,587.0,245.0,147.0,19147.94,7991.9,4795.14,0.255863533467054,0.374861979205161,0.28,13.0,3.84,564.48,4240.1,1709.42,713.47,1206.24,0.36,0.6,0.25,0.15,43417.22,7869.2300000000005,18.12467495615795,32.62,5.912268970698723,0,1,0.85,2.136904761904762,0.369274487327785,High Risk,High Profit,1,1
1.0,25081.0,116.0,3.0,2.0,1.05,44.48,1028.0,218.0,9696.64,486.0,202.0,122.0,21617.28,8984.96,5426.56,0.217780247461051,0.429491965961643,0.32,16.0,4.72,575.84,3420.27,707.49,294.06,1338.26,0.27,0.6,0.25,0.15,45725.439999999995,5760.080000000001,12.597101307281028,44.48,5.6031906614786005,1,1,0.85,2.3240136148930257,0.35272778657730597,High Risk,Medium Profit,0,1
1.0,25445.0,217.0,1.0,1.0,1.03,44.76,1663.0,403.0,18038.28,756.0,315.0,189.0,33838.56,14099.4,8459.64,0.385186138481367,0.481903146370314,0.33,16.0,4.72,892.08,2397.48,-5601.13625,-2778.84,232.3,0.32,0.6,0.25,0.15,74435.87999999999,-5750.19625,-7.7250329411031355,44.75999999999999,-3.4577247444377632,1,0,0.85,0.2604026544704511,0.13291071514831898,High Risk,Low Profit,2,0
1.0,25367.0,246.0,3.0,3.0,1.04,35.22,1993.0,448.0,15778.56,927.0,386.0,232.0,32648.94,13594.92,8171.04,0.249436927586794,0.424369999393821,0.32,11.0,3.25,754.0,5146.86,202.2,84.19,1911.34,0.29,0.6,0.25,0.15,70193.45999999999,7344.589999999999,10.463353708450901,35.22,3.685193176116407,1,1,0.85,2.534933687002652,0.32619307301938505,High Risk,Medium Profit,1,1
1.0,26539.0,241.0,2.0,1.0,1.03,34.09,700.0,20.0,681.8,408.0,170.0,102.0,13908.72,5795.3,3477.18,0.290788418869488,0.280518082971685,0.32,15.0,4.43,451.86,292.28,1511.79,629.91,1038.78,0.03,0.6,0.25,0.15,23863.0,3472.76,14.552906172736035,34.09,4.961085714285715,0,0,0.85,2.2988978887265965,0.42869349815882707,High Risk,Medium Profit,0,0
1.0,25165.0,81.0,0.0,3.0,1.04,35.01,1272.0,315.0,11028.15,574.0,239.0,144.0,20095.74,8367.39,5041.44,0.245988546796143,0.3992873826297,0.32,13.0,3.84,552.96,3911.95,697.81,290.55,1235.36,0.33,0.6,0.25,0.15,44532.72,6135.67,13.777891851205137,35.01,4.823639937106918,0,1,0.85,2.234085648148148,0.354724070574157,High Risk,Medium Profit,0,1
1.0,25085.0,239.0,3.0,3.0,1.04,42.01,1073.0,186.0,7813.86,532.0,222.0,133.0,22349.32,9326.22,5587.33,0.212877042852342,0.391266911453567,0.29,18.0,5.31,706.23,3093.16,2365.81,987.24,1505.55,0.21,0.6,0.25,0.15,45076.73,7951.759999999999,17.64049876732407,42.010000000000005,7.410773532152842,1,1,0.85,2.1318125823032155,0.39585604569409094,High Risk,High Profit,0,1
1.0,25167.0,25.0,1.0,1.0,1.03,43.09,759.0,184.0,7928.56,345.0,144.0,86.0,14866.05,6204.96,3705.74,0.35448792935349,0.494046525796875,0.32,12.0,3.54,304.44,1200.9,-2505.44,-1045.75,256.85,0.32,0.6,0.25,0.15,32705.309999999998,-2093.44,-6.400917771456685,43.089999999999996,-2.758155467720685,0,0,0.85,0.8436801997109448,0.15146554484963493,High Risk,Low Profit,0,0
1.0,26179.0,81.0,3.0,0.0,1.0,31.41,795.0,183.0,5748.03,367.0,153.0,92.0,11527.47,4805.73,2889.72,0.259624825064093,0.393279615207575,0.32,7.0,2.07,190.44,1995.12,312.34,130.21,812.57,0.3,0.6,0.25,0.15,24970.95,3250.2400000000002,13.016084690410256,31.41,4.088352201257862,0,0,0.85,4.266803192606596,0.34709555972833206,Low Risk,Medium Profit,0,0
1.0,25776.0,84.0,3.0,1.0,1.03,37.2,1258.0,226.0,8407.2,619.0,258.0,155.0,23026.8,9597.6,5766.0,0.213880963716656,0.395282943965867,0.27,11.0,3.25,503.75,3285.84,2782.47,1159.74,1749.81,0.22,0.6,0.25,0.15,46797.6,8977.859999999999,19.18444535617211,37.199999999999996,7.136613672496025,1,1,0.85,3.4735682382133994,0.39083609231747696,High Risk,High Profit,1,1
1.0,25171.0,86.0,1.0,0.0,1.0,33.41,1672.0,469.0,15669.29,722.0,301.0,180.0,24122.02,10056.41,6013.8,0.370620962081011,0.480717744282447,0.32,13.0,3.84,691.2,2329.42,-4133.04,-1723.05,202.82,0.39,0.6,0.25,0.15,55861.520000000004,-3323.85,-5.950160325032329,33.410000000000004,-1.9879485645933013,1,0,0.85,0.29343171296296294,0.148661293636542,High Risk,Low Profit,2,0
1.0,25333.0,245.0,1.0,2.0,1.05,44.8,858.0,236.0,10572.8,373.0,156.0,93.0,16710.4,6988.8,4166.4,0.3708173648105,0.458023537439294,0.32,18.0,5.31,493.83,1809.63,-2487.19,-1040.22,219.29,0.38,0.6,0.25,0.15,38438.4,-1498.49,-3.8984192890442886,44.800000000000004,-1.7464918414918416,0,0,0.85,0.4440596966567442,0.171159097750206,High Risk,Low Profit,0,0
1.0,25212.0,81.0,3.0,1.0,1.03,42.99,1568.0,293.0,12596.07,765.0,319.0,191.0,32887.35,13713.81,8211.09,0.258225029017776,0.397926656459458,0.31,9.0,2.66,508.06,4331.14,1113.18,464.19,2315.31,0.23,0.6,0.25,0.15,67408.31999999999,8223.82,12.200007358142141,42.989999999999995,5.244783163265306,1,1,0.85,4.557158603314569,0.343848314522766,Low Risk,Medium Profit,1,1
1.0,25456.0,119.0,2.0,0.0,1.0,39.07,731.0,66.0,2578.62,399.0,166.0,100.0,15588.93,6485.62,3907.0,0.298259165755007,0.260742055915762,0.31,13.0,3.84,384.0,1137.17,2042.13,849.61,1338.98,0.1,0.6,0.25,0.15,28560.17,5367.89,18.79502117809523,39.07,7.343214774281806,0,1,0.85,3.4869270833333332,0.44099877832923107,High Risk,High Profit,0,1
1.0,25256.0,219.0,1.0,3.0,1.04,35.63,1171.0,334.0,11900.42,502.0,209.0,126.0,17886.26,7446.67,4489.38,0.388174420711584,0.47237464452628,0.3,10.0,2.95,371.7,1659.52,-2871.62,-1195.56,254.35,0.4,0.6,0.25,0.15,41722.729999999996,-2153.31,-5.160999771587335,35.629999999999995,-1.838864218616567,0,0,0.85,0.6842884046273877,0.139450934762136,Low Risk,Low Profit,2,0
1.0,25215.0,217.0,3.0,3.0,1.04,46.68,1998.0,461.0,21519.48,922.0,384.0,231.0,38752.8825,17925.12,10783.08,0.204193348046392,0.439557751268148,0.3,8.0,2.36,545.16,5436.3550000000005,2420.89,1008.27,3296.3,0.3,0.6,0.25,0.15,88980.5625,12161.815000000002,13.667945738149276,44.534816066066064,6.086994494494496,1,1,0.85,6.046481766820751,0.35624890068546,Low Risk,Medium Profit,1,1
1.0,26066.0,19.0,1.0,1.0,1.03,36.88,2016.0,488.0,17997.44,917.0,382.0,229.0,33818.96,14088.16,8445.52,0.364424720557872,0.490821451018564,0.32,6.0,1.77,405.33,2605.2,-5601.13625,-2468.9,817.19,0.32,0.6,0.25,0.15,74350.08,-4647.64625,-6.251030597411596,36.88,-2.305380084325397,1,0,0.85,2.0161103298546865,0.144753828423564,Low Risk,Low Profit,2,0
1.0,25340.0,120.0,2.0,1.0,1.03,37.17,1603.0,90.0,3345.3,908.0,378.0,227.0,33750.36,14050.26,8437.59,0.286825301346835,0.303219975659158,0.28,12.0,3.54,803.58,1371.42,4386.02,1825.9,2655.45,0.06,0.6,0.25,0.15,59583.51000000001,10238.79,17.18393226582321,37.17000000000001,6.387267623206489,1,1,0.85,3.3045247517359813,0.40995472299400704,High Risk,High Profit,1,1
1.0,26068.0,21.0,3.0,2.0,1.05,34.06,680.0,113.0,3848.78,340.0,142.0,85.0,11580.4,4836.52,2895.1,0.230005491450429,0.352446301886812,0.33,14.0,4.13,351.05,1607.05,1013.84,423.43,857.79,0.2,0.6,0.25,0.15,23160.8,3902.1099999999997,16.847906808054987,34.06,5.738397058823529,0,0,0.85,2.4434980771969803,0.41754820666275905,High Risk,High Profit,0,0
1.0,25828.0,219.0,3.0,3.0,1.04,39.41,1595.0,308.0,12138.28,772.0,322.0,193.0,30424.52,12690.02,7606.13,0.214307933114469,0.385674491571262,0.27,17.0,5.02,968.86,4855.53,3955.72,1649.93,2073.73,0.24,0.6,0.25,0.15,62858.950000000004,12534.91,19.941328959519687,39.410000000000004,7.858877742946708,1,1,0.85,2.14038147926429,0.40001757531426896,High Risk,High Profit,1,1
1.0,26192.0,87.0,0.0,2.0,1.05,41.18,607.0,150.0,6177.0,274.0,114.0,69.0,11283.32,4694.52,2841.42,0.203506287503988,0.445038418960758,0.31,4.0,1.18,81.42,2170.94,467.75,194.61,917.21,0.33,0.6,0.25,0.15,24996.260000000002,3750.51,15.004284640982291,41.18000000000001,6.1787644151565075,0,0,0.85,11.265168263325965,0.35145529353525395,Low Risk,High Profit,3,0
1.0,26556.0,116.0,3.0,1.0,1.03,42.62,947.0,201.0,8566.62,448.0,186.0,112.0,19093.76,7927.32,4773.44,0.200384865794331,0.403270493354648,0.32,9.0,2.66,297.92,3395.33,1457.71,605.21,1594.01,0.27,0.6,0.25,0.15,40361.14,7052.26,17.47289595883565,42.62,7.446948257655755,0,1,0.85,5.350463211600429,0.39634464085102095,Low Risk,High Profit,0,1
1.0,25546.0,213.0,2.0,0.0,1.0,39.82,1553.0,101.0,4021.82,871.0,363.0,218.0,34683.22,14454.66,8680.76,0.282705360825639,0.24523503716918582,0.31,16.0,4.72,1028.96,2062.12,5891.193749999999,2930.42,3421.95,0.07,0.6,0.25,0.15,61840.46,14305.68375,23.133210441836948,39.82,9.211644397939471,1,1,0.85,3.3256394806406466,0.47205960200517516,High Risk,High Profit,1,1
1.0,25102.0,122.0,0.0,3.0,1.04,46.17,988.0,301.0,13897.17,412.0,172.0,103.0,19022.04,7941.24,4755.51,0.276689210943878,0.434818431828171,0.28,4.0,1.18,121.54,4009.23,161.54,67.44,1250.39,0.44,0.6,0.25,0.15,45615.96,5488.6,12.03219224148741,46.17,5.555263157894737,1,1,0.85,10.287888760901762,0.28849235722795097,Low Risk,Medium Profit,3,1
1.0,25831.0,19.0,3.0,3.0,1.04,33.86,1119.0,216.0,7313.76,542.0,226.0,135.0,18352.12,7652.36,4571.1,0.230185089539737,0.372177442302927,0.33,9.0,2.66,359.1,2908.23,1241.29,517.59,1458.54,0.24,0.6,0.25,0.15,37889.34,6125.650000000001,16.167212202693428,33.86,5.474218051831993,0,1,0.85,4.061654135338346,0.397637468157336,Low Risk,High Profit,0,1
1.0,26317.0,81.0,1.0,1.0,1.03,42.14,1368.0,376.0,15844.64,595.0,248.0,149.0,25073.3,10450.72,6278.86,0.382143007102422,0.537774474616163,0.31,7.0,2.07,308.43,1268.88,-5601.13625,-2402.8,194.4,0.38,0.6,0.25,0.15,57647.520000000004,-6540.65625,-11.34594558447614,42.14,-4.781181469298246,1,0,0.85,0.6302888824044354,0.080082518281415,Low Risk,Low Profit,2,0
1.0,26561.0,240.0,1.0,1.0,1.03,37.96,2020.0,556.0,21105.76,878.0,366.0,220.0,33328.88,13893.36,8351.2,0.368885997275356,0.511095896852203,0.27,11.0,3.25,715.0,2533.07,-4998.73,-2083.75,287.3,0.38,0.6,0.25,0.15,76679.2,-4262.11,-5.558365241160575,37.96,-2.1099554455445544,1,0,0.85,0.40181818181818185,0.120018105872441,High Risk,Low Profit,2,0
1.0,25227.0,219.0,0.0,3.0,1.04,43.03,1650.0,409.0,17599.27,745.0,310.0,186.0,32057.35,13339.3,8003.58,0.27914120843634,0.358007818041369,0.29,11.0,3.25,604.5,5436.3550000000005,2335.41,971.78,2299.61,0.33,0.6,0.25,0.15,70999.5,11043.155,15.553848970767401,43.03,6.6928212121212125,1,1,0.85,3.8041521918941275,0.362850973522291,High Risk,High Profit,1,1
1.0,26684.0,240.0,0.0,3.0,1.04,38.07,1869.0,453.0,17245.71,850.0,354.0,212.0,32359.5,13476.78,8070.84,0.24827335441485,0.353594812029041,0.28,18.0,5.31,1125.72,5436.3550000000005,3822.69,1592.04,2087.54,0.32,0.6,0.25,0.15,71152.83,12938.625,18.18427320459355,38.07,6.922752808988764,1,1,0.85,1.854404292363998,0.39813183355610904,High Risk,High Profit,1,1
1.0,25229.0,239.0,1.0,2.0,1.05,35.28,1240.0,321.0,11324.88,551.0,230.0,138.0,19439.28,8114.4,4868.64,0.378113026753999,0.511406652932055,0.28,18.0,5.31,732.78,1251.18,-3295.34,-1375.55,-194.89,0.35,0.6,0.25,0.15,43747.2,-3614.6,-8.262471655328799,35.28,-2.915,0,0,0.85,-0.265959769644368,0.11048032031394595,High Risk,Low Profit,2,0
1.0,26282.0,120.0,1.0,1.0,1.03,43.95,595.0,160.0,7032.0,261.0,109.0,65.0,11470.95,4790.55,2856.75,0.357106717023998,0.460605021612719,0.3,9.0,2.66,172.9,1281.85,-1350.27,-563.9,347.85,0.37,0.6,0.25,0.15,26150.25,-284.47,-1.0878289882505905,43.95,-0.4781008403361345,0,0,0.85,2.0118565644881437,0.18228826136328302,Low Risk,Low Profit,0,0
1.0,26687.0,23.0,0.0,0.0,1.0,42.69,857.0,249.0,10629.81,365.0,152.0,91.0,15581.85,6488.88,3884.79,0.203195755705237,0.435937949130312,0.27,14.0,4.13,375.83,3835.94,1415.86,589.62,1026.06,0.41,0.6,0.25,0.15,36585.33,6867.48,18.771130395707786,42.690000000000005,8.013395565927654,0,1,0.85,2.730117340286832,0.360866295164451,High Risk,High Profit,0,1
1.0,26163.0,242.0,0.0,2.0,1.05,32.18,1634.0,458.0,14738.44,706.0,294.0,176.0,22719.08,9460.92,5663.68,0.23119045805186,0.391849460615776,0.29,9.0,2.66,468.16,5436.3550000000005,1975.65,822.72,1666.82,0.39,0.6,0.25,0.15,52582.12,9901.545,18.83063102058266,32.18,6.059697062423501,1,1,0.85,3.560363978127136,0.3769600813323639,Low Risk,High Profit,1,1
1.0,25233.0,217.0,0.0,2.0,1.05,32.49,1018.0,285.0,9259.65,440.0,183.0,110.0,14295.6,5945.67,3573.9,0.243077787533402,0.413106628856622,0.27,11.0,3.25,357.5,3183.61,1055.24,438.88,871.26,0.39,0.6,0.25,0.15,33074.82,5548.990000000001,16.77708298941612,32.49,5.450874263261297,0,1,0.85,2.437090909090909,0.343815583609976,High Risk,High Profit,0,1
1.0,25599.0,87.0,2.0,2.0,1.05,42.03,768.0,36.0,1513.08,439.0,183.0,110.0,18451.17,7691.49,4623.3,0.294218092900701,0.279581973724999,0.32,15.0,4.43,487.3,644.87,1959.51,816.84,1483.15,0.05,0.6,0.25,0.15,32279.039999999997,4904.370000000001,15.193667469664529,42.029999999999994,6.385898437500001,0,0,0.85,3.043607633901088,0.42619993337430007,High Risk,High Profit,0,0
1.0,25963.0,240.0,1.0,2.0,1.05,40.27,1319.0,327.0,13168.29,595.0,248.0,149.0,23960.65,9986.96,6000.23,0.352103648032062,0.511164162075147,0.3,16.0,4.72,703.28,1800.53,-3912.0,-1630.55,117.14,0.33,0.6,0.25,0.15,53116.130000000005,-3624.8800000000006,-6.8244429705251495,40.27,-2.748203184230478,1,0,0.85,0.16656239335684223,0.1367321898927909,High Risk,Low Profit,2,0
1.0,26571.0,120.0,3.0,0.0,1.0,31.03,1240.0,223.0,6919.69,610.0,254.0,153.0,18928.3,7881.62,4747.59,0.269377892632037,0.38240882458631,0.32,17.0,5.02,768.06,2409.53,534.03,222.37,885.11,0.22,0.6,0.25,0.15,38477.2,4051.0400000000004,10.528416828667368,31.029999999999998,3.2669677419354843,0,0,0.85,1.1523969481550922,0.3482132827816531,High Risk,Medium Profit,0,0
1.0,25481.0,214.0,3.0,1.0,1.03,33.85,711.0,137.0,4637.45,344.0,144.0,86.0,11644.4,4874.4,2911.1,0.226030572131276,0.377481628861278,0.3,8.0,2.36,202.96,1838.69,1123.54,470.32,951.26,0.24,0.6,0.25,0.15,24067.35,4383.81,18.21475983022643,33.85,6.165696202531646,0,0,0.85,4.686933385888845,0.396487799007446,Low Risk,High Profit,0,0
1.0,26209.0,87.0,1.0,0.0,1.0,39.44,883.0,282.0,11122.08,361.0,150.0,90.0,14237.84,5916.0,3549.6,0.390112645179033,0.508231322001666,0.29,13.0,3.84,345.6,1130.63,-2681.61,-1114.24,15.24,0.47,0.6,0.25,0.15,34825.52,-2649.9800000000005,-7.609304900544201,39.44,-3.0011098527746323,0,0,0.85,0.04409722222222222,0.10165603281930102,High Risk,Low Profit,2,0
1.0,26130.0,213.0,0.0,2.0,1.05,37.21,1126.0,349.0,12986.29,466.0,194.0,117.0,17339.86,7218.74,4353.57,0.229364178944379,0.437281638849527,0.31,17.0,5.02,587.34,4329.03,404.96,168.59,863.94,0.45,0.6,0.25,0.15,41898.46,5766.52,13.76308341643106,37.21,5.121243339253997,0,1,0.85,1.470936765757483,0.33335418220609403,High Risk,Medium Profit,0,1
1.0,25726.0,117.0,1.0,1.0,1.03,36.99,1237.0,320.0,11836.8,550.0,229.0,138.0,20344.5,8470.71,5104.62,0.391483740136027,0.501660358789377,0.31,6.0,1.77,244.26,1264.83,-4132.87,-1720.77,301.2,0.35,0.6,0.25,0.15,45756.63,-4287.61,-9.370467186940996,36.989999999999995,-3.4661358124494743,1,0,0.85,1.2331122574306068,0.10685590107459597,Low Risk,Low Profit,2,0
2.0,25891.0,99.0,0.0,3.0,1.04,36.32,1084.0,141.0,5121.12,471.0,236.0,236.0,17106.72,8571.52,8571.52,0.274584447238594,0.354812013567425,0.27,8.0,2.36,556.96,1897.91,1721.0,862.33,2619.68,0.15,0.5,0.25,0.25,39370.880000000005,7100.92,18.035969731944014,36.32000000000001,6.550664206642066,0,1,0.75,4.7035334673944265,0.37060353919398104,Low Risk,High Profit,0,1
2.0,25301.0,151.0,1.0,1.0,1.03,34.49,1068.0,240.0,8277.6,414.0,207.0,207.0,14278.86,7139.43,7139.43,0.365031025419012,0.484951268648729,0.28,9.0,2.66,550.62,1241.79,-1856.0,-928.0,520.42,0.29,0.5,0.25,0.25,36835.32,-1021.7900000000001,-2.773940880654763,34.49,-0.9567322097378278,0,0,0.75,0.9451527369147505,0.15001770593225894,Low Risk,Low Profit,2,0
2.0,26352.0,62.0,3.0,3.0,1.04,31.28,1474.0,214.0,6693.92,630.0,315.0,315.0,19706.4,9853.2,9853.2,0.250756796356291,0.419234266947024,0.28,8.0,2.36,743.4,2209.05,985.5,492.75,2508.24,0.17,0.5,0.25,0.25,46106.72,6195.54,13.437390471497428,31.28,4.2032157394843965,1,1,0.75,3.374011299435028,0.33000893669668496,Low Risk,Medium Profit,1,1
2.0,26528.0,156.0,0.0,3.0,1.04,41.4,1455.0,211.0,8735.4,622.0,311.0,311.0,25750.8,12875.4,12875.4,0.246883442923427,0.396020104503259,0.32,11.0,3.25,1010.75,3119.38,955.26,477.63,3587.01,0.17,0.5,0.25,0.25,60237.0,8139.280000000001,13.512093895778342,41.4,5.594006872852234,1,1,0.75,3.5488597576057384,0.357096452573314,High Risk,Medium Profit,1,1
2.0,26348.0,56.0,1.0,0.0,1.0,31.1,936.0,257.0,7992.7,339.0,170.0,170.0,10542.9,5287.0,5287.0,0.35566976229893,0.523437610222027,0.32,6.0,1.77,300.9,966.26,-2099.17,-1052.68,338.26,0.38,0.5,0.25,0.25,29109.6,-1847.3300000000002,-6.346119493225603,31.099999999999998,-1.9736431623931625,0,0,0.75,1.1241608507809904,0.12089262747904306,Low Risk,Low Profit,0,0
2.0,25417.0,171.0,2.0,2.0,1.05,36.67,850.0,62.0,2273.54,394.0,197.0,197.0,14447.98,7223.99,7223.99,0.260499544837512,0.25565929756267,0.31,10.0,2.95,581.15,1100.03,2511.65,1255.83,2914.11,0.08,0.5,0.25,0.25,31169.5,7781.620000000001,24.96549511541732,36.67,9.154847058823531,0,1,0.75,5.014385270584187,0.48384115759981805,Low Risk,High Profit,0,1
2.0,25149.0,45.0,3.0,1.0,1.03,44.95,1199.0,183.0,8225.85,508.0,254.0,254.0,22834.6,11417.3,11417.3,0.238834160473198,0.372866330621764,0.31,16.0,4.72,1198.88,3194.09,1787.94,893.97,3234.45,0.18,0.5,0.25,0.25,53895.05,9110.45,16.904057051621624,44.95,7.598373644703921,1,1,0.75,2.697893033497931,0.38829950890503806,High Risk,High Profit,1,1
2.0,25770.0,151.0,1.0,3.0,1.04,34.29,1784.0,500.0,17145.0,642.0,321.0,321.0,22014.18,11007.09,11007.09,0.366976936731953,0.461949086771347,0.29,13.0,3.84,1232.64,2933.06,-2618.06,-1309.03,650.39,0.39,0.5,0.25,0.25,61173.36,-343.64,-0.561747793483961,34.29,-0.19262331838565022,1,0,0.75,0.5276398624091381,0.17107397649669998,High Risk,Low Profit,2,0
2.0,25488.0,51.0,1.0,0.0,1.0,38.44,586.0,158.0,6073.52,214.0,107.0,107.0,8226.16,4113.08,4113.08,0.373289461212698,0.532252552453429,0.31,3.0,0.89,95.23,573.69,-1773.08,-886.54,293.28,0.37,0.5,0.25,0.25,22525.840000000004,-1792.6499999999999,-7.958193789887523,38.440000000000005,-3.0591296928327645,0,0,0.75,3.079701774650845,0.09445798633387303,Low Risk,Low Profit,0,0
2.0,25907.0,102.0,1.0,1.0,1.03,45.17,1209.0,369.0,16667.73,420.0,210.0,210.0,18971.4,9485.7,9485.7,0.368693778640591,0.496579301008023,0.31,16.0,4.72,991.2,2245.59,-3325.18,-1662.59,286.78,0.44,0.5,0.25,0.25,54610.53,-2455.3999999999996,-4.49620247230708,45.17,-2.030934656741108,1,0,0.75,0.2893260694108151,0.134726920351386,High Risk,Low Profit,2,0
2.0,26150.0,151.0,3.0,2.0,1.05,45.05,1474.0,214.0,9640.7,630.0,315.0,315.0,28381.5,14190.75,14190.75,0.256000085063279,0.385093395994045,0.31,7.0,2.07,652.05,3460.11,1388.04,694.02,4441.1,0.17,0.5,0.25,0.25,66403.7,9983.27,15.034207431212417,45.05,6.772910447761194,1,1,0.75,6.81098075300974,0.358906518942676,Low Risk,High Profit,1,1
2.0,25097.0,170.0,1.0,2.0,1.05,33.03,1807.0,543.0,17935.29,632.0,316.0,316.0,20874.96,10437.48,10437.48,0.379762011836283,0.530885064089671,0.3,4.0,1.18,372.88,1602.57,-4397.25,-2198.62,559.74,0.43,0.5,0.25,0.25,59685.20999999999,-4433.56,-7.428238922171842,33.029999999999994,-2.4535473159933594,1,0,0.75,1.5011263677322464,0.08935292407404605,Low Risk,Low Profit,2,0
2.0,25637.0,175.0,2.0,2.0,1.05,38.02,1259.0,71.0,2699.42,594.0,297.0,297.0,22583.88,11291.94,11291.94,0.281819669611286,0.258577361528296,0.28,12.0,3.54,1051.38,1240.66,4056.13,2028.07,4138.43,0.06,0.5,0.25,0.25,47867.18000000001,11463.29,23.948120612077002,38.02,9.105075456711676,1,1,0.75,3.9361886282790235,0.45960296886041796,High Risk,High Profit,1,1
2.0,25662.0,56.0,1.0,2.0,1.05,41.59,1675.0,396.0,16469.64,639.0,320.0,320.0,26576.01,13308.8,13308.8,0.361879253701773,0.480557127622887,0.31,11.0,3.25,1040.0,2595.02,-4051.15,-2028.75,1056.98,0.31,0.5,0.25,0.25,69663.25,-2427.9,-3.4851948480726924,41.59,-1.4494925373134329,1,0,0.75,1.0163269230769232,0.15756361867533997,High Risk,Low Profit,2,0
2.0,25010.0,98.0,0.0,0.0,1.0,30.23,1591.0,307.0,9280.61,642.0,321.0,321.0,19407.66,9703.83,9703.83,0.257294937353581,0.371753470180556,0.31,17.0,5.02,1611.42,3442.66,1182.93,591.46,1988.23,0.24,0.5,0.25,0.25,48095.93,7205.280000000001,14.981059727922924,30.23,4.5287743557511,1,1,0.75,1.2338372367228903,0.37095159246586307,High Risk,Medium Profit,1,1
2.0,25698.0,56.0,3.0,3.0,1.04,43.01,1251.0,199.0,8558.99,526.0,263.0,263.0,22623.26,11311.63,11311.63,0.237678518630564,0.418252494675107,0.31,12.0,3.54,931.02,2944.88,770.75,385.38,2960.96,0.19,0.5,0.25,0.25,53805.509999999995,7061.97,13.124994075885537,43.01,5.64505995203837,1,1,0.75,3.180339842323473,0.34406898669432895,High Risk,Medium Profit,1,1
2.0,25496.0,46.0,2.0,2.0,1.05,40.74,1493.0,57.0,2322.18,718.0,359.0,359.0,29251.32,14625.66,14625.66,0.258602636668365,0.259722995967604,0.28,7.0,2.07,743.13,1118.53,5891.193749999999,2949.62,6276.405000000001,0.04,0.5,0.25,0.25,60824.82000000001,16235.74875,26.692637561442844,40.74,10.874580542531815,1,1,0.75,8.445904485083364,0.4816743673640309,Low Risk,High Profit,1,1
2.0,26547.0,175.0,3.0,2.0,1.05,32.83,588.0,93.0,3053.19,247.0,124.0,124.0,8109.01,4070.92,4070.92,0.27995999859646,0.387278385646641,0.3,4.0,1.18,146.32,1015.98,265.66,133.37,1208.33,0.19,0.5,0.25,0.25,19304.04,2623.34,13.589590572750573,32.83,4.461462585034014,0,0,0.75,8.258132859486057,0.332761615756899,Low Risk,Medium Profit,0,0
2.0,25741.0,61.0,2.0,3.0,1.04,39.1,1263.0,71.0,2776.1,596.0,298.0,298.0,23303.6,11651.8,11651.8,0.256131520692725,0.265237062855158,0.27,13.0,3.84,1144.32,1328.73,4861.86,2430.93,4432.6,0.06,0.5,0.25,0.25,49383.3,13054.12,26.4342804146341,39.1,10.335803642121933,1,1,0.75,3.873566834451902,0.47863141645211704,High Risk,High Profit,1,1
2.0,25284.0,100.0,3.0,2.0,1.05,44.83,1205.0,157.0,7038.31,524.0,262.0,262.0,23490.92,11745.46,11745.46,0.215055879279971,0.411211355123669,0.3,15.0,4.43,1160.66,2630.45,1732.05,866.03,3229.0,0.15,0.5,0.25,0.25,54020.15,8457.529999999999,15.656250491714662,44.83,7.018697095435684,1,1,0.75,2.782037806075853,0.37373276559636004,High Risk,High Profit,1,1
2.0,26589.0,99.0,0.0,3.0,1.04,45.91,1730.0,238.0,10926.58,746.0,373.0,373.0,34248.86,17124.43,17124.43,0.27576122097671,0.44832505309023,0.33,10.0,2.95,1100.35,3014.79,-1852.39,-926.2,3624.52,0.16,0.5,0.25,0.25,79424.3,3860.72,4.860880108480654,45.910000000000004,2.2316300578034682,1,0,0.75,3.293970100422593,0.27591372593305996,Low Risk,Low Profit,1,0
2.0,26590.0,60.0,0.0,1.0,1.03,46.24,594.0,82.0,3791.68,256.0,128.0,128.0,11837.44,5918.72,5918.72,0.233806893564761,0.354515470890328,0.28,16.0,4.72,604.16,1560.95,1558.73,779.36,1832.44,0.16,0.5,0.25,0.25,27466.56,5731.4800000000005,20.867119872310187,46.24,9.64895622895623,0,1,0.75,3.0330376059322037,0.411677635544911,High Risk,High Profit,0,1
2.0,25971.0,170.0,1.0,1.0,1.03,42.46,1573.0,449.0,19064.54,562.0,281.0,281.0,23862.52,11931.26,11931.26,0.370759552379604,0.479933631652966,0.31,18.0,5.31,1492.11,2846.47,-3834.54,-1917.27,289.31,0.4,0.5,0.25,0.25,66789.58,-2616.03,-3.9168235524164103,42.46,-1.6630832803560078,1,0,0.75,0.19389321162648868,0.14930681596743,High Risk,Low Profit,2,0
2.0,26688.0,48.0,0.0,2.0,1.05,31.55,1315.0,295.0,9307.25,510.0,255.0,255.0,16090.5,8045.25,8045.25,0.211062989011407,0.356571935652755,0.31,5.0,1.48,377.4,4024.13,1968.92,984.46,3101.09,0.29,0.5,0.25,0.25,41488.25,10078.6,24.292661175152002,31.55,7.664334600760457,0,1,0.75,8.216984631690515,0.432365075335838,Low Risk,High Profit,3,1
2.0,26256.0,102.0,1.0,2.0,1.05,32.39,1989.0,422.0,13668.58,783.0,392.0,392.0,25361.37,12696.88,12696.88,0.381001684686635,0.529079919587821,0.33,13.0,3.84,1505.28,1229.06,-5601.13625,-3048.29,-363.6,0.27,0.5,0.25,0.25,64423.70999999999,-7783.96625,-12.082455744942354,32.38999999999999,-3.9135074157868277,1,0,0.75,-0.2415497448979592,0.08991839572554405,High Risk,Low Profit,2,0
2.0,25623.0,153.0,1.0,2.0,1.05,33.61,2022.0,546.0,18351.06,738.0,369.0,369.0,24804.18,12402.09,12402.09,0.360080362763256,0.475989112141542,0.28,3.0,0.89,328.41,3008.3,-2879.01,-1439.5,1704.67,0.37,0.5,0.25,0.25,67959.42,394.46000000000004,0.5804346181883249,33.61,0.19508407517309595,1,0,0.75,5.19067628878536,0.163930525095202,Low Risk,Low Profit,2,0
2.0,25869.0,152.0,0.0,0.0,1.0,40.52,629.0,100.0,4052.0,265.0,132.0,132.0,10737.8,5348.64,5348.64,0.237807046491653,0.386706903576851,0.29,6.0,1.77,233.64,1521.47,917.93,457.23,1774.7,0.19,0.5,0.25,0.25,25487.079999999998,4671.33,18.328227478392975,40.519999999999996,7.426597774244833,0,0,0.75,7.59587399417908,0.37548604993149604,Low Risk,High Profit,0,0
2.0,25290.0,51.0,1.0,1.0,1.03,32.16,1806.0,458.0,14729.28,674.0,337.0,337.0,21675.84,10837.92,10837.92,0.356901510525495,0.542302481713705,0.31,10.0,2.95,994.15,1484.65,-4534.67,-2267.34,98.27,0.34,0.5,0.25,0.25,58080.96,-5219.09,-8.985887974303456,32.16,-2.8898615725359913,1,0,0.75,0.09884826233465775,0.1007960077608,Low Risk,Low Profit,2,0
2.0,25050.0,61.0,1.0,2.0,1.05,39.81,1551.0,358.0,14251.98,597.0,298.0,298.0,23766.57,11863.38,11863.38,0.350292355078272,0.522167931729928,0.27,9.0,2.66,792.68,1817.69,-3385.79,-1690.06,720.37,0.3,0.5,0.25,0.25,61745.31,-2537.79,-4.110093543946901,39.809999999999995,-1.636228239845261,1,0,0.75,0.908777817025786,0.1275397131917999,Low Risk,Low Profit,2,0
2.0,25859.0,155.0,3.0,2.0,1.05,33.58,556.0,72.0,2417.76,242.0,121.0,121.0,8126.36,4063.18,4063.18,0.266177356019616,0.439760041795671,0.29,14.0,4.13,499.73,710.97,33.01,16.51,695.1,0.15,0.5,0.25,0.25,18670.48,1455.5900000000001,7.796210916912689,33.58,2.617967625899281,0,0,0.75,1.3909511136013448,0.29406260218471303,High Risk,Medium Profit,0,0
2.0,26506.0,104.0,0.0,0.0,1.0,34.0,474.0,65.0,2210.0,205.0,102.0,102.0,6970.0,3468.0,3468.0,0.243390622306615,0.360807614657097,0.31,17.0,5.02,512.04,874.72,598.04,297.56,860.6,0.16,0.5,0.25,0.25,16116.0,2630.92,16.324894514767934,34.0,5.550464135021097,0,0,0.75,1.6807280681196783,0.395801763036288,High Risk,High Profit,0,0
2.0,25898.0,169.0,0.0,0.0,1.0,32.68,1701.0,340.0,11111.2,681.0,340.0,340.0,22255.08,11111.2,11111.2,0.208316560052335,0.400746957305819,0.29,6.0,1.77,601.8,4343.77,2246.35,1121.53,3741.97,0.25,0.5,0.25,0.25,55588.67999999999,11453.62,20.604230933348305,32.67999999999999,6.733462669018225,1,1,0.75,6.217962778331672,0.390936482641846,Low Risk,High Profit,1,1
2.0,26226.0,106.0,3.0,2.0,1.05,35.12,840.0,128.0,4495.36,356.0,178.0,178.0,12502.72,6251.36,6251.36,0.247846257165074,0.387540715374052,0.29,16.0,4.72,840.16,1639.07,932.87,466.43,1439.17,0.18,0.5,0.25,0.25,29500.8,4477.54,15.177690096539756,35.12,5.330404761904762,0,0,0.75,1.712971338792611,0.364613027460874,High Risk,High Profit,0,0
2.0,25875.0,54.0,1.0,2.0,1.05,44.3,1265.0,341.0,15106.3,462.0,231.0,231.0,20466.6,10233.3,10233.3,0.373555360687897,0.543085670750588,0.29,7.0,2.07,478.17,1259.25,-4229.24,-2114.62,374.87,0.37,0.5,0.25,0.25,56039.5,-4709.74,-8.404321951480652,44.3,-3.7231146245059286,1,0,0.75,0.7839680448376101,0.08335896856151503,Low Risk,Low Profit,2,0
2.0,25997.0,157.0,1.0,1.0,1.03,43.91,1864.0,396.0,17388.36,734.0,367.0,367.0,32229.94,16114.97,16114.97,0.356088494323194,0.508300179825164,0.27,17.0,5.02,1842.34,2358.06,-4331.34,-2165.67,343.03,0.27,0.5,0.25,0.25,81848.24,-3795.920000000001,-4.6377539700303885,43.910000000000004,-2.036437768240344,1,0,0.75,0.18619255946242277,0.13561132585164204,High Risk,Low Profit,2,0
2.0,25055.0,57.0,0.0,1.0,1.03,44.9,934.0,162.0,7273.8,386.0,193.0,193.0,17331.4,8665.7,8665.7,0.277956389933825,0.36283928162884,0.31,6.0,1.77,341.61,2612.78,852.78,426.39,2771.15,0.21,0.5,0.25,0.25,41936.600000000006,6663.1,15.888507890482298,44.900000000000006,7.133940042826553,0,1,0.75,8.112028336407013,0.35920432843733496,Low Risk,High Profit,3,1
2.0,26511.0,46.0,0.0,0.0,1.0,40.22,803.0,175.0,7038.5,314.0,157.0,157.0,12629.08,6314.54,6314.54,0.222104107923806,0.445675386348739,0.3,15.0,4.43,695.51,2338.33,406.92,203.46,1402.31,0.28,0.5,0.25,0.25,32296.660000000003,4351.02,13.472043239146092,40.220000000000006,5.4184557907845585,0,0,0.75,2.016232692556541,0.332220505727455,High Risk,Medium Profit,0,0
2.0,26594.0,60.0,0.0,1.0,1.03,44.33,1329.0,257.0,11392.81,536.0,268.0,268.0,23760.88,11880.44,11880.44,0.220839058440179,0.399295595102012,0.28,17.0,5.02,1345.36,4327.73,2372.89,1186.44,3167.61,0.24,0.5,0.25,0.25,58914.57000000001,11054.67,18.76389830223661,44.330000000000005,8.31803611738149,1,1,0.75,2.3544701789855504,0.379865346457809,High Risk,High Profit,1,1
2.0,25920.0,98.0,3.0,2.0,1.05,37.12,1014.0,162.0,6013.44,426.0,213.0,213.0,15813.12,7906.56,7906.56,0.259220902975649,0.425805063312873,0.3,10.0,2.95,628.35,1894.08,236.79,118.39,1862.01,0.19,0.5,0.25,0.25,37639.68,4111.2699999999995,10.922701787050261,37.12,4.054506903353056,0,0,0.75,2.9633325375984723,0.31497403371147803,Low Risk,Medium Profit,0,0
2.0,26405.0,106.0,3.0,3.0,1.04,37.35,1649.0,149.0,5565.15,750.0,375.0,375.0,28012.5,14006.25,14006.25,0.239304473921657,0.441628631856292,0.3,17.0,5.02,1882.5,1775.66,534.11,267.06,2586.43,0.1,0.5,0.25,0.25,61590.15,5163.26,8.38325608883888,37.35,3.131146149181322,1,1,0.75,1.373933598937583,0.31906689422205103,High Risk,Medium Profit,1,1
2.0,25625.0,49.0,3.0,3.0,1.04,32.95,1208.0,184.0,6062.8,512.0,256.0,256.0,16870.4,8435.2,8435.2,0.25560559829697,0.44796227386687,0.3,13.0,3.84,983.04,1797.21,-60.19,-30.1,1517.42,0.18,0.5,0.25,0.25,39803.600000000006,3224.34,8.100624064155,32.95,2.669155629139073,0,0,0.75,1.5435994466145835,0.29643212783616,High Risk,Medium Profit,0,0
2.0,25372.0,151.0,0.0,1.0,1.03,32.17,849.0,129.0,4149.93,360.0,180.0,180.0,11581.2,5790.6,5790.6,0.221574617959559,0.445364090171643,0.32,10.0,2.95,531.0,1382.18,151.27,75.63,1397.62,0.18,0.5,0.25,0.25,27312.33,3006.7,11.00858110604258,32.17,3.5414605418138985,0,0,0.75,2.6320527306967985,0.33306129186879796,Low Risk,Medium Profit,0,0
2.0,26221.0,176.0,0.0,2.0,1.05,42.24,534.0,110.0,4646.4,212.0,106.0,106.0,8954.88,4477.44,4477.44,0.262173140645027,0.448612350015901,0.3,11.0,3.25,344.5,1343.81,-96.58,-48.29,950.44,0.26,0.5,0.25,0.25,22556.159999999996,2149.38,9.529015577119512,42.239999999999995,4.025056179775281,0,0,0.75,2.7588969521044993,0.289214509339072,High Risk,Medium Profit,0,0
2.0,25277.0,51.0,2.0,1.0,1.03,37.34,1239.0,59.0,2203.06,590.0,295.0,295.0,22030.6,11015.3,11015.3,0.2733644403168,0.272526845289394,0.29,4.0,1.18,348.1,1000.43,3615.41,1807.71,4654.04,0.05,0.5,0.25,0.25,46264.259999999995,11077.59,23.94416337795093,37.339999999999996,8.940750605326876,1,1,0.75,13.369836253950014,0.45410871439380596,Low Risk,High Profit,3,1
2.0,26237.0,158.0,3.0,0.0,1.0,43.44,1068.0,155.0,6733.2,457.0,228.0,228.0,19852.08,9904.32,9904.32,0.237549209091812,0.363282232708298,0.27,4.0,1.18,269.04,2687.68,2564.26,1279.33,3684.45,0.17,0.5,0.25,0.25,46393.920000000006,10215.720000000001,22.01952324787386,43.440000000000005,9.565280898876406,1,1,0.75,13.69480374665477,0.39916855819988994,Low Risk,High Profit,3,1
2.0,25391.0,105.0,2.0,2.0,1.05,36.38,1190.0,77.0,2801.26,557.0,278.0,278.0,20263.66,10113.64,10113.64,0.269855546893086,0.335844626626931,0.27,3.0,0.89,247.42,1104.54,2518.77,1257.12,3740.39,0.07,0.5,0.25,0.25,43292.2,8620.82,19.91310212925192,36.379999999999995,7.244386554621848,0,1,0.75,15.117573357044702,0.3942998264799831,Low Risk,High Profit,3,1
2.0,25645.0,53.0,3.0,2.0,1.05,44.24,1546.0,246.0,10883.04,650.0,325.0,325.0,28756.0,14378.0,14378.0,0.251995091866702,0.374067268520594,0.33,10.0,2.95,958.75,4069.58,1263.47,631.74,4417.73,0.19,0.5,0.25,0.25,68395.04000000001,10382.52,15.180223595161285,44.24,6.715730918499354,1,1,0.75,4.60780182529335,0.373937639612704,Low Risk,High Profit,1,1
2.0,25162.0,153.0,0.0,0.0,1.0,43.3,705.0,112.0,4849.6,297.0,148.0,148.0,12860.1,6408.4,6408.4,0.226821953151375,0.431672479095869,0.28,8.0,2.36,349.28,1656.17,790.97,394.15,1839.22,0.19,0.5,0.25,0.25,30526.5,4680.51,15.332612648027125,43.3,6.639021276595745,0,0,0.75,5.265746678882272,0.3415055677527561,Low Risk,High Profit,0,0
2.0,25890.0,169.0,3.0,1.0,1.03,34.06,754.0,98.0,3337.88,328.0,164.0,164.0,11171.68,5585.84,5585.84,0.245192879214883,0.423429430532269,0.3,13.0,3.84,629.76,1106.1,350.54,175.27,1221.26,0.15,0.5,0.25,0.25,25681.24,2853.17,11.109938616671156,34.06,3.7840450928381966,0,0,0.75,1.9392466971544715,0.331377690252848,High Risk,Medium Profit,0,0
2.0,26011.0,103.0,0.0,0.0,1.0,41.83,1605.0,310.0,12967.3,647.0,324.0,324.0,27064.01,13552.92,13552.92,0.264956160262227,0.382143744057976,0.32,17.0,5.02,1626.48,4576.16,890.41,445.89,3156.35,0.24,0.5,0.25,0.25,67137.15,9068.81,13.507886468222138,41.83,5.65034890965732,1,1,0.75,1.9406017903693866,0.35290009567979697,High Risk,Medium Profit,1,1
2.0,26364.0,150.0,0.0,2.0,1.05,34.81,1022.0,223.0,7762.63,399.0,200.0,200.0,13889.19,6962.0,6962.0,0.2789976436086,0.404858949477784,0.27,13.0,3.84,768.0,2454.1,640.89,321.25,1432.99,0.28,0.5,0.25,0.25,35575.82,4849.23,13.630690733200247,34.81,4.744843444227006,0,0,0.75,1.8658723958333334,0.316143406913616,High Risk,Medium Profit,0,0
2.0,26580.0,50.0,0.0,1.0,1.03,46.09,849.0,141.0,6498.69,354.0,177.0,177.0,16315.86,8157.93,8157.93,0.265335303582251,0.384225417394191,0.28,17.0,5.02,888.54,2277.4,1149.28,574.64,1970.32,0.2,0.5,0.25,0.25,39130.41,5971.64,15.260867442993826,46.09,7.033733804475855,0,1,0.75,2.217480361041709,0.350439279023558,High Risk,High Profit,0,1
2.0,26541.0,174.0,3.0,1.0,1.03,37.75,1018.0,162.0,6115.5,428.0,214.0,214.0,16157.0,8078.5,8078.5,0.267915664128959,0.425599699211307,0.33,12.0,3.54,757.56,1874.31,-379.94,-189.97,1718.38,0.19,0.5,0.25,0.25,38429.5,3022.7799999999997,7.865780194902353,37.75,2.9693320235756384,0,0,0.75,2.2683087808226414,0.306484636659734,High Risk,Medium Profit,0,0
2.0,25034.0,54.0,1.0,3.0,1.04,37.94,2048.0,616.0,23020.373750000002,711.0,356.0,356.0,26975.34,13506.64,13506.64,0.359857416327577,0.467711940500885,0.32,14.0,4.13,1470.28,4088.76,-3980.73,-1993.17,858.68,0.44,0.5,0.25,0.25,77008.99375,-1026.46,-1.3329092486681144,37.602047729492185,-0.501201171875,1,0,0.75,0.5840248116005115,0.172430643171538,High Risk,Low Profit,2,0
2.0,26461.0,98.0,2.0,0.0,1.0,34.34,1024.0,48.0,1648.32,488.0,244.0,244.0,16757.92,8378.96,8378.96,0.27413561620051,0.279559344158042,0.3,9.0,2.66,649.04,735.65,2451.77,1225.88,3090.53,0.05,0.5,0.25,0.25,35164.159999999996,7503.83,21.33942627948457,34.339999999999996,7.327958984375,0,1,0.75,4.761694194502651,0.44630503964144796,Low Risk,High Profit,0,1
2.0,25126.0,101.0,2.0,2.0,1.05,32.55,994.0,65.0,2115.75,465.0,232.0,232.0,15135.75,7551.6,7551.6,0.270323122420814,0.246959132619668,0.31,17.0,5.02,1164.64,1021.31,2614.21,1304.3,2480.65,0.07,0.5,0.25,0.25,32354.699999999997,7420.469999999999,22.934751365334865,32.55,7.465261569416499,0,1,0.75,2.129971493336997,0.4827177449595179,High Risk,High Profit,0,1
2.0,25815.0,49.0,1.0,1.0,1.03,40.57,825.0,185.0,7505.45,320.0,160.0,160.0,12982.4,6491.2,6491.2,0.357905452419072,0.494412695989013,0.3,4.0,1.18,188.8,1108.42,-1977.46,-988.73,769.83,0.29,0.5,0.25,0.25,33470.25,-1087.94,-3.250468699815508,40.57,-1.3187151515151516,0,0,0.75,4.077489406779661,0.14768185159191494,Low Risk,Low Profit,0,0
2.0,25130.0,49.0,1.0,0.0,1.0,43.74,1154.0,318.0,13909.32,418.0,209.0,209.0,18283.32,9141.66,9141.66,0.394079883396626,0.507411161647178,0.3,6.0,1.77,369.93,1370.19,-3683.93,-1841.96,530.61,0.38,0.5,0.25,0.25,50475.96000000001,-3625.0899999999997,-7.181814867909396,43.74000000000001,-3.14132582322357,1,0,0.75,1.434352445057173,0.09850895495619594,Low Risk,Low Profit,2,0
2.0,25736.0,54.0,3.0,0.0,1.0,37.48,1541.0,201.0,7533.48,670.0,335.0,335.0,25111.6,12555.8,12555.8,0.231255908571184,0.429290983942337,0.33,6.0,1.77,592.95,2557.26,237.38,118.69,3669.16,0.15,0.5,0.25,0.25,57756.67999999999,6582.49,11.396932787687936,37.48,4.271570408825438,1,1,0.75,6.187975377350535,0.33945310748647906,Low Risk,Medium Profit,1,1
2.0,25253.0,104.0,0.0,2.0,1.05,38.21,570.0,110.0,4203.1,230.0,115.0,115.0,8788.3,4394.15,4394.15,0.267035818304867,0.406331148534082,0.29,7.0,2.07,238.05,1372.87,321.94,160.97,1197.22,0.24,0.5,0.25,0.25,21779.699999999997,3053.0,14.017640279710006,38.209999999999994,5.356140350877193,0,0,0.75,5.029279563116992,0.32663303316105097,Low Risk,Medium Profit,0,0
2.0,26062.0,100.0,3.0,1.0,1.03,39.35,892.0,136.0,5351.6,378.0,189.0,189.0,14874.3,7437.15,7437.15,0.273729488663375,0.420402242988348,0.3,5.0,1.48,279.72,1636.88,87.29,43.64,1995.07,0.18,0.5,0.25,0.25,35100.200000000004,3762.88,10.720394755585437,39.35,4.21847533632287,0,0,0.75,7.1323823823823815,0.30586826834827696,Low Risk,Medium Profit,0,0
2.0,25902.0,47.0,0.0,3.0,1.04,41.6,1401.0,233.0,9692.8,584.0,292.0,292.0,24294.4,12147.2,12147.2,0.262180847041309,0.369001289620064,0.31,10.0,2.95,861.4,3574.88,1428.94,714.47,3618.7,0.2,0.5,0.25,0.25,58281.59999999999,9336.99,16.02047644539615,41.599999999999994,6.664518201284796,1,1,0.75,4.200951938704435,0.368817863338627,Low Risk,High Profit,1,1
2.0,25579.0,150.0,0.0,3.0,1.04,41.65,1774.0,295.0,12286.75,739.0,370.0,370.0,30779.35,15410.5,15410.5,0.272242928724736,0.37713876364287,0.33,4.0,1.18,436.6,4307.96,634.62,317.74,4966.6,0.2,0.5,0.25,0.25,73887.1,10226.92,13.841279465563,41.650000000000006,5.76489289740699,1,1,0.75,11.375629867155292,0.350618307632394,Low Risk,Medium Profit,1,1
2.0,25405.0,172.0,0.0,0.0,1.0,32.65,685.0,89.0,2905.85,298.0,149.0,149.0,9729.7,4864.85,4864.85,0.250387344434857,0.388945489260368,0.33,3.0,0.89,132.61,1048.04,298.38,149.19,1621.98,0.15,0.5,0.25,0.25,22365.25,3117.59,13.93943729669912,32.65,4.551226277372263,0,0,0.75,12.231204283236558,0.360667166304775,Low Risk,Medium Profit,3,0
2.0,25014.0,45.0,0.0,1.0,1.03,45.49,1805.0,325.0,14784.25,740.0,370.0,370.0,33662.6,16831.3,16831.3,0.249232679028064,0.372381716105156,0.33,6.0,1.77,654.9,5436.3550000000005,1628.79,814.39,5713.82,0.22,0.5,0.25,0.25,82109.45,13593.355,16.555165087575183,45.489999999999995,7.53094459833795,1,1,0.75,8.724721331500993,0.37838560486677997,Low Risk,High Profit,1,1
2.0,25663.0,57.0,3.0,1.0,1.03,42.8,1416.0,128.0,5478.4,644.0,322.0,322.0,27563.2,13781.6,13781.6,0.217471688818187,0.397225528932176,0.29,10.0,2.95,949.9,2110.84,2626.85,1313.42,4360.19,0.1,0.5,0.25,0.25,60604.799999999996,10411.3,17.179002323248323,42.8,7.352612994350282,1,1,0.75,4.590156858616696,0.385302782249637,Low Risk,High Profit,1,1
2.0,25460.0,51.0,3.0,2.0,1.05,40.17,1702.0,154.0,6186.18,774.0,387.0,387.0,31091.58,15545.79,15545.79,0.224177420735359,0.371806528232992,0.31,4.0,1.18,456.66,2499.32,2923.11,1461.55,5824.09,0.1,0.5,0.25,0.25,68369.34,12708.07,18.58738141980016,40.169999999999995,7.466551116333725,1,1,0.75,12.7536679367582,0.40401605103164906,Low Risk,High Profit,3,1
2.0,25220.0,169.0,2.0,2.0,1.05,46.48,684.0,56.0,2602.88,314.0,157.0,157.0,14594.72,7297.36,7297.36,0.254113502101973,0.293027579516638,0.33,10.0,2.95,463.15,1178.74,1793.09,896.55,2841.52,0.09,0.5,0.25,0.25,31792.32,6709.9,21.105411621423034,46.48,9.809795321637427,0,1,0.75,6.13520457735075,0.45285891838138903,Low Risk,High Profit,0,1
2.0,26433.0,47.0,1.0,1.0,1.03,32.61,2080.0,604.0,19696.44,738.0,369.0,369.0,24066.18,12033.09,12033.09,0.36501345516881,0.501099391840398,0.3,15.0,4.43,1634.67,2637.1,-3997.7,-1998.85,-23.59,0.41,0.5,0.25,0.25,67828.79999999999,-3383.04,-4.987615879980186,32.60999999999999,-1.6264615384615384,1,0,0.75,-0.014431047245009695,0.133887152990792,High Risk,Low Profit,2,0
2.0,25061.0,49.0,1.0,0.0,1.0,35.28,690.0,182.0,6420.96,254.0,127.0,127.0,8961.12,4480.56,4480.56,0.394684779981617,0.457801265991293,0.31,17.0,5.02,637.54,947.18,-1456.06,-728.03,23.41,0.36,0.5,0.25,0.25,24343.200000000004,-1213.4999999999998,-4.984965000492949,35.28000000000001,-1.7586956521739128,0,0,0.75,0.03671926467358911,0.14751395402709,High Risk,Low Profit,0,0
2.0,25666.0,102.0,3.0,2.0,1.05,31.59,1136.0,148.0,4675.32,494.0,247.0,247.0,15605.46,7802.73,7802.73,0.257099008373916,0.365626385132782,0.32,5.0,1.48,365.56,1763.88,893.8,446.9,2578.21,0.15,0.5,0.25,0.25,35886.24,5682.790000000001,15.83556817320511,31.59,5.002455985915494,0,1,0.75,7.052768355399935,0.3772746064933019,Low Risk,High Profit,3,1
2.0,25346.0,47.0,0.0,2.0,1.05,41.51,864.0,112.0,4649.12,376.0,188.0,188.0,15607.76,7803.88,7803.88,0.213982010986656,0.368292850884609,0.29,3.0,0.89,167.32,1942.05,1993.5,996.75,3092.56,0.15,0.5,0.25,0.25,35864.64,8024.860000000001,22.37540931680898,41.51,9.288032407407409,0,1,0.75,18.482907004542195,0.417725138128735,Low Risk,High Profit,3,1
2.0,26115.0,157.0,3.0,3.0,1.04,43.52,942.0,143.0,6223.36,399.0,200.0,200.0,17364.48,8704.0,8704.0,0.272186443097889,0.352368629071862,0.3,5.0,1.48,296.0,2336.53,1310.06,656.67,2971.87,0.18,0.5,0.25,0.25,40995.84,7275.13,17.746020083989013,43.519999999999996,7.723067940552017,0,1,0.75,10.040101351351352,0.37544492783024896,Low Risk,High Profit,3,1
2.0,25953.0,158.0,2.0,2.0,1.05,36.36,727.0,27.0,981.72,350.0,175.0,175.0,12726.0,6363.0,6363.0,0.279109132918529,0.24523503716918582,0.28,16.0,4.72,826.0,474.52,2587.85,1293.93,2249.57,0.04,0.5,0.25,0.25,26433.72,6605.870000000001,24.990315400178257,36.36,9.086478679504815,0,1,0.75,2.723450363196126,0.47565582991228517,High Risk,High Profit,0,1
2.0,25790.0,100.0,2.0,3.0,1.04,31.36,1240.0,112.0,3512.32,564.0,282.0,282.0,17687.04,8843.52,8843.52,0.257417674874887,0.311002339527477,0.29,11.0,3.25,916.5,1515.85,2504.13,1252.07,2900.19,0.1,0.5,0.25,0.25,38886.4,8172.24,21.015676431863067,31.36,6.590516129032258,0,1,0.75,3.164418985270049,0.431579985597636,High Risk,High Profit,1,1
2.0,26482.0,100.0,3.0,2.0,1.05,43.28,1090.0,142.0,6145.76,474.0,237.0,237.0,20514.72,10257.36,10257.36,0.20701973548159,0.351363193755969,0.28,10.0,2.95,699.15,2714.07,3315.53,1657.76,3830.68,0.15,0.5,0.25,0.25,47175.200000000004,11518.04,24.415455578354727,43.28,10.567009174311927,1,1,0.75,5.479053135950798,0.44161707076244094,Low Risk,High Profit,1,1
2.0,26430.0,99.0,0.0,1.0,1.03,41.86,934.0,198.0,8288.28,368.0,184.0,184.0,15404.48,7702.24,7702.24,0.271048975866288,0.39323107956443,0.31,14.0,4.13,759.92,2782.54,396.2,198.1,1825.88,0.27,0.5,0.25,0.25,39097.24,5202.719999999999,13.307128585035668,41.86,5.57036402569593,0,1,0.75,2.402726602800295,0.335719944569282,High Risk,Medium Profit,0,1
2.0,25674.0,170.0,3.0,2.0,1.05,38.35,816.0,136.0,5215.6,340.0,170.0,170.0,13039.0,6519.5,6519.5,0.245714876074344,0.419549148436636,0.33,8.0,2.36,401.2,1745.85,61.75,30.88,1781.11,0.2,0.5,0.25,0.25,31293.6,3619.59,11.566550348953141,38.35,4.435772058823529,0,0,0.75,4.439456630109671,0.33473597548902,Low Risk,Medium Profit,0,0
2.0,25474.0,168.0,1.0,1.0,1.03,33.71,2012.0,476.0,16045.96,768.0,384.0,384.0,25889.28,12944.64,12944.64,0.371837479888927,0.510073895007372,0.3,17.0,5.02,1927.68,1894.85,-4709.55,-2354.78,-399.07,0.31,0.5,0.25,0.25,67824.51999999999,-5568.55,-8.21023134406259,33.709999999999994,-2.7676689860834993,1,0,0.75,-0.20702087483399734,0.118088625103701,High Risk,Low Profit,2,0
2.0,26322.0,49.0,0.0,2.0,1.05,46.69,512.0,88.0,4108.72,212.0,106.0,106.0,9898.28,4949.14,4949.14,0.233956580478698,0.384420123812743,0.28,12.0,3.54,375.24,1567.98,1005.9,502.95,1513.47,0.21,0.5,0.25,0.25,23905.28,4590.3,19.202034027629043,46.69,8.9654296875,0,0,0.75,4.033338663255517,0.381623295708559,High Risk,High Profit,0,0
2.0,25193.0,100.0,2.0,3.0,1.04,44.51,552.0,40.0,1780.4,256.0,128.0,128.0,11394.56,5697.28,5697.28,0.266178112232592,0.341195593902376,0.32,15.0,4.43,567.04,699.03,827.54,413.77,1669.86,0.08,0.5,0.25,0.25,24569.519999999997,3610.2,14.693815752200287,44.50999999999999,6.540217391304347,0,0,0.75,2.944871613995485,0.392626293865032,High Risk,Medium Profit,0,0
2.0,26247.0,45.0,0.0,1.0,1.03,42.82,1517.0,197.0,8435.54,660.0,330.0,330.0,28261.2,14130.6,14130.6,0.207485083583742,0.366652830177918,0.29,13.0,3.84,1267.2,3592.38,3839.63,1919.81,4750.49,0.15,0.5,0.25,0.25,64957.94,14102.31,21.70990951991396,42.82,9.296183256427158,1,1,0.75,3.7488083964646464,0.42586208623834,High Risk,High Profit,1,1
2.0,25439.0,173.0,3.0,2.0,1.05,42.65,1361.0,145.0,6184.25,608.0,304.0,304.0,25931.2,12965.6,12965.6,0.254115779791027,0.438919094158337,0.3,10.0,2.95,896.8,1898.35,180.61,90.31,3083.19,0.12,0.5,0.25,0.25,58046.65,5252.46,9.04868756422636,42.65,3.859265246142542,1,1,0.75,3.4379906333630688,0.306965126050636,Low Risk,Medium Profit,1,1
2.0,25316.0,154.0,1.0,2.0,1.05,44.39,852.0,256.0,11363.84,298.0,149.0,149.0,13228.22,6614.11,6614.11,0.363367310306057,0.482808523345739,0.32,13.0,3.84,572.16,1748.03,-2198.21,-1099.11,445.25,0.43,0.5,0.25,0.25,37820.28,-1104.04,-2.9191745804102984,44.39,-1.2958215962441315,0,0,0.75,0.7781914149888144,0.15382416634820406,High Risk,Low Profit,0,0
2.0,25804.0,62.0,3.0,3.0,1.04,45.53,709.0,70.0,3187.1,319.0,160.0,160.0,14524.07,7284.8,7284.8,0.211341295223683,0.3560370254796,0.28,12.0,3.54,566.4,1378.81,2216.69,1111.82,2585.16,0.11,0.5,0.25,0.25,32280.769999999997,7292.48,22.590787022738308,45.529999999999994,10.285585331452749,0,1,0.75,4.564194915254237,0.432621679296717,High Risk,High Profit,0,1
2.0,25402.0,53.0,3.0,1.0,1.03,42.47,1837.0,293.0,12443.71,772.0,386.0,386.0,32786.84,16393.42,16393.42,0.233264213018119,0.440884645469487,0.28,6.0,1.77,683.22,4054.8,1503.31,751.66,4658.59,0.19,0.5,0.25,0.25,78017.38999999998,10968.36,14.05886559394002,42.46999999999999,5.9708002177463255,1,1,0.75,6.818579666871579,0.3258511415123939,Low Risk,Medium Profit,1,1
2.0,26089.0,168.0,1.0,1.0,1.03,36.23,1352.0,320.0,11593.6,516.0,258.0,258.0,18694.68,9347.34,9347.34,0.392739950795658,0.470296924328432,0.31,18.0,5.31,1369.98,1587.9,-3234.87,-1617.43,-89.74,0.31,0.5,0.25,0.25,48982.95999999999,-3354.1399999999994,-6.847564949116999,36.23,-2.4808727810650884,1,0,0.75,-0.06550460590665556,0.13696312487591,High Risk,Low Profit,2,0
2.0,25322.0,53.0,3.0,2.0,1.05,41.05,488.0,56.0,2298.8,216.0,108.0,108.0,8866.8,4433.4,4433.4,0.219390986971557,0.417754578310996,0.28,12.0,3.54,382.32,834.13,734.65,367.33,1226.36,0.13,0.5,0.25,0.25,20032.399999999998,3162.47,15.786775423813424,41.05,6.48047131147541,0,0,0.75,3.2076794308432723,0.36285443471744694,High Risk,High Profit,0,0
2.0,26416.0,174.0,1.0,1.0,1.03,40.76,914.0,246.0,10026.96,334.0,167.0,167.0,13613.84,6806.92,6806.92,0.35818507267395,0.451834093313664,0.3,6.0,1.77,295.59,1904.93,-1497.78,-748.89,997.59,0.37,0.5,0.25,0.25,37254.64,655.8500000000001,1.7604518524403943,40.76,0.7175601750547047,0,0,0.75,3.374911194560033,0.18998083401238608,Low Risk,Low Profit,0,0
2.0,25444.0,98.0,3.0,3.0,1.04,32.99,813.0,129.0,4255.71,342.0,171.0,171.0,11282.58,5641.29,5641.29,0.241232790723443,0.447842447133735,0.3,17.0,5.02,858.42,1323.21,123.26,61.63,895.6,0.19,0.5,0.25,0.25,26820.870000000003,2403.7000000000003,8.962050820871955,32.99,2.9565805658056585,0,0,0.75,1.0433121315905967,0.31092476214282194,High Risk,Medium Profit,0,0
2.0,26456.0,52.0,1.0,3.0,1.04,33.23,1590.0,454.0,15086.42,568.0,284.0,284.0,18874.64,9437.32,9437.32,0.391896367259324,0.51360884218011,0.3,16.0,4.72,1340.48,1425.59,-3878.84,-1939.42,-448.7,0.4,0.5,0.25,0.25,52835.7,-4841.37,-9.163065881591423,33.23,-3.04488679245283,1,0,0.75,-0.33473084268321796,0.09449479056056598,High Risk,Low Profit,2,0
2.0,26375.0,174.0,1.0,3.0,1.04,44.45,1204.0,368.0,16357.6,418.0,209.0,209.0,18580.1,9290.05,9290.05,0.391934129910078,0.540160201489925,0.3,6.0,1.77,369.93,1110.77,-4312.34,-2156.17,260.92,0.44,0.5,0.25,0.25,53517.8,-5096.82,-9.523597756260532,44.45,-4.233239202657807,1,0,0.75,0.7053226286054118,0.06790566859999703,Low Risk,Low Profit,2,0
2.0,25286.0,175.0,0.0,3.0,1.04,33.47,1076.0,148.0,4953.56,464.0,232.0,232.0,15530.08,7765.04,7765.04,0.236732678022236,0.412625902309082,0.31,7.0,2.07,480.24,1736.92,631.16,315.58,2242.5,0.16,0.5,0.25,0.25,36013.72,4926.16,13.678564724777113,33.47,4.578215613382899,0,0,0.75,4.669540229885057,0.350641419668682,Low Risk,Medium Profit,0,0
2.0,26055.0,54.0,0.0,3.0,1.04,44.28,665.0,149.0,6597.72,258.0,129.0,129.0,11424.24,5712.12,5712.12,0.258825121168047,0.351078014448285,0.28,9.0,2.66,343.14,2573.75,1257.77,628.89,1885.14,0.29,0.5,0.25,0.25,29446.199999999997,6345.55,21.54963968186048,44.279999999999994,9.54218045112782,0,1,0.75,5.493792621087604,0.390096864383668,Low Risk,High Profit,0,1
2.0,25408.0,45.0,3.0,2.0,1.05,43.67,929.0,106.0,4629.02,411.0,206.0,206.0,17948.37,8996.02,8996.02,0.277101503256708,0.38409072898794,0.31,15.0,4.43,912.58,1568.35,517.05,259.16,2135.34,0.13,0.5,0.25,0.25,40569.43,4479.9,11.042551004537158,43.67,4.822282023681377,0,0,0.75,2.339893488790024,0.33880776775535204,High Risk,Medium Profit,0,0
2.0,25409.0,151.0,0.0,3.0,1.04,37.34,1251.0,258.0,9633.72,497.0,248.0,248.0,18557.98,9260.32,9260.32,0.254479878954589,0.443789343861863,0.29,5.0,1.48,367.04,2906.79,217.7,108.63,2427.08,0.26,0.5,0.25,0.25,46712.34,5660.2,12.117140781215415,37.339999999999996,4.524540367705836,1,1,0.75,6.6125762859633825,0.301730777183548,Low Risk,Medium Profit,1,1
2.0,25166.0,173.0,0.0,3.0,1.04,38.08,953.0,145.0,5521.6,404.0,202.0,202.0,15384.32,7692.16,7692.16,0.255336913112551,0.351766921835951,0.33,6.0,1.77,357.54,2169.42,967.61,483.81,2664.68,0.18,0.5,0.25,0.25,36290.24,6285.52,17.32013896849401,38.08,6.595508919202519,0,1,0.75,7.4528164680874855,0.39289616505149794,Low Risk,High Profit,3,1
2.0,25534.0,169.0,1.0,1.0,1.03,33.33,1416.0,292.0,9732.36,562.0,281.0,281.0,18731.46,9365.73,9365.73,0.359218015661463,0.499981935787946,0.31,10.0,2.95,828.95,1370.32,-3169.36,-1584.68,489.75,0.26,0.5,0.25,0.25,47195.28,-2893.9700000000003,-6.131905563437701,33.33,-2.0437641242937854,1,0,0.75,0.5908076482296881,0.14080004855059103,Low Risk,Low Profit,2,0
2.0,26303.0,55.0,0.0,1.0,1.03,31.21,1288.0,273.0,8520.33,507.0,254.0,254.0,15823.47,7927.34,7927.34,0.234816674832255,0.390215468662791,0.32,5.0,1.48,375.92,3194.85,869.78,435.75,2596.58,0.27,0.5,0.25,0.25,40198.479999999996,7096.96,17.65479689779315,31.209999999999997,5.5100621118012425,0,1,0.75,6.907267503724196,0.374967856504954,Low Risk,High Profit,3,1
2.0,26182.0,151.0,3.0,0.0,1.0,38.49,588.0,53.0,2039.97,267.0,134.0,134.0,10276.83,5157.66,5157.66,0.22133356070146,0.377704364201054,0.32,11.0,3.25,435.5,817.95,832.03,417.57,1632.53,0.1,0.5,0.25,0.25,22632.12,3700.08,16.348799847296675,38.489999999999995,6.29265306122449,0,0,0.75,3.7486337543053962,0.40096207509748594,High Risk,High Profit,0,0
2.0,25616.0,52.0,1.0,0.0,1.0,42.74,721.0,178.0,7607.72,271.0,136.0,136.0,11582.54,5812.64,5812.64,0.350249558931682,0.450828500417992,0.3,10.0,2.95,401.2,1513.34,-1170.74,-587.53,755.06,0.33,0.5,0.25,0.25,30815.54,510.1299999999999,1.6554309935831073,42.74,0.7075312066574201,0,0,0.75,1.8820039880358923,0.19892194065032598,Low Risk,Low Profit,0,0
2.0,26667.0,98.0,2.0,2.0,1.05,43.75,569.0,21.0,918.75,274.0,137.0,137.0,11987.5,5993.75,5993.75,0.289830507559236,0.24523503716918582,0.3,6.0,1.77,242.49,443.37,2188.66,1094.33,2649.96,0.04,0.5,0.25,0.25,24893.75,6376.32,25.614140095405475,43.75,11.206186291739893,0,1,0.75,10.92812074724731,0.4649344552715782,Low Risk,High Profit,3,1
2.0,25983.0,61.0,2.0,1.0,1.03,44.94,1154.0,75.0,3370.5,539.0,270.0,270.0,24222.66,12133.8,12133.8,0.266524447023403,0.326476223429199,0.31,15.0,4.43,1196.1,1371.79,2349.58,1176.97,3742.35,0.07,0.5,0.25,0.25,51860.759999999995,8640.69,16.66132544143202,44.94,7.48759965337955,1,1,0.75,3.12879357913218,0.4069993295473979,High Risk,High Profit,1,1
2.0,26509.0,175.0,0.0,0.0,1.0,36.12,519.0,71.0,2564.52,224.0,112.0,112.0,8090.88,4045.44,4045.44,0.225993219055235,0.415776332048699,0.33,7.0,2.07,231.84,918.69,228.41,114.2,1217.36,0.16,0.5,0.25,0.25,18746.28,2478.66,13.22214327322541,36.12,4.775838150289017,0,0,0.75,5.250862663906141,0.3582304488960659,Low Risk,Medium Profit,0,0
2.0,25661.0,150.0,1.0,3.0,1.04,44.57,1513.0,330.0,14708.1,591.0,296.0,296.0,26340.87,13192.72,13192.72,0.351882391527761,0.489626219822094,0.29,6.0,1.77,523.92,2331.11,-3464.05,-1734.96,1567.01,0.28,0.5,0.25,0.25,67434.41,-1300.89,-1.9291189764987935,44.57,-0.8598083278255123,1,0,0.75,2.9909337303405104,0.158491388650145,Low Risk,Low Profit,2,0
2.0,25259.0,172.0,0.0,0.0,1.0,32.43,710.0,118.0,3826.74,296.0,148.0,148.0,9599.28,4799.64,4799.64,0.242546495571733,0.430796837480739,0.3,11.0,3.25,481.0,1250.03,255.88,127.94,1086.83,0.2,0.5,0.25,0.25,23025.3,2720.68,11.816045827850234,32.43,3.8319436619718306,0,0,0.75,2.2595218295218293,0.32665666694752804,High Risk,Medium Profit,0,0
2.0,26472.0,104.0,3.0,2.0,1.05,35.67,487.0,59.0,2104.53,214.0,107.0,107.0,7633.38,3816.69,3816.69,0.240888773892075,0.351945476536639,0.3,14.0,4.13,441.91,856.89,818.04,409.02,1112.12,0.14,0.5,0.25,0.25,17371.29,3196.0699999999997,18.398576041272698,35.67,6.562772073921971,0,0,0.75,2.516621031431739,0.40716574957128604,High Risk,High Profit,0,0
2.0,25945.0,59.0,3.0,3.0,1.04,43.46,1303.0,179.0,7779.34,562.0,281.0,281.0,24424.52,12212.26,12212.26,0.222378516234458,0.41459262559656,0.31,9.0,2.66,747.46,2824.12,1295.2,647.6,3685.94,0.16,0.5,0.25,0.25,56628.380000000005,8452.86,14.926897078814545,43.46,6.487229470452801,1,1,0.75,4.93128729296551,0.363028858168982,Low Risk,Medium Profit,1,1
2.0,25640.0,101.0,0.0,0.0,1.0,31.66,1281.0,264.0,8358.24,509.0,254.0,254.0,16114.94,8041.64,8041.64,0.205856685228646,0.39364028731361,0.32,10.0,2.95,749.3,3347.5,1297.3,647.38,2471.4,0.26,0.5,0.25,0.25,40556.46,7763.58,19.142647065350378,31.66,6.0605620608899295,0,1,0.75,3.298278393166956,0.400503027457744,Low Risk,High Profit,1,1
2.0,25467.0,49.0,3.0,3.0,1.04,41.53,747.0,91.0,3779.23,328.0,164.0,164.0,13621.84,6810.92,6810.92,0.25042320612818,0.370411440101452,0.28,4.0,1.18,193.52,1432.95,1350.81,675.41,2388.94,0.14,0.5,0.25,0.25,31022.909999999996,5848.110000000001,18.850939515345278,41.529999999999994,7.828795180722892,0,1,0.75,12.34466721785862,0.3791653537703681,Low Risk,High Profit,3,1
2.0,25180.0,104.0,0.0,0.0,1.0,38.27,865.0,173.0,6620.71,346.0,173.0,173.0,13241.42,6620.71,6620.71,0.274860554076731,0.414748610393144,0.33,12.0,3.54,612.42,2055.01,-259.65,-129.83,1442.59,0.25,0.5,0.25,0.25,33103.55,3108.12,9.389083648128372,38.27,3.593202312138728,0,0,0.75,2.3555566441331113,0.31039083553012503,High Risk,Medium Profit,0,0
2.0,25023.0,155.0,1.0,3.0,1.04,36.25,931.0,215.0,7793.75,358.0,179.0,179.0,12977.5,6488.75,6488.75,0.397388583177235,0.541547694453038,0.29,12.0,3.54,633.66,475.92,-2971.02,-1485.51,-237.43,0.3,0.5,0.25,0.25,33748.75,-4218.04,-12.498359198488833,36.25,-4.530655209452202,0,0,0.75,-0.3746962093236121,0.061063722369727014,High Risk,Low Profit,2,0
2.0,25872.0,99.0,3.0,1.0,1.03,41.75,1579.0,143.0,5970.25,718.0,359.0,359.0,29976.5,14988.25,14988.25,0.224730357956141,0.41980867923703,0.27,14.0,4.13,1482.67,2122.19,2561.82,1280.91,3845.07,0.1,0.5,0.25,0.25,65923.25,9809.99,14.88092592522365,41.75,6.212786573780874,1,1,0.75,2.5933417415878113,0.35546096280682904,High Risk,Medium Profit,1,1
2.0,26234.0,176.0,0.0,0.0,1.0,40.7,1869.0,397.0,16157.9,736.0,368.0,368.0,29955.2,14977.6,14977.6,0.253393245972693,0.403203879250214,0.28,4.0,1.18,434.24,5436.3550000000005,1899.25,949.62,4709.11,0.27,0.5,0.25,0.25,76068.3,12994.335,17.082457475715902,40.7,6.952560192616372,1,1,0.75,10.844486919675754,0.34340287477709297,Low Risk,High Profit,1,1
2.0,26210.0,54.0,0.0,1.0,1.03,35.46,1501.0,337.0,11950.02,582.0,291.0,291.0,20637.72,10318.86,10318.86,0.250337548665702,0.439704435644671,0.3,5.0,1.48,430.68,3704.0,205.51,102.76,2767.73,0.29,0.5,0.25,0.25,53225.46000000001,6780.0,12.738264732704984,35.46,4.516988674217188,1,1,0.75,6.426418686727965,0.309958015689627,Low Risk,Medium Profit,1,1
2.0,26076.0,174.0,1.0,0.0,1.0,39.98,1441.0,297.0,11874.06,572.0,286.0,286.0,22868.56,11434.28,11434.28,0.368134736281354,0.51096707645338,0.33,5.0,1.48,423.28,1435.55,-4781.86,-2390.93,959.1,0.26,0.5,0.25,0.25,57611.18,-4778.139999999999,-8.2937721463091,39.98,-3.3158501040943786,1,0,0.75,2.265876015876016,0.12089818726526591,Low Risk,Low Profit,2,0
2.0,26198.0,56.0,3.0,0.0,1.0,31.54,973.0,126.0,3974.04,423.0,212.0,212.0,13341.42,6686.48,6686.48,0.213647998534143,0.435719694918953,0.3,7.0,2.07,438.84,1393.43,675.51,338.55,1905.66,0.15,0.5,0.25,0.25,30688.42,4313.150000000001,14.054649929843247,31.54,4.4328365878725595,0,0,0.75,4.342493847415915,0.3506323065469039,Low Risk,Medium Profit,0,0
2.0,25596.0,49.0,2.0,3.0,1.04,35.34,489.0,40.0,1413.6,225.0,112.0,112.0,7951.5,3958.08,3958.08,0.295075432630256,0.2626055581728,0.33,10.0,2.95,330.4,625.26,893.1,444.57,1420.33,0.09,0.5,0.25,0.25,17281.260000000002,3383.26,19.577623390887005,35.34,6.918732106339469,0,0,0.75,4.298819612590799,0.442319009196944,Low Risk,High Profit,0,0
2.0,26242.0,169.0,0.0,2.0,1.05,43.4,808.0,105.0,4557.0,351.0,176.0,176.0,15233.4,7638.4,7638.4,0.230641705133021,0.388845657976344,0.28,10.0,2.95,519.2,1734.0,1531.15,767.76,2387.31,0.15,0.5,0.25,0.25,35067.200000000004,6420.219999999999,18.308333713555683,43.400000000000006,7.945816831683167,0,1,0.75,4.59805469953775,0.38051263689063497,Low Risk,High Profit,0,1
2.0,25999.0,158.0,1.0,0.0,1.0,32.39,2079.0,616.0,20567.65,722.0,361.0,361.0,23385.58,11692.79,11692.79,0.38291717057582,0.539152335235849,0.27,15.0,4.43,1599.23,1602.85,-4491.66,-2245.83,-688.01,0.44,0.5,0.25,0.25,67338.81,-5822.65,-8.64679669866456,32.39,-2.8006974506974505,1,0,0.75,-0.4302132901458827,0.07793049418833098,High Risk,Low Profit,2,0
2.0,25030.0,60.0,3.0,2.0,1.05,34.48,1242.0,198.0,6827.04,522.0,261.0,261.0,17998.56,8999.28,8999.28,0.262395003382117,0.407956757908687,0.28,15.0,4.43,1156.23,2250.52,893.6,446.8,1810.37,0.19,0.5,0.25,0.25,42824.16,5401.29,12.612716746808342,34.480000000000004,4.348864734299517,0,1,0.75,1.5657524886916963,0.3296482387091959,High Risk,Medium Profit,0,1
2.0,25812.0,54.0,1.0,0.0,1.0,38.38,1900.0,552.0,21185.76,674.0,337.0,337.0,25868.12,12934.06,12934.06,0.389288760407362,0.500189759535715,0.31,5.0,1.48,498.76,2341.48,-5160.13,-2580.07,930.73,0.41,0.5,0.25,0.25,72922.0,-4467.99,-6.127080990647541,38.38,-2.351573684210526,1,0,0.75,1.866087897987008,0.11052148005692297,Low Risk,Low Profit,2,0
2.0,26004.0,169.0,1.0,1.0,1.03,43.09,828.0,205.0,8833.45,311.0,156.0,156.0,13400.99,6722.04,6722.04,0.399280355428346,0.458031657733954,0.3,13.0,3.84,599.04,1260.43,-2108.14,-1057.46,360.11,0.33,0.5,0.25,0.25,35678.520000000004,-1545.06,-4.330504740667494,43.09,-1.866014492753623,0,0,0.75,0.6011451655982907,0.1426879868377,High Risk,Low Profit,0,0
2.0,25478.0,47.0,3.0,3.0,1.04,42.19,720.0,71.0,2995.49,325.0,162.0,162.0,13711.75,6834.78,6834.78,0.234123886600137,0.438297565397806,0.31,14.0,4.13,669.06,981.26,241.03,120.15,1569.87,0.11,0.5,0.25,0.25,30376.799999999996,2912.31,9.587283716520503,42.18999999999999,4.044875,0,0,0.75,2.346381490449287,0.327578548002057,High Risk,Medium Profit,0,0
2.0,25398.0,104.0,3.0,1.0,1.03,38.54,1170.0,178.0,6860.12,496.0,248.0,248.0,19115.84,9557.92,9557.92,0.202150040548295,0.407632516603917,0.29,11.0,3.25,806.0,2676.94,1915.74,957.87,2923.67,0.18,0.5,0.25,0.25,45091.799999999996,8474.220000000001,18.793261746038088,38.54,7.242923076923078,1,1,0.75,3.627382133995037,0.39021744284778803,High Risk,High Profit,1,1
2.0,25602.0,172.0,1.0,2.0,1.05,44.9,1019.0,311.0,13963.9,354.0,177.0,177.0,15894.6,7947.3,7947.3,0.393819763476495,0.548709801840596,0.29,12.0,3.54,626.58,802.51,-3695.96,-1847.98,-169.85,0.44,0.5,0.25,0.25,45753.100000000006,-4911.280000000001,-10.734310899152188,44.900000000000006,-4.819705593719333,1,0,0.75,-0.2710747231000032,0.05747043468290891,High Risk,Low Profit,2,0
2.0,25280.0,62.0,1.0,0.0,1.0,33.83,1944.0,504.0,17050.32,720.0,360.0,360.0,24357.6,12178.8,12178.8,0.3823935136199,0.491645862068981,0.32,3.0,0.89,320.4,2147.67,-4726.33,-2363.17,1213.65,0.35,0.5,0.25,0.25,65765.52,-3728.18,-5.668897622948925,33.830000000000005,-1.9177880658436213,1,0,0.75,3.7879213483146073,0.1259606243111191,Low Risk,Low Profit,2,0
2.0,25536.0,106.0,1.0,1.0,1.03,39.19,1729.0,528.0,20692.32,601.0,300.0,300.0,23553.19,11757.0,11757.0,0.392942606913857,0.507206083461642,0.29,7.0,2.07,621.0,2066.16,-4478.61,-2235.58,552.95,0.44,0.5,0.25,0.25,67759.51,-4095.08,-6.043550196865356,39.19,-2.3684673221515324,1,0,0.75,0.8904186795491144,0.09985130962450106,Low Risk,Low Profit,2,0
2.0,26010.0,52.0,0.0,2.0,1.05,41.49,1853.0,309.0,12820.41,772.0,386.0,386.0,32030.28,16015.14,16015.14,0.2735302041471,0.449517151387408,0.3,13.0,3.84,1482.24,3550.65,-738.21,-369.11,2953.2,0.2,0.5,0.25,0.25,76880.97,5396.53,7.019331311766748,41.49,2.9123205612520238,1,1,0.75,1.9923898963730569,0.27695264446549195,High Risk,Medium Profit,1,1
2.0,26131.0,101.0,0.0,3.0,1.04,32.54,641.0,88.0,2863.52,277.0,138.0,138.0,9013.58,4490.52,4490.52,0.26319454908371,0.369229766190983,0.29,4.0,1.18,162.84,1052.56,699.23,348.36,1487.77,0.16,0.5,0.25,0.25,20858.14,3587.92,17.201533789685946,32.54,5.597379095163807,0,0,0.75,9.136391549987717,0.367575684725307,Low Risk,High Profit,0,0
2.0,26617.0,157.0,0.0,2.0,1.05,40.13,1041.0,173.0,6942.49,434.0,217.0,217.0,17416.42,8708.21,8708.21,0.216339749116451,0.428064831299707,0.31,8.0,2.36,512.12,2468.72,794.11,397.05,2584.48,0.2,0.5,0.25,0.25,41775.329999999994,6244.360000000001,14.947482162319247,40.129999999999995,5.998424591738713,0,1,0.75,5.0466296961649615,0.355595419583842,Low Risk,Medium Profit,0,1
2.0,26053.0,100.0,2.0,2.0,1.05,40.77,1663.0,94.0,3832.38,785.0,392.0,392.0,32004.45,15981.84,15981.84,0.258694604574703,0.261828095512465,0.32,4.0,1.18,462.56,1837.54,5103.98,2548.74,6276.405000000001,0.06,0.5,0.25,0.25,67800.51,15766.664999999999,23.254493218413845,40.769999999999996,9.480856885147324,1,1,0.75,13.568845122794881,0.47947729991283206,Low Risk,High Profit,3,1
2.0,26498.0,60.0,3.0,2.0,1.05,38.13,807.0,134.0,5109.42,337.0,168.0,168.0,12849.81,6405.84,6405.84,0.272539748549461,0.445815528859384,0.31,16.0,4.72,792.96,1439.04,-364.36,-181.64,1011.21,0.2,0.5,0.25,0.25,30770.91,1904.25,6.188474763989755,38.13,2.359665427509294,0,0,0.75,1.275234564164649,0.2816447225911549,High Risk,Medium Profit,0,0
2.0,26013.0,158.0,3.0,0.0,1.0,41.33,1720.0,249.0,10291.17,735.0,368.0,368.0,30377.55,15209.44,15209.44,0.265340579673648,0.387207843293436,0.3,9.0,2.66,978.88,3575.68,1441.46,721.71,4305.66,0.17,0.5,0.25,0.25,71087.6,10044.509999999998,14.129763840669817,41.330000000000005,5.8398313953488366,1,1,0.75,4.398557535142203,0.34745157703291607,Low Risk,Medium Profit,1,1
2.0,25622.0,56.0,1.0,3.0,1.04,46.19,776.0,225.0,10392.75,275.0,138.0,138.0,12702.25,6374.22,6374.22,0.38316788355587,0.475797643046826,0.3,16.0,4.72,651.36,1465.74,-2019.22,-1013.28,247.62,0.41,0.5,0.25,0.25,35843.44,-1319.1399999999999,-3.6802829192733726,46.190000000000005,-1.699922680412371,0,0,0.75,0.3801584377302874,0.14103447339730402,High Risk,Low Profit,0,0
2.0,25206.0,175.0,2.0,2.0,1.05,37.14,1256.0,48.0,1782.72,604.0,302.0,302.0,22432.56,11216.28,11216.28,0.26369786063442,0.34321853480069,0.3,11.0,3.25,981.5,700.76,2088.1,1044.05,3427.44,0.04,0.5,0.25,0.25,46647.840000000004,7260.35,15.564171888773412,37.14,5.780533439490446,1,1,0.75,3.492042791645441,0.39308360456489,High Risk,High Profit,1,1
2.0,26176.0,157.0,0.0,0.0,1.0,34.74,797.0,109.0,3786.66,344.0,172.0,172.0,11950.56,5975.28,5975.28,0.207925808895379,0.446247707633302,0.3,15.0,4.43,761.96,1309.53,547.65,273.83,1304.45,0.16,0.5,0.25,0.25,27687.78,3435.46,12.407856462309367,34.74,4.310489335006274,0,0,0.75,1.7119665074282113,0.34582648347131895,High Risk,Medium Profit,0,0
2.0,25693.0,155.0,0.0,0.0,1.0,36.88,1821.0,364.0,13424.32,729.0,364.0,364.0,26885.52,13424.32,13424.32,0.215512109491974,0.354911531717516,0.32,8.0,2.36,859.04,5436.3550000000005,2946.02,1470.99,4907.73,0.25,0.5,0.25,0.25,67158.48,14761.095,21.97949536678019,36.879999999999995,8.106037891268533,1,1,0.75,5.713040137828274,0.42957635879051004,Low Risk,High Profit,1,1
2.0,26543.0,49.0,0.0,1.0,1.03,34.17,1484.0,204.0,6970.68,640.0,320.0,320.0,21868.8,10934.4,10934.4,0.243031623307616,0.432662174850702,0.32,15.0,4.43,1417.6,2260.63,94.17,47.09,2128.49,0.16,0.5,0.25,0.25,50708.28,4530.38,8.934201672784011,34.17,3.0528167115902964,1,0,0.75,1.501474322799097,0.324306201841682,High Risk,Medium Profit,1,0
2.0,25694.0,62.0,3.0,1.0,1.03,40.09,738.0,107.0,4289.63,315.0,158.0,158.0,12628.35,6334.22,6334.22,0.256855880245566,0.439328920771368,0.29,16.0,4.72,745.76,1303.25,174.46,87.51,1178.67,0.17,0.5,0.25,0.25,29586.420000000002,2743.8900000000003,9.274153479873537,40.09,3.718008130081301,0,0,0.75,1.5804950654366017,0.30381519898306597,High Risk,Medium Profit,0,0
2.0,25183.0,57.0,1.0,0.0,1.0,42.6,924.0,213.0,9073.8,355.0,178.0,178.0,15123.0,7582.8,7582.8,0.395718236151151,0.53493733999785,0.32,8.0,2.36,420.08,629.22,-3790.66,-1900.67,105.74,0.3,0.5,0.25,0.25,39362.4,-4956.37,-12.591635672621587,42.6,-5.364036796536796,0,0,0.75,0.25171395924585793,0.06934442385099904,Low Risk,Low Profit,2,0
2.0,26371.0,100.0,0.0,1.0,1.03,38.06,1246.0,162.0,6165.72,542.0,271.0,271.0,20628.52,10314.26,10314.26,0.230336780287325,0.355597883812152,0.27,8.0,2.36,639.56,2553.01,2971.85,1485.93,3631.22,0.15,0.5,0.25,0.25,47422.76,10642.01,22.44072255600475,38.06,8.54093900481541,1,1,0.75,5.677684658202514,0.41406533590052297,Low Risk,High Profit,1,1
2.0,25659.0,60.0,0.0,3.0,1.04,37.76,1282.0,186.0,7023.36,548.0,274.0,274.0,20692.48,10346.24,10346.24,0.239677734877914,0.370510710123926,0.29,8.0,2.36,646.64,2737.79,2065.35,1032.67,3386.44,0.17,0.5,0.25,0.25,48408.32,9222.25,19.05096066130781,37.76,7.193642745709829,1,1,0.75,5.236978844488433,0.38981155499816,Low Risk,High Profit,1,1
2.0,25700.0,171.0,0.0,1.0,1.03,35.03,1028.0,224.0,7846.72,402.0,201.0,201.0,14082.06,7041.03,7041.03,0.279623358305544,0.3802623182768,0.33,17.0,5.02,1009.02,2668.78,142.43,71.22,1385.74,0.28,0.5,0.25,0.25,36010.84,4268.17,11.852458870717818,35.029999999999994,4.151916342412451,0,0,0.75,1.3733523616974888,0.340114323417656,High Risk,Medium Profit,0,0
2.0,26265.0,48.0,1.0,2.0,1.05,42.79,720.0,161.0,6889.19,279.0,140.0,140.0,11938.41,5990.6,5990.6,0.395338043500669,0.546238326467574,0.31,5.0,1.48,207.2,402.49,-3003.42,-1507.09,142.79,0.29,0.5,0.25,0.25,30808.799999999996,-3965.2300000000005,-12.870446106307293,42.78999999999999,-5.50726388888889,0,0,0.75,0.6891409266409266,0.0584236300317571,Low Risk,Low Profit,2,0
2.0,25580.0,170.0,0.0,0.0,1.0,35.24,810.0,129.0,4545.96,341.0,170.0,170.0,12016.84,5990.8,5990.8,0.27675179714337,0.438894295063801,0.3,16.0,4.72,802.4,1292.66,-188.02,-93.73,901.11,0.19,0.5,0.25,0.25,28544.399999999998,1912.02,6.698406692731325,35.239999999999995,2.3605185185185187,0,0,0.75,1.123018444666002,0.284353907792829,High Risk,Medium Profit,0,0
2.0,25296.0,57.0,1.0,3.0,1.04,40.39,2041.0,593.0,23020.373750000002,724.0,362.0,362.0,29242.36,14621.18,14621.18,0.358275461453013,0.5466285669012,0.31,11.0,3.25,1176.5,2277.67,-5601.13625,-3090.4475,213.92,0.41,0.5,0.25,0.25,81505.09375,-6199.99375,-7.606878864549493,39.93390188633023,-3.0377235423811855,1,0,0.75,0.18182745431364214,0.09509597164578709,High Risk,Low Profit,2,0
2.0,25070.0,155.0,0.0,2.0,1.05,37.27,1820.0,364.0,13566.28,728.0,364.0,364.0,27132.56,13566.28,13566.28,0.279364249650389,0.412589256395586,0.33,16.0,4.72,1718.08,4179.04,-595.65,-297.83,2460.96,0.25,0.5,0.25,0.25,67831.40000000001,5746.52,8.471769711372609,37.27,3.1574285714285715,1,1,0.75,1.4323896442540511,0.30804649395402506,High Risk,Medium Profit,1,1
2.0,25071.0,169.0,1.0,1.0,1.03,31.82,640.0,132.0,4200.24,254.0,127.0,127.0,8082.28,4041.14,4041.14,0.394447506195866,0.456484517152421,0.31,8.0,2.36,299.72,626.12,-1300.7,-650.35,302.68,0.26,0.5,0.25,0.25,20364.8,-1022.25,-5.019690839094909,31.82,-1.597265625,0,0,0.75,1.009875884158548,0.149067976651713,Low Risk,Low Profit,0,0
2.0,25221.0,153.0,3.0,1.0,1.03,36.55,1230.0,178.0,6505.9,526.0,263.0,263.0,19225.3,9612.65,9612.65,0.20621140897274,0.414861785247922,0.32,11.0,3.25,854.75,2465.26,1132.89,566.44,2787.74,0.17,0.5,0.25,0.25,44956.5,6952.33,15.46457130781978,36.55,5.65230081300813,1,1,0.75,3.261468265574729,0.378926805779338,High Risk,High Profit,1,1
2.0,25219.0,156.0,1.0,0.0,1.0,31.77,966.0,266.0,8450.82,350.0,175.0,175.0,11119.5,5559.75,5559.75,0.381094532250427,0.512531927647069,0.3,18.0,5.31,929.25,898.94,-2153.03,-1076.51,-337.84,0.38,0.5,0.25,0.25,30689.82,-2668.4400000000005,-8.694870155641187,31.77,-2.7623602484472056,0,0,0.75,-0.3635620123755717,0.106373540102504,High Risk,Low Profit,2,0
2.0,25508.0,53.0,0.0,3.0,1.04,43.74,1165.0,225.0,9841.5,470.0,235.0,235.0,20557.8,10278.9,10278.9,0.201465280093253,0.376539960876107,0.32,4.0,1.18,277.3,4153.06,2096.79,1048.39,4060.34,0.24,0.5,0.25,0.25,50957.1,11358.580000000002,22.29047571388482,43.74,9.74985407725322,1,1,0.75,14.642408943382618,0.42199475903064,Low Risk,High Profit,3,1
2.0,26315.0,54.0,1.0,1.0,1.03,40.26,2090.0,616.0,23020.373750000002,736.0,368.0,368.0,29631.36,14815.68,14815.68,0.399164941266645,0.463204497657716,0.29,12.0,3.54,1302.72,3424.34,-4514.91,-2257.46,736.37,0.42,0.5,0.25,0.25,82283.09375,-2611.66,-3.1739934426080083,39.36990131578948,-1.2495980861244018,1,0,0.75,0.5652557725374601,0.13763056107563898,High Risk,Low Profit,2,0
2.0,25318.0,62.0,3.0,1.0,1.03,31.35,1178.0,162.0,5078.7,508.0,254.0,254.0,15925.8,7962.9,7962.9,0.248687975779176,0.399860312812962,0.3,3.0,0.89,226.06,1784.92,819.41,409.7,2572.51,0.16,0.5,0.25,0.25,36930.3,5586.54,15.127253231086668,31.35,4.742393887945671,0,1,0.75,11.379766433690172,0.3514517114078619,Low Risk,High Profit,3,1
2.0,26302.0,176.0,0.0,0.0,1.0,30.28,1382.0,190.0,5753.2,596.0,298.0,298.0,18046.88,9023.44,9023.44,0.205369649510831,0.387487425445579,0.33,9.0,2.66,792.68,2342.37,1392.19,696.09,2881.15,0.16,0.5,0.25,0.25,41846.96000000001,7311.799999999999,17.472714863875414,30.280000000000005,5.290738060781476,0,1,0.75,3.6346949588736948,0.40714292504358995,Low Risk,High Profit,1,1
2.0,26520.0,58.0,3.0,3.0,1.04,36.1,1380.0,136.0,4909.6,622.0,311.0,311.0,22454.2,11227.1,11227.1,0.231766770388931,0.424708562181331,0.28,10.0,2.95,917.45,1686.57,1426.4,713.2,2939.34,0.11,0.5,0.25,0.25,49818.0,6765.51,13.58045284836806,36.1,4.90254347826087,1,1,0.75,3.203814921794103,0.343524667429738,Low Risk,Medium Profit,1,1
2.0,25350.0,170.0,1.0,3.0,1.04,37.81,1182.0,258.0,9754.98,462.0,231.0,231.0,17468.22,8734.11,8734.11,0.395334879145958,0.455881052440964,0.31,8.0,2.36,545.16,1451.39,-2816.16,-1408.08,754.34,0.28,0.5,0.25,0.25,44691.42,-2018.5099999999993,-4.516549261580857,37.809999999999995,-1.707707275803722,1,0,0.75,1.3837038667547144,0.148784068413078,Low Risk,Low Profit,2,0
2.0,25877.0,103.0,3.0,1.0,1.03,39.45,1843.0,307.0,12111.15,768.0,384.0,384.0,30297.6,15148.8,15148.8,0.231631634328514,0.350606797146611,0.3,4.0,1.18,453.12,5059.57,3567.89,1783.95,5875.47,0.2,0.5,0.25,0.25,72706.35,16286.880000000001,22.400904460201897,39.45,8.837156809549647,1,1,0.75,12.966697563559322,0.417761568524875,Low Risk,High Profit,3,1
2.0,26321.0,172.0,1.0,1.0,1.03,41.87,896.0,184.0,7704.08,356.0,178.0,178.0,14905.72,7452.86,7452.86,0.392359723895788,0.527107211994007,0.31,4.0,1.18,210.04,620.43,-3420.37,-1710.18,390.16,0.26,0.5,0.25,0.25,37515.52,-4119.96,-10.982014910095875,41.87,-4.598169642857143,0,0,0.75,1.8575509426775854,0.080533064110205,Low Risk,Low Profit,2,0
2.0,25960.0,157.0,0.0,1.0,1.03,31.06,1454.0,318.0,9877.08,568.0,284.0,284.0,17642.08,8821.04,8821.04,0.248581511806697,0.39416928270366,0.28,7.0,2.07,587.88,3528.58,1362.84,681.42,2563.43,0.28,0.5,0.25,0.25,45161.240000000005,8136.27,18.016046503594673,31.060000000000002,5.595784044016506,1,1,0.75,4.360464720691297,0.357249205489643,Low Risk,High Profit,1,1
2.0,26417.0,62.0,0.0,3.0,1.04,34.53,1423.0,311.0,10738.83,556.0,278.0,278.0,19198.68,9599.34,9599.34,0.253148416317999,0.426089535560459,0.28,17.0,5.02,1395.56,3444.61,782.58,391.29,1683.54,0.28,0.5,0.25,0.25,49136.19,6302.02,12.825617940666545,34.53,4.428685874912158,1,1,0.75,1.2063544383616613,0.3207620481215421,High Risk,Medium Profit,1,1
2.0,25691.0,54.0,3.0,3.0,1.04,41.14,1404.0,172.0,7076.08,616.0,308.0,308.0,25342.24,12671.12,12671.12,0.244977448247373,0.424303243448958,0.27,10.0,2.95,908.6,2340.2,1538.76,769.38,3281.98,0.14,0.5,0.25,0.25,57760.560000000005,7930.32,13.729645280447416,41.14,5.648376068376068,1,1,0.75,3.612128549416685,0.330719308303669,Low Risk,Medium Profit,1,1
2.0,25517.0,51.0,0.0,0.0,1.0,36.2,1800.0,336.0,12163.2,732.0,366.0,366.0,26498.4,13249.2,13249.2,0.212974373381585,0.441601479123347,0.31,15.0,4.43,1621.38,4201.46,938.68,469.34,2955.21,0.23,0.5,0.25,0.25,65160.0,8564.69,13.144091467157768,36.2,4.758161111111112,1,1,0.75,1.8226510750101763,0.345424147495068,High Risk,Medium Profit,1,1
2.0,25761.0,153.0,0.0,0.0,1.0,42.32,704.0,112.0,4739.84,296.0,148.0,148.0,12526.72,6263.36,6263.36,0.2523854868114,0.430818550032564,0.32,6.0,1.77,261.96,1501.56,-40.14,-20.07,1722.25,0.19,0.5,0.25,0.25,29793.28,3163.6,10.618501890359168,42.32,4.4937499999999995,0,0,0.75,6.574477019392274,0.316795963156036,Low Risk,Medium Profit,0,0
2.0,25801.0,58.0,0.0,1.0,1.03,34.24,679.0,135.0,4622.4,272.0,136.0,136.0,9313.28,4656.64,4656.64,0.273595393132418,0.366750952135772,0.29,7.0,2.07,281.52,1662.46,648.7,324.35,1393.26,0.25,0.5,0.25,0.25,23248.96,4028.7699999999995,17.328818149284956,34.24,5.933387334315169,0,0,0.75,4.949062233589088,0.35965365473181,Low Risk,High Profit,0,0
2.0,25036.0,106.0,0.0,2.0,1.05,36.56,1578.0,251.0,9176.56,663.0,332.0,332.0,24239.28,12137.92,12137.92,0.23573942931369,0.415051110228524,0.31,10.0,2.95,979.4,3204.54,950.41,475.92,3259.28,0.19,0.5,0.25,0.25,57691.67999999999,7890.15,13.676408799327739,36.559999999999995,5.00009505703422,1,1,0.75,3.3278333673677767,0.349209460457786,Low Risk,Medium Profit,1,1
2.0,25572.0,174.0,2.0,3.0,1.04,33.57,677.0,38.0,1275.66,319.0,160.0,160.0,10708.83,5371.2,5371.2,0.294790791755076,0.303496247588191,0.28,6.0,1.77,283.2,512.45,1303.4,653.74,1874.48,0.06,0.5,0.25,0.25,22726.89,4344.07,19.11422988363124,33.57,6.416646971935007,0,0,0.75,6.618926553672317,0.401712960656733,Low Risk,High Profit,0,0
2.0,25722.0,157.0,1.0,1.0,1.03,32.05,1243.0,315.0,10095.75,464.0,232.0,232.0,14871.2,7435.6,7435.6,0.371724752651062,0.509835770563222,0.32,9.0,2.66,617.12,1195.74,-2997.45,-1498.72,263.55,0.34,0.5,0.25,0.25,39838.15,-3036.8799999999997,-7.623044744798641,32.050000000000004,-2.4431858407079643,0,0,0.75,0.42706442831215974,0.11843947678571598,Low Risk,Low Profit,2,0
2.0,25806.0,61.0,2.0,3.0,1.04,46.32,907.0,43.0,1991.76,432.0,216.0,216.0,20010.24,10005.12,10005.12,0.283300330804195,0.331551749072969,0.28,3.0,0.89,192.24,767.12,2104.04,1052.02,3661.21,0.05,0.5,0.25,0.25,42012.240000000005,7584.389999999999,18.052810323848476,46.32000000000001,8.362061742006615,0,1,0.75,19.044995838535165,0.38514792012283605,Low Risk,High Profit,3,1
2.0,26414.0,57.0,3.0,1.0,1.03,41.57,1591.0,231.0,9602.67,680.0,340.0,340.0,28267.6,14133.8,14133.8,0.21968027330935,0.377555910078809,0.32,13.0,3.84,1305.6,3867.61,2339.53,1169.77,4386.98,0.17,0.5,0.25,0.25,66137.87,11763.89,17.786919959774938,41.57,7.394022627278441,1,1,0.75,3.360125612745098,0.402763816611841,High Risk,High Profit,1,1
2.0,26293.0,175.0,3.0,2.0,1.05,35.69,849.0,141.0,5032.29,354.0,177.0,177.0,12634.26,6317.13,6317.13,0.21097047034651,0.357273713103496,0.28,5.0,1.48,261.96,2172.72,1917.32,958.66,2465.5,0.2,0.5,0.25,0.25,30300.81,7514.2,24.79867699906372,35.690000000000005,8.850647820965841,0,1,0.75,9.411742250725302,0.43175581654999395,Low Risk,High Profit,3,1
2.0,26577.0,59.0,3.0,1.0,1.03,44.16,1066.0,105.0,4636.8,481.0,240.0,240.0,21240.96,10598.4,10598.4,0.273161277454346,0.373338230419904,0.32,9.0,2.66,638.4,1639.11,711.58,355.05,3108.14,0.11,0.5,0.25,0.25,47074.56,5813.88,12.350365037931317,44.16,5.453921200750469,1,1,0.75,4.868640350877193,0.3535004921257501,Low Risk,Medium Profit,0,1
2.0,26536.0,170.0,3.0,3.0,1.04,34.6,1570.0,250.0,8650.0,660.0,330.0,330.0,22836.0,11418.0,11418.0,0.227808673344553,0.356178039731458,0.27,9.0,2.66,877.8,3598.51,3334.36,1667.18,3872.24,0.19,0.5,0.25,0.25,54322.0,12472.29,22.959924155958912,34.6,7.944133757961784,1,1,0.75,4.411300979722032,0.416013286923989,Low Risk,High Profit,1,1
2.0,25512.0,105.0,3.0,0.0,1.0,31.27,1364.0,124.0,3877.48,620.0,310.0,310.0,19387.4,9693.7,9693.7,0.256585275344551,0.395035106549039,0.31,17.0,5.02,1556.2,1350.84,744.08,372.04,1820.89,0.1,0.5,0.25,0.25,42652.28,4287.85,10.053038196316821,31.27,3.14358504398827,0,0,0.75,1.1700873923660198,0.34837961810641005,High Risk,Medium Profit,0,0
2.0,25109.0,46.0,0.0,2.0,1.05,40.69,1051.0,203.0,8260.07,424.0,212.0,212.0,17252.56,8626.28,8626.28,0.249420516099781,0.374149388237856,0.29,18.0,5.31,1125.72,3109.34,1491.14,745.57,2121.47,0.24,0.5,0.25,0.25,42765.19,7467.52,17.461678528728623,40.690000000000005,7.105156993339677,0,1,0.75,1.8845450023096326,0.37643009566236296,High Risk,High Profit,0,1
2.0,25650.0,104.0,1.0,3.0,1.04,40.05,1841.0,477.0,19103.85,682.0,341.0,341.0,27314.1,13657.05,13657.05,0.353668365778867,0.509786053118296,0.29,15.0,4.43,1510.63,2608.55,-4191.47,-2095.73,354.18,0.35,0.5,0.25,0.25,73732.05,-3324.4700000000003,-4.508853341253905,40.050000000000004,-1.8057957631721893,1,0,0.75,0.23445847096906589,0.1365455811028371,High Risk,Low Profit,2,0
2.0,25115.0,102.0,1.0,1.0,1.03,38.81,712.0,180.0,6985.8,266.0,133.0,133.0,10323.46,5161.73,5161.73,0.36330637417268,0.463121236930601,0.28,14.0,4.13,549.29,1212.54,-1098.7,-549.35,346.64,0.34,0.5,0.25,0.25,27632.719999999998,-88.87000000000012,-0.3216114808820852,38.809999999999995,-0.12481741573033725,0,0,0.75,0.6310691984197783,0.173572388896719,High Risk,Low Profit,0,0
2.0,25843.0,100.0,1.0,3.0,1.04,39.71,1938.0,502.0,19934.42,718.0,359.0,359.0,28511.78,14255.89,14255.89,0.393492343707476,0.512955710524693,0.31,17.0,5.02,1802.18,1864.9,-5601.13625,-3085.66,-468.51,0.35,0.5,0.25,0.25,76957.98,-7290.40625,-9.473229741736985,39.71,-3.7618195304437565,1,0,0.75,-0.259968482615499,0.09355194576783099,High Risk,Low Profit,2,0
2.0,26178.0,61.0,0.0,3.0,1.04,42.26,1530.0,306.0,12931.56,612.0,306.0,306.0,25863.12,12931.56,12931.56,0.211885205637664,0.435429754783399,0.31,15.0,4.43,1355.58,4560.77,1103.97,551.98,3205.19,0.25,0.5,0.25,0.25,64657.799999999996,9421.910000000002,14.571961928800551,42.26,6.158111111111112,1,1,0.75,2.3644417887546294,0.35268503957893693,High Risk,Medium Profit,1,1
2.0,25829.0,100.0,0.0,0.0,1.0,39.95,917.0,133.0,5313.35,392.0,196.0,196.0,15660.4,7830.2,7830.2,0.231712181903422,0.395080887596123,0.3,9.0,2.66,521.36,1982.98,1146.45,573.22,2400.92,0.17,0.5,0.25,0.25,36634.15,6103.570000000001,16.66087516702312,39.95,6.656019629225737,0,1,0.75,4.605109713058155,0.37320693050045506,Low Risk,High Profit,0,1
2.0,26636.0,169.0,2.0,2.0,1.05,37.98,1702.0,126.0,4785.48,788.0,394.0,394.0,29928.24,14964.12,14964.12,0.255518442066386,0.326068457355723,0.33,3.0,0.89,350.66,2002.31,2646.05,1323.02,5910.52,0.08,0.5,0.25,0.25,64641.96000000001,11881.900000000001,18.38109488016762,37.980000000000004,6.981139835487663,1,1,0.75,16.85541550219586,0.41841310057789105,Low Risk,High Profit,3,1
2.0,25520.0,62.0,1.0,3.0,1.04,34.9,826.0,170.0,5933.0,328.0,164.0,164.0,11447.2,5723.6,5723.6,0.355159955017734,0.519138809409924,0.27,12.0,3.54,580.56,745.79,-1651.82,-825.91,138.9,0.26,0.5,0.25,0.25,28827.4,-1593.04,-5.526131388886961,34.9,-1.9286198547215496,0,0,0.75,0.23925175692434894,0.12570123557234203,High Risk,Low Profit,0,0
2.0,25820.0,47.0,0.0,2.0,1.05,32.01,1737.0,277.0,8866.77,730.0,365.0,365.0,23367.3,11683.65,11683.65,0.250170034579933,0.432637205859646,0.32,16.0,4.72,1722.8,2812.48,-65.6,-32.8,1983.17,0.19,0.5,0.25,0.25,55601.37,4697.25,8.448083203705233,32.01,2.704231433506045,1,0,0.75,1.1511318783375901,0.31719275956042103,High Risk,Medium Profit,1,0
2.0,25375.0,46.0,0.0,0.0,1.0,39.65,1049.0,229.0,9079.85,410.0,205.0,205.0,16256.5,8128.25,8128.25,0.210223318692297,0.371796460123733,0.3,16.0,4.72,967.6,3795.2,1917.95,958.97,2429.85,0.28,0.5,0.25,0.25,41592.85,9101.97,21.88349680293608,39.65,8.676806482364155,0,1,0.75,2.511213311285655,0.41798022118397005,High Risk,High Profit,1,1
2.0,25941.0,150.0,2.0,2.0,1.05,43.94,1248.0,92.0,4042.48,578.0,289.0,289.0,25397.32,12698.66,12698.66,0.294854726211633,0.281737700977828,0.31,7.0,2.07,598.23,1711.62,2880.25,1440.12,4778.48,0.08,0.5,0.25,0.25,54837.119999999995,10810.47,19.713781467735725,43.94,8.662235576923077,1,1,0.75,7.987697039600153,0.423407572810539,Low Risk,High Profit,1,1
2.0,26591.0,174.0,1.0,0.0,1.0,36.9,1633.0,474.0,17490.6,579.0,290.0,290.0,21365.1,10701.0,10701.0,0.396324428927619,0.504563069227152,0.33,4.0,1.18,342.2,1733.54,-4932.93,-2470.73,718.4,0.41,0.5,0.25,0.25,60257.7,-4951.720000000001,-8.217572194093039,36.9,-3.0322841396203315,1,0,0.75,2.0993571011104617,0.09911250184522902,Low Risk,Low Profit,2,0
2.0,25054.0,153.0,3.0,2.0,1.05,42.92,1638.0,226.0,9699.92,706.0,353.0,353.0,30301.52,15150.76,15150.76,0.229495190586895,0.358006178517826,0.29,13.0,3.84,1355.52,4001.2,3711.89,1855.95,4894.15,0.16,0.5,0.25,0.25,70302.96,14463.19,20.572661520937384,42.92,8.829786324786324,1,1,0.75,3.6105332271010386,0.41249863089527894,High Risk,High Profit,1,1
2.0,26515.0,105.0,0.0,0.0,1.0,41.51,1747.0,315.0,13075.65,716.0,358.0,358.0,29721.16,14860.58,14860.58,0.23336392775178,0.388946938468143,0.3,15.0,4.43,1585.94,4938.53,2309.01,1154.51,4026.74,0.22,0.5,0.25,0.25,72517.97,12428.789999999999,17.138910534864667,41.51,7.114361763022323,1,1,0.75,2.539024174937261,0.37768913378007696,High Risk,High Profit,1,1
2.0,25555.0,98.0,0.0,0.0,1.0,30.34,763.0,171.0,5188.14,296.0,148.0,148.0,8980.64,4490.32,4490.32,0.279941906649619,0.444194895145483,0.29,13.0,3.84,568.32,1431.22,-126.96,-63.48,670.39,0.29,0.5,0.25,0.25,23149.42,1911.17,8.255800793281216,30.339999999999996,2.5048099606815204,0,0,0.75,1.1795995213963963,0.275863198204898,High Risk,Medium Profit,0,0
2.0,25204.0,101.0,0.0,2.0,1.05,41.77,1160.0,224.0,9356.48,468.0,234.0,234.0,19548.36,9774.18,9774.18,0.242862232327461,0.440491092158481,0.31,4.0,1.18,276.12,2962.7,129.93,64.97,2818.84,0.24,0.5,0.25,0.25,48453.200000000004,5976.44,12.334458817993443,41.77,5.152103448275862,1,1,0.75,10.20874981891931,0.316646675514058,Low Risk,Medium Profit,3,1
2.0,26486.0,151.0,3.0,2.0,1.05,37.7,881.0,121.0,4561.7,380.0,190.0,190.0,14326.0,7163.0,7163.0,0.268228919859976,0.375720127648674,0.31,15.0,4.43,841.7,1624.2,659.73,329.86,1708.69,0.16,0.5,0.25,0.25,33213.7,4322.4800000000005,13.014147776369391,37.699999999999996,4.906333711691261,0,0,0.75,2.0300463347986217,0.35605095249135,High Risk,Medium Profit,0,0
2.0,25844.0,102.0,3.0,2.0,1.05,39.19,1313.0,209.0,8190.71,552.0,276.0,276.0,21632.88,10816.44,10816.44,0.272124186344445,0.39369796726387,0.3,12.0,3.54,977.04,2737.15,739.37,369.68,2637.57,0.19,0.5,0.25,0.25,51456.47,6483.77,12.600495136957509,39.19,4.9381340441736485,1,1,0.75,2.6995517071972492,0.3341778463916849,High Risk,Medium Profit,1,1
2.0,26368.0,49.0,0.0,3.0,1.04,40.68,1554.0,202.0,8217.36,676.0,338.0,338.0,27499.68,13749.84,13749.84,0.202652339376509,0.396879305806942,0.27,11.0,3.25,1098.5,3290.79,3587.84,1793.92,4407.88,0.15,0.5,0.25,0.25,63216.72,13080.43,20.69140885512567,40.68,8.417265122265123,1,1,0.75,4.012635411925353,0.4004683548165491,High Risk,High Profit,1,1
2.0,26690.0,50.0,2.0,0.0,1.0,31.29,1412.0,92.0,2878.68,660.0,330.0,330.0,20651.4,10325.7,10325.7,0.258770291029941,0.288752131327055,0.31,18.0,5.31,1752.3,1302.54,2942.36,1471.18,2919.85,0.07,0.5,0.25,0.25,44181.479999999996,8635.93,19.546493236532594,31.289999999999996,6.116097733711048,0,1,0.75,1.6662957256177595,0.452477577643004,High Risk,High Profit,1,1
2.0,26370.0,57.0,3.0,0.0,1.0,30.84,1398.0,127.0,3916.68,635.0,318.0,318.0,19583.4,9807.12,9807.12,0.263308193814009,0.405627339868806,0.27,9.0,2.66,845.88,1296.67,1195.85,598.87,2400.91,0.1,0.5,0.25,0.25,43114.32000000001,5492.299999999999,12.738922937900906,30.840000000000003,3.9286838340486403,0,1,0.75,2.8383576866695037,0.331064466317185,Low Risk,Medium Profit,1,1
2.0,25446.0,105.0,1.0,1.0,1.03,44.57,805.0,213.0,9493.41,296.0,148.0,148.0,13192.72,6596.36,6596.36,0.35904397550039,0.454478869610466,0.27,10.0,2.95,436.6,1770.3,-1101.89,-550.95,793.47,0.36,0.5,0.25,0.25,35878.85,910.9299999999998,2.5389052324698254,44.57,1.1315900621118011,0,0,0.75,1.8173843334860285,0.18647715488914396,Low Risk,Low Profit,0,0
2.0,26519.0,172.0,0.0,2.0,1.05,31.77,1715.0,223.0,7084.71,746.0,373.0,373.0,23700.42,11850.21,11850.21,0.267107212133706,0.39803223637864,0.31,7.0,2.07,772.11,2372.39,589.21,294.6,3196.06,0.15,0.5,0.25,0.25,54485.549999999996,6452.26,11.842148973443418,31.769999999999996,3.762250728862974,1,1,0.75,4.139384284622658,0.33486055148765403,Low Risk,Medium Profit,1,1
2.0,26318.0,48.0,3.0,1.0,1.03,42.82,1678.0,279.0,11946.78,699.0,350.0,350.0,29931.18,14987.0,14987.0,0.203611622788012,0.44503956802655,0.3,6.0,1.77,619.5,4197.49,1536.93,769.56,4646.16,0.2,0.5,0.25,0.25,71851.95999999999,11150.14,15.518212725164352,42.81999999999999,6.644898688915375,1,1,0.75,7.499854721549637,0.351348809185438,Low Risk,High Profit,1,1
2.0,26644.0,106.0,2.0,0.0,1.0,37.03,1390.0,114.0,4221.42,638.0,319.0,319.0,23625.14,11812.57,11812.57,0.279031221440528,0.331663701019715,0.28,9.0,2.66,848.54,1643.42,2582.35,1291.17,3750.15,0.09,0.5,0.25,0.25,51471.7,9267.09,18.00424310834886,37.03,6.666971223021583,1,1,0.75,4.419532373252881,0.38930507753975707,Low Risk,High Profit,1,1
2.0,25356.0,54.0,2.0,1.0,1.03,40.09,1576.0,60.0,2405.4,758.0,379.0,379.0,30388.22,15194.11,15194.11,0.254831011791248,0.24523503716918582,0.29,11.0,3.25,1231.75,1301.74,5891.193749999999,3234.4325,6276.405000000001,0.04,0.5,0.25,0.25,63181.840000000004,16703.771249999998,26.437614431615152,40.09,10.598839625634517,1,1,0.75,5.095518571138625,0.49993395103956617,High Risk,High Profit,1,1
2.0,25720.0,155.0,3.0,3.0,1.04,43.59,1158.0,114.0,4969.26,522.0,261.0,261.0,22753.98,11376.99,11376.99,0.208057023026049,0.386074588098563,0.28,11.0,3.25,848.25,2016.87,2864.01,1432.0,3769.31,0.11,0.5,0.25,0.25,50477.219999999994,10082.19,19.97374261102335,43.589999999999996,8.706554404145079,1,1,0.75,4.443631005010316,0.405868388875388,High Risk,High Profit,1,1
2.0,25518.0,105.0,1.0,0.0,1.0,31.18,1228.0,304.0,9478.72,462.0,231.0,231.0,14405.16,7202.58,7202.58,0.355425095173996,0.526120292721316,0.28,7.0,2.07,478.17,1122.8,-2327.09,-1163.54,375.01,0.33,0.5,0.25,0.25,38289.04,-1992.82,-5.204674758103102,31.18,-1.622817589576547,0,0,0.75,0.7842608277390886,0.118454612104688,Low Risk,Low Profit,2,0
2.0,25235.0,155.0,3.0,2.0,1.05,38.17,1523.0,163.0,6221.71,680.0,340.0,340.0,25955.6,12977.8,12977.8,0.242224811166525,0.386467837006785,0.3,10.0,2.95,1003.0,2310.17,1850.83,925.41,3815.75,0.12,0.5,0.25,0.25,58132.91,8902.16,15.313460138155822,38.17,5.845147734734077,1,1,0.75,3.8043369890329015,0.37130735182669006,Low Risk,High Profit,1,1
2.0,25604.0,99.0,3.0,1.0,1.03,45.47,856.0,136.0,6183.92,360.0,180.0,180.0,16369.2,8184.6,8184.6,0.268583900295198,0.364573732274584,0.29,15.0,4.43,797.4,2268.52,1257.85,628.92,2205.06,0.19,0.5,0.25,0.25,38922.32,6360.35,16.34113793833461,45.47,7.430315420560748,0,1,0.75,2.7653122648607975,0.3668423674302179,High Risk,High Profit,0,1
2.0,25196.0,57.0,0.0,3.0,1.04,42.51,602.0,78.0,3315.78,262.0,131.0,131.0,11137.62,5568.81,5568.81,0.279265898615122,0.420667344261892,0.32,12.0,3.54,463.74,994.96,-222.01,-111.0,1207.27,0.15,0.5,0.25,0.25,25591.020000000004,1869.22,7.304202802389274,42.510000000000005,3.105016611295681,0,0,0.75,2.6033337646094794,0.300066757122986,High Risk,Medium Profit,0,0
2.0,25199.0,170.0,3.0,1.0,1.03,35.77,1296.0,188.0,6724.76,554.0,277.0,277.0,19816.58,9908.29,9908.29,0.278208652883768,0.406034040707164,0.32,12.0,3.54,980.58,2123.39,-84.08,-42.04,2148.03,0.17,0.5,0.25,0.25,46357.920000000006,4145.3,8.941945626550975,35.77,3.1985339506172843,1,0,0.75,2.190570886618124,0.31575730640906796,High Risk,Medium Profit,0,0
2.0,25364.0,99.0,3.0,2.0,1.05,34.32,1518.0,162.0,5559.84,678.0,339.0,339.0,23268.96,11634.48,11634.48,0.253805624842644,0.407516850624233,0.31,4.0,1.18,400.02,1882.99,667.3,333.65,3540.32,0.12,0.5,0.25,0.25,52097.759999999995,6424.26,12.331163566341434,34.31999999999999,4.232055335968379,1,1,0.75,8.850357482125894,0.33867752453312305,Low Risk,Medium Profit,3,1
2.0,25879.0,62.0,2.0,3.0,1.04,39.52,873.0,57.0,2252.64,408.0,204.0,204.0,16124.16,8062.08,8062.08,0.255745047354139,0.26501864414895,0.3,16.0,4.72,962.88,1079.55,2890.03,1445.02,2900.76,0.07,0.5,0.25,0.25,34500.96,8315.36,24.101822094225785,39.519999999999996,9.525040091638031,0,1,0.75,3.012587238285145,0.479236308496911,High Risk,High Profit,0,1
2.0,26276.0,106.0,0.0,2.0,1.05,33.78,820.0,148.0,4999.44,336.0,168.0,168.0,11350.08,5675.04,5675.04,0.230877000335604,0.433313726494089,0.31,16.0,4.72,792.96,1678.86,292.94,146.47,1112.77,0.22,0.5,0.25,0.25,27699.600000000002,3231.04,11.664572773614058,33.78,3.940292682926829,0,0,0.75,1.4033116424535914,0.33580927317030707,High Risk,Medium Profit,0,0
2.0,25152.0,152.0,0.0,0.0,1.0,31.82,1151.0,183.0,5823.06,484.0,242.0,242.0,15400.88,7700.44,7700.44,0.218786398787051,0.404047677922063,0.29,4.0,1.18,285.56,2196.26,1342.43,671.22,2618.78,0.19,0.5,0.25,0.25,36624.82,6828.6900000000005,18.64497900604017,31.82,5.932832319721982,0,1,0.75,9.17068216837092,0.37716592329088605,Low Risk,High Profit,3,1
2.0,25355.0,49.0,1.0,2.0,1.05,41.84,1038.0,207.0,8660.88,415.0,208.0,208.0,17363.6,8702.72,8702.72,0.379519668442663,0.478032251819968,0.33,10.0,2.95,613.6,1233.73,-3256.58,-1632.21,626.09,0.25,0.5,0.25,0.25,43429.92,-3028.97,-6.9743854006638735,41.839999999999996,-2.918082851637765,0,0,0.75,1.0203552803129075,0.14244807973736906,Low Risk,Low Profit,2,0
2.0,25213.0,60.0,3.0,3.0,1.04,40.32,595.0,59.0,2378.88,268.0,134.0,134.0,10805.76,5402.88,5402.88,0.251114022769034,0.397714350628667,0.29,8.0,2.36,316.24,835.4,661.01,330.5,1581.1,0.11,0.5,0.25,0.25,23990.4,3408.0099999999998,14.205723956249164,40.32,5.727747899159663,0,0,0.75,4.999683784467493,0.35117162660229906,Low Risk,Medium Profit,0,0
2.0,26654.0,61.0,0.0,2.0,1.05,40.0,1136.0,248.0,9920.0,444.0,222.0,222.0,17760.0,8880.0,8880.0,0.233386963326484,0.438896401575767,0.27,4.0,1.18,261.96,3250.95,1025.05,512.52,2648.16,0.28,0.5,0.25,0.25,45440.0,7436.68,16.36593309859155,40.0,6.54637323943662,1,1,0.75,10.109024278515804,0.32771663509774895,Low Risk,High Profit,3,1
2.0,25358.0,154.0,0.0,1.0,1.03,32.21,603.0,91.0,2931.11,256.0,128.0,128.0,8245.76,4122.88,4122.88,0.213019451089203,0.381274681887589,0.29,12.0,3.54,453.12,1189.17,954.08,477.04,1219.56,0.18,0.5,0.25,0.25,19422.63,3839.85,19.769979657749747,32.21,6.367910447761194,0,0,0.75,2.6914724576271185,0.405705867023208,High Risk,High Profit,0,0
2.0,25938.0,47.0,2.0,0.0,1.0,43.11,1399.0,115.0,4957.65,642.0,321.0,321.0,27676.62,13838.31,13838.31,0.27334766110871,0.246361427556258,0.28,16.0,4.72,1515.12,2381.11,5543.38,2771.69,5131.29,0.09,0.5,0.25,0.25,60310.88999999999,15827.470000000001,26.24313784790774,43.10999999999999,11.313416726233024,1,1,0.75,3.3867218438143514,0.480290911335032,High Risk,High Profit,1,1
2.0,25964.0,102.0,3.0,0.0,1.0,35.79,1326.0,162.0,5797.98,582.0,291.0,291.0,20829.78,10414.89,10414.89,0.252573682460934,0.381500149774365,0.29,6.0,1.77,515.07,2121.63,1581.53,790.76,3296.01,0.14,0.5,0.25,0.25,47457.53999999999,7789.93,16.414525489521793,35.78999999999999,5.8747586726998495,1,1,0.75,6.399149630147359,0.365926167764701,Low Risk,High Profit,1,1
2.0,25641.0,156.0,0.0,1.0,1.03,43.92,1198.0,262.0,11507.04,468.0,234.0,234.0,20554.56,10277.28,10277.28,0.207899869717658,0.362047634436749,0.32,15.0,4.43,1036.62,4948.63,2262.08,1131.04,3383.15,0.28,0.5,0.25,0.25,52616.16,11724.9,22.283838273260532,43.92,9.787061769616026,1,1,0.75,3.263635662055527,0.430052495845593,High Risk,High Profit,1,1
2.0,25919.0,59.0,0.0,1.0,1.03,31.04,1663.0,363.0,11267.52,650.0,325.0,325.0,20176.0,10088.0,10088.0,0.243415899220854,0.399870697432198,0.3,16.0,4.72,1534.0,4019.28,1144.25,572.12,2064.52,0.28,0.5,0.25,0.25,51619.520000000004,7800.17,15.110892158625264,31.040000000000003,4.690420926037282,1,1,0.75,1.3458409387222947,0.356713403346948,High Risk,High Profit,1,1
3.0,25665.0,198.0,3.0,1.0,1.03,37.29,570.0,70.0,2610.3,250.0,150.0,100.0,9322.5,5593.5,3729.0,0.243980130646378,0.447680360660888,0.32,13.0,3.84,384.0,804.86,-108.7,-65.22,765.8,0.14,0.5,0.3,0.2,21255.3,1396.7399999999998,6.571255169298951,37.29,2.4504210526315786,0,0,0.8,1.9942708333333332,0.30833950869273397,High Risk,Medium Profit,0,0
3.0,25382.0,193.0,1.0,2.0,1.05,44.63,1749.0,403.0,17985.89,673.0,404.0,269.0,30035.99,18030.52,12005.47,0.369725375855342,0.462683936930262,0.33,10.0,2.95,793.55,3014.27,-4878.12,-2928.32,1218.45,0.3,0.5,0.3,0.2,78057.87000000001,-3573.7200000000003,-4.578295564559986,44.63,-2.043293310463122,1,0,0.8,1.535442001134144,0.16759068721439596,Low Risk,Low Profit,2,0
3.0,25300.0,39.0,1.0,1.0,1.03,36.63,885.0,115.0,4212.45,385.0,231.0,154.0,14102.55,8461.53,5641.02,0.394670888595283,0.470167292584665,0.29,15.0,4.43,682.22,569.36,-2183.61,-1310.17,80.23,0.15,0.5,0.3,0.2,32417.55,-2844.19,-8.773611824459282,36.63,-3.213774011299435,0,0,0.8,0.11760136026501715,0.13516181882005207,High Risk,Low Profit,2,0
3.0,25058.0,202.0,1.0,0.0,1.0,40.43,1256.0,251.0,10147.93,502.0,302.0,201.0,20295.86,12209.86,8126.43,0.381141291733366,0.473784336866811,0.3,6.0,1.77,355.77,1472.2,-3144.35,-1891.62,823.17,0.25,0.5,0.3,0.2,50780.08,-2740.5999999999995,-5.3969981929922115,40.43,-2.1820063694267513,1,0,0.8,2.313770132388903,0.14507437139982304,Low Risk,Low Profit,2,0
3.0,25535.0,163.0,3.0,3.0,1.04,39.74,581.0,66.0,2622.84,258.0,154.0,103.0,10252.92,6119.96,4093.22,0.263628536202014,0.44126284015365,0.31,3.0,0.89,91.67,774.02,-152.68,-91.13,1116.27,0.13,0.5,0.3,0.2,23088.940000000002,1646.48,7.131033299926284,39.74,2.8338726333907056,0,0,0.8,12.17704810734155,0.295108623644336,Low Risk,Medium Profit,3,0
3.0,25141.0,197.0,3.0,2.0,1.05,43.28,901.0,81.0,3505.68,410.0,246.0,164.0,17744.8,10646.88,7097.92,0.252808979973197,0.406785128777847,0.31,12.0,3.54,580.56,1193.35,539.55,323.73,1835.61,0.1,0.5,0.3,0.2,38995.28,3892.24,9.981310558611197,43.28,4.319911209766925,0,0,0.8,3.161792062835883,0.34040589124895604,High Risk,Medium Profit,0,0
3.0,25735.0,195.0,3.0,0.0,1.0,32.13,706.0,86.0,2763.18,310.0,186.0,124.0,9960.3,5976.18,3984.12,0.263643089570105,0.413649753807113,0.29,12.0,3.54,438.96,891.7,325.77,195.46,846.74,0.14,0.5,0.3,0.2,22683.78,2259.67,9.961611336382209,32.129999999999995,3.2006657223796036,0,0,0.8,1.9289684709312922,0.32270715662278193,High Risk,Medium Profit,0,0
3.0,26216.0,4.0,1.0,2.0,1.05,37.73,566.0,137.0,5169.01,214.0,129.0,86.0,8074.22,4867.17,3244.78,0.371765008277725,0.523461820045486,0.29,17.0,5.02,431.72,541.57,-1495.56,-901.53,-91.75,0.32,0.5,0.3,0.2,21355.18,-1947.27,-9.118490221107946,37.730000000000004,-3.4404063604240283,0,0,0.8,-0.21252200500324284,0.10477317167678901,High Risk,Low Profit,0,0
3.0,25732.0,160.0,2.0,1.0,1.03,32.46,1047.0,95.0,3083.7,476.0,286.0,190.0,15450.96,9283.56,6167.4,0.292296414996963,0.249709661793895,0.32,18.0,5.31,1008.9,1412.32,2132.14,1281.07,1815.73,0.1,0.5,0.3,0.2,33985.62,6641.26,19.541382502364236,32.46,6.343132760267431,0,1,0.8,1.7997125582317377,0.457993923209142,High Risk,High Profit,0,1
3.0,25383.0,5.0,0.0,0.0,1.0,32.51,583.0,71.0,2308.21,256.0,154.0,102.0,8322.56,5006.54,3316.02,0.277262946683913,0.355963276606053,0.27,4.0,1.18,120.36,846.59,805.41,484.5,1095.87,0.14,0.5,0.3,0.2,18953.33,3232.37,17.05436458923049,32.510000000000005,5.5443739279588335,0,0,0.8,9.104935194416749,0.3667737767100341,Low Risk,High Profit,0,0
3.0,26143.0,188.0,3.0,0.0,1.0,35.17,887.0,73.0,2567.41,407.0,244.0,163.0,14314.19,8581.48,5732.71,0.259326546024531,0.369964506500401,0.32,16.0,4.72,769.36,951.76,725.86,435.16,1355.81,0.09,0.5,0.3,0.2,31195.789999999997,3468.5899999999997,11.118775963038601,35.169999999999995,3.910473506200676,0,0,0.8,1.7622569408339397,0.370708947475068,High Risk,Medium Profit,0,0
3.0,26095.0,162.0,1.0,1.0,1.03,46.14,758.0,188.0,8674.32,285.0,171.0,114.0,13149.9,7889.94,5259.96,0.35553887799615,0.487396939657629,0.27,15.0,4.43,505.02,1362.42,-1485.09,-891.06,321.13,0.33,0.5,0.3,0.2,34974.12,-692.5999999999998,-1.980321449117232,46.14,-0.913720316622691,0,0,0.8,0.6358758068987367,0.157064182346221,High Risk,Low Profit,0,0
3.0,25421.0,37.0,0.0,3.0,1.04,43.91,1265.0,115.0,5049.65,575.0,345.0,230.0,25248.25,15148.95,10099.3,0.2610485361889,0.419636834273115,0.33,5.0,1.48,340.4,1612.43,-269.79,-161.87,2884.45,0.1,0.5,0.3,0.2,55546.15000000001,4065.22,7.318635044913102,43.910000000000004,3.2136126482213436,1,0,0.8,8.47370740305523,0.31931462953798495,Low Risk,Medium Profit,3,0
3.0,25624.0,196.0,0.0,2.0,1.05,44.45,592.0,63.0,2800.35,264.0,159.0,106.0,11734.8,7067.55,4711.7,0.24694876331836,0.444818848767318,0.3,10.0,2.95,312.7,863.16,96.61,58.18,1139.6,0.12,0.5,0.3,0.2,26314.4,2157.5499999999997,8.199122913689841,44.45,3.6445101351351346,0,0,0.8,3.6443875919411575,0.30823238791432206,Low Risk,Medium Profit,0,0
3.0,25138.0,197.0,1.0,0.0,1.0,32.44,1944.0,493.0,15992.92,726.0,435.0,290.0,23551.44,14111.4,9407.6,0.360403733514249,0.534040835872293,0.32,6.0,1.77,513.3,1688.14,-5050.48,-3026.11,479.72,0.34,0.5,0.3,0.2,63063.36,-5908.729999999999,-9.369513454405217,32.44,-3.0394701646090527,1,0,0.8,0.934580167543347,0.10555543061345807,Low Risk,Low Profit,2,0
3.0,26033.0,199.0,0.0,2.0,1.05,38.54,624.0,76.0,2929.04,274.0,164.0,110.0,10559.96,6320.56,4239.4,0.209710792731494,0.378078755852766,0.28,11.0,3.25,357.5,1207.38,1396.14,835.64,1390.02,0.14,0.5,0.3,0.2,24048.96,4829.18,20.080618870836826,38.54,7.739070512820513,0,0,0.8,3.888167832167832,0.41221045141574,High Risk,High Profit,0,0
3.0,25389.0,36.0,3.0,2.0,1.05,42.54,1741.0,186.0,7912.44,778.0,466.0,311.0,33096.12,19823.64,13229.94,0.237165483646095,0.359869566210546,0.31,17.0,5.02,1561.22,3188.44,3076.78,1842.9,3769.98,0.12,0.5,0.3,0.2,74062.14,11878.1,16.0380188852226,42.54,6.822573233773693,1,1,0.8,2.414765375795852,0.402964950143359,High Risk,High Profit,1,1
3.0,26119.0,193.0,3.0,0.0,1.0,31.17,1643.0,176.0,5485.92,734.0,440.0,293.0,22878.78,13714.8,9132.81,0.273105763569474,0.43161711092107,0.28,17.0,5.02,1470.86,1619.87,349.52,209.52,1225.85,0.12,0.5,0.3,0.2,51212.31,3404.7599999999998,6.648323420677567,31.169999999999998,2.0722824102251978,1,0,0.8,0.8334239832478958,0.29527712550945595,High Risk,Medium Profit,2,0
3.0,25860.0,193.0,2.0,3.0,1.04,42.47,1443.0,81.0,3440.07,681.0,409.0,272.0,28922.07,17370.23,11551.84,0.278154794010334,0.256144532747567,0.32,5.0,1.48,402.56,1602.04,4213.97,2530.85,4977.14,0.06,0.5,0.3,0.2,61284.20999999999,13324.0,21.741326191526337,42.46999999999999,9.233541233541233,1,1,0.8,12.363722178060414,0.46570067324209896,Low Risk,High Profit,3,1
3.0,26116.0,190.0,3.0,3.0,1.04,44.88,1594.0,118.0,5295.84,738.0,443.0,295.0,33121.44,19881.84,13239.6,0.230957443099469,0.384151643840596,0.3,14.0,4.13,1218.35,2038.32,2811.71,1687.79,3877.45,0.08,0.5,0.3,0.2,71538.72,10415.27,14.558926969898259,44.88,6.534046424090339,1,1,0.8,3.1825419624902533,0.38489091305993495,High Risk,Medium Profit,1,1
3.0,26161.0,197.0,0.0,1.0,1.03,40.56,1339.0,154.0,6246.24,592.0,356.0,237.0,24011.52,14439.36,9612.72,0.236810072418302,0.373786477418616,0.28,16.0,4.72,1118.64,2432.31,2626.94,1579.72,2624.59,0.13,0.5,0.3,0.2,54309.840000000004,9263.560000000001,17.056872198481898,40.56,6.918267363704258,1,1,0.8,2.3462329256954875,0.3894034501630821,High Risk,High Profit,1,1
3.0,26646.0,197.0,2.0,2.0,1.05,47.11,1503.0,98.0,4616.78,702.0,422.0,281.0,33071.22,19880.42,13237.91,0.296738956868649,0.24523503716918582,0.29,11.0,3.25,913.25,2305.67,5891.193749999999,3234.4325,5697.92,0.07,0.5,0.3,0.2,70806.33,17129.216249999998,24.191645365605023,47.11,11.396684131736526,1,1,0.8,6.239167807281686,0.45802600596216525,High Risk,High Profit,1,1
3.0,25597.0,2.0,0.0,3.0,1.04,41.2,585.0,53.0,2183.6,266.0,160.0,106.0,10959.2,6592.0,4367.2,0.215882114935666,0.360027099936269,0.31,3.0,0.89,94.34,926.04,1250.34,752.09,1757.75,0.1,0.5,0.3,0.2,24102.000000000004,4686.22,19.443282715127374,41.2,8.010632478632479,0,0,0.8,18.632075471698112,0.424090785128065,Low Risk,High Profit,3,0
3.0,25057.0,37.0,3.0,1.0,1.03,45.38,976.0,72.0,3267.36,452.0,271.0,181.0,20511.76,12297.98,8213.78,0.262995909061283,0.41001464955043,0.32,3.0,0.89,161.09,1068.39,143.37,85.96,2524.73,0.08,0.5,0.3,0.2,44290.88,3822.4500000000003,8.630332023206584,45.379999999999995,3.916444672131148,0,0,0.8,15.672791607176112,0.326989441388287,Low Risk,Medium Profit,3,0
3.0,25977.0,195.0,2.0,0.0,1.0,33.66,1249.0,59.0,1985.94,595.0,357.0,238.0,20027.7,12016.62,8011.08,0.289944035583176,0.275072239502333,0.31,6.0,1.77,421.26,863.85,2503.14,1501.88,3063.43,0.05,0.5,0.3,0.2,42041.340000000004,7932.299999999999,18.867857209118448,33.660000000000004,6.350920736589271,0,1,0.8,7.272064758106632,0.434983724914491,Low Risk,High Profit,3,1
3.0,26140.0,202.0,3.0,2.0,1.05,34.79,1107.0,118.0,4105.22,494.0,297.0,198.0,17186.26,10332.63,6888.42,0.229597175605595,0.42071566847153,0.33,5.0,1.48,293.04,1435.54,338.35,203.42,2115.75,0.12,0.5,0.3,0.2,38512.53,4093.06,10.627865788095459,34.79,3.69743450767841,0,0,0.8,7.220004095004095,0.3496871559228749,Low Risk,Medium Profit,0,0
3.0,25374.0,199.0,0.0,1.0,1.03,36.58,963.0,103.0,3767.74,430.0,258.0,172.0,15729.4,9437.64,6291.76,0.274692938961089,0.43515494002495,0.29,18.0,5.31,913.32,1093.22,2.39,1.44,912.25,0.12,0.5,0.3,0.2,35226.54,2009.3000000000002,5.703937996749042,36.58,2.0865005192107997,0,0,0.8,0.9988284500503657,0.29015212101396104,High Risk,Medium Profit,0,0
3.0,25961.0,36.0,0.0,3.0,1.04,43.02,657.0,75.0,3226.5,291.0,175.0,116.0,12518.82,7528.5,4990.32,0.229017645195127,0.393612609920092,0.27,14.0,4.13,479.08,1217.58,1344.14,808.33,1404.12,0.13,0.5,0.3,0.2,28264.14,4774.17,16.891262214240378,43.019999999999996,7.26662100456621,0,0,0.8,2.930867496034065,0.37736974488478103,High Risk,High Profit,0,0
3.0,25416.0,191.0,3.0,3.0,1.04,39.34,754.0,86.0,3383.24,334.0,200.0,134.0,13139.56,7868.0,5271.56,0.22248506968841,0.397036981233396,0.33,5.0,1.48,198.32,1287.25,663.26,397.16,1807.39,0.13,0.5,0.3,0.2,29662.36,4155.06,14.007853724383363,39.34,5.510689655172414,0,0,0.8,9.113503428801938,0.380477949078194,Low Risk,Medium Profit,3,0
3.0,25455.0,195.0,3.0,3.0,1.04,33.18,1424.0,152.0,5043.36,636.0,382.0,254.0,21102.48,12674.76,8427.72,0.226081465501338,0.40087485301774,0.3,17.0,5.02,1275.08,1881.39,1541.4,925.81,1868.83,0.12,0.5,0.3,0.2,47248.32,6217.43,13.159049887911358,33.18,4.366172752808989,1,1,0.8,1.4656570568121217,0.37304368148092193,High Risk,Medium Profit,1,1
3.0,26036.0,187.0,0.0,1.0,1.03,41.4,911.0,104.0,4305.6,404.0,242.0,161.0,16725.6,10018.8,6665.4,0.262190957348794,0.352809023414738,0.32,18.0,5.31,854.91,1657.66,1087.16,651.22,1711.27,0.13,0.5,0.3,0.2,37715.399999999994,5107.3099999999995,13.541709752514889,41.39999999999999,5.606267837541163,0,1,0.8,2.0016960849680085,0.385000019236468,High Risk,Medium Profit,0,1
3.0,25431.0,3.0,2.0,3.0,1.04,33.05,834.0,61.0,2016.05,386.0,232.0,155.0,12757.3,7667.6,5122.75,0.29250133621972,0.24523503716918582,0.3,13.0,3.84,595.2,978.02,2361.58,1419.39,1889.93,0.08,0.5,0.3,0.2,27563.699999999997,6648.92,24.122015549436398,33.05,7.972326139088729,0,1,0.8,3.17528561827957,0.4622636266110942,High Risk,High Profit,0,1
3.0,26251.0,189.0,1.0,2.0,1.05,34.09,1788.0,368.0,12545.12,710.0,426.0,284.0,24203.9,14522.34,9681.56,0.372125448763836,0.452208258886822,0.27,13.0,3.84,1090.56,2203.75,-2283.24,-1369.95,610.16,0.26,0.5,0.3,0.2,60952.92,-839.2799999999999,-1.3769315727614033,34.089999999999996,-0.4693959731543623,1,0,0.8,0.5594923708920188,0.17566629234934195,High Risk,Low Profit,2,0
3.0,25974.0,202.0,3.0,1.0,1.03,45.46,1080.0,132.0,6000.72,474.0,284.0,190.0,21548.04,12910.64,8637.4,0.210165155064315,0.434525086730719,0.29,5.0,1.48,281.2,2132.11,1407.3,843.19,2787.75,0.14,0.5,0.3,0.2,49096.8,7170.35,14.604515976601325,45.46,6.639212962962963,1,1,0.8,9.913762446657184,0.355309758204966,Low Risk,Medium Profit,3,1
3.0,25486.0,41.0,3.0,3.0,1.04,45.23,1420.0,152.0,6874.96,634.0,380.0,254.0,28675.82,17187.4,11488.42,0.252873638998717,0.420534422132187,0.32,10.0,2.95,749.3,2245.31,189.03,113.3,3002.73,0.12,0.5,0.3,0.2,64226.6,5550.370000000001,8.64185555517496,45.23,3.9087112676056344,1,1,0.8,4.007380221540104,0.326591938869096,Low Risk,Medium Profit,1,1
3.0,25852.0,37.0,1.0,2.0,1.05,40.32,1560.0,360.0,14515.2,600.0,360.0,240.0,24192.0,14515.2,9676.8,0.397848917241208,0.4589376316173,0.29,5.0,1.48,355.2,2078.77,-3551.06,-2130.64,1030.65,0.3,0.5,0.3,0.2,62899.2,-2572.2799999999997,-4.08952737077737,40.32,-1.6488974358974358,1,0,0.8,2.9016047297297303,0.14321345114149198,Low Risk,Low Profit,2,0
3.0,26458.0,3.0,1.0,2.0,1.05,41.09,1507.0,261.0,10724.49,623.0,374.0,249.0,25599.07,15367.66,10231.41,0.362092504499014,0.502583476807922,0.29,11.0,3.25,809.25,1451.28,-3959.56,-2377.01,575.31,0.21,0.5,0.3,0.2,61922.630000000005,-4309.98,-6.960266384034399,41.09,-2.859973457199734,1,0,0.8,0.710917516218721,0.13532401869306399,High Risk,Low Profit,2,0
3.0,26231.0,197.0,3.0,2.0,1.05,36.25,865.0,85.0,3081.25,390.0,234.0,156.0,14137.5,8482.5,5655.0,0.258963299226016,0.431064433790743,0.27,17.0,5.02,783.12,955.1,565.11,339.06,969.77,0.11,0.5,0.3,0.2,31356.25,2829.04,9.022252342037074,36.25,3.2705664739884392,0,0,0.8,1.2383415057717846,0.309972266983241,High Risk,Medium Profit,0,0
3.0,25264.0,203.0,2.0,2.0,1.05,43.02,1479.0,109.0,4689.18,685.0,411.0,274.0,29468.7,17681.22,11787.48,0.257761831057724,0.29276021461701,0.3,13.0,3.84,1052.16,2107.68,4404.92,2642.95,4246.05,0.08,0.5,0.3,0.2,63626.58,13401.599999999999,21.06289541257757,43.02,9.061257606490871,1,1,0.8,4.035555428832117,0.44947795432526605,High Risk,High Profit,1,1
3.0,25910.0,188.0,3.0,1.0,1.03,44.07,1006.0,99.0,4362.93,454.0,272.0,181.0,20007.78,11987.04,7976.67,0.212639727257192,0.449994135648012,0.29,17.0,5.02,908.62,1471.9,947.69,567.78,1782.44,0.11,0.5,0.3,0.2,44334.42,4769.8099999999995,10.758706215170966,44.07,4.741361829025845,0,0,0.8,1.961700160683234,0.337366137094796,High Risk,Medium Profit,0,0
3.0,25146.0,43.0,3.0,3.0,1.04,46.05,985.0,81.0,3730.05,452.0,271.0,181.0,20814.6,12479.55,8335.05,0.238531701173633,0.368960553244688,0.32,16.0,4.72,854.32,1464.07,1509.22,904.86,2417.25,0.09,0.5,0.3,0.2,45359.25,6295.4,13.878977275858837,46.05,6.391269035532995,1,1,0.8,2.8294432999344505,0.392507745581679,High Risk,Medium Profit,0,1
3.0,25388.0,159.0,3.0,1.0,1.03,37.15,1762.0,229.0,8507.35,766.0,460.0,307.0,28456.9,17089.0,11405.05,0.20867035323754,0.420481793489307,0.33,9.0,2.66,816.62,3154.93,1162.4,698.05,3412.92,0.15,0.5,0.3,0.2,65458.3,8428.3,12.875830872479119,37.15,4.783371169125993,1,1,0.8,4.179324532830448,0.37084785327315306,Low Risk,Medium Profit,1,1
3.0,25347.0,195.0,2.0,1.0,1.03,36.54,561.0,21.0,767.34,270.0,162.0,108.0,9865.8,5919.48,3946.32,0.271764403441921,0.336931061150972,0.32,8.0,2.36,254.88,300.26,703.48,422.09,1289.33,0.04,0.5,0.3,0.2,20498.94,2715.16,13.245367809262332,36.54,4.839857397504456,0,0,0.8,5.058576585059636,0.39130453540710697,Low Risk,Medium Profit,0,0
3.0,25159.0,199.0,0.0,0.0,1.0,42.96,552.0,54.0,2319.84,249.0,149.0,100.0,10697.04,6401.04,4296.0,0.246224297955632,0.442269844585098,0.31,8.0,2.36,236.0,722.64,16.11,9.64,1102.23,0.11,0.5,0.3,0.2,23713.920000000002,1850.62,7.803939627020753,42.96,3.352572463768116,0,0,0.8,4.670466101694915,0.31150585745926995,Low Risk,Medium Profit,0,0
3.0,26483.0,167.0,1.0,2.0,1.05,37.52,672.0,166.0,6228.32,253.0,152.0,101.0,9492.56,5703.04,3789.52,0.387401169852819,0.490091067412868,0.32,13.0,3.84,387.84,763.02,-1874.71,-1126.31,76.41,0.33,0.5,0.3,0.2,25213.44,-2161.59,-8.57316574017667,37.519999999999996,-3.216651785714286,0,0,0.8,0.19701423267326734,0.12250776273431296,High Risk,Low Profit,0,0
3.0,25013.0,201.0,1.0,3.0,1.04,36.75,1668.0,404.0,14847.0,632.0,379.0,253.0,23226.0,13928.25,9297.75,0.399492640071549,0.450115238502622,0.32,7.0,2.07,523.71,2232.87,-3939.31,-2362.34,874.6,0.32,0.5,0.3,0.2,61299.0,-3194.1800000000003,-5.210819099822183,36.75,-1.9149760191846525,1,0,0.8,1.6700082106509326,0.15039212142582903,Low Risk,Low Profit,2,0
3.0,26065.0,5.0,3.0,3.0,1.04,36.79,1003.0,123.0,4525.17,440.0,264.0,176.0,16187.6,9712.56,6475.04,0.253785154148936,0.41087179039605,0.3,5.0,1.48,260.48,1517.48,572.12,343.27,1910.88,0.14,0.5,0.3,0.2,36900.37,4343.75,11.77156218216782,36.79,4.330757726819542,0,0,0.8,7.335995085995086,0.3353430554550141,Low Risk,Medium Profit,0,0
3.0,25783.0,159.0,3.0,0.0,1.0,36.55,524.0,38.0,1388.9,243.0,146.0,97.0,8881.65,5336.3,3545.35,0.267490530926734,0.394776618271135,0.29,5.0,1.48,143.56,469.08,423.95,254.72,1053.82,0.08,0.5,0.3,0.2,19152.199999999997,2201.5699999999997,11.495128496987292,36.55,4.201469465648854,0,0,0.8,7.340624129283922,0.3377328508021309,Low Risk,Medium Profit,0,0
3.0,25379.0,8.0,3.0,1.0,1.03,37.65,921.0,83.0,3124.95,419.0,251.0,168.0,15775.35,9450.15,6325.2,0.253263624273241,0.431794243329205,0.33,9.0,2.66,446.88,984.18,-237.54,-142.3,1545.19,0.1,0.5,0.3,0.2,34675.649999999994,2149.5299999999997,6.198960942332732,37.64999999999999,2.3339087947882735,0,0,0.8,3.457729144289295,0.314942132397554,Low Risk,Medium Profit,0,0
3.0,25785.0,166.0,1.0,0.0,1.0,34.27,1908.0,484.0,16586.68,712.0,427.0,285.0,24400.24,14633.29,9766.95,0.361694360815454,0.468996232375503,0.28,14.0,4.13,1177.05,2808.28,-2700.88,-1619.77,476.59,0.34,0.5,0.3,0.2,65387.16,-1035.78,-1.584072469273784,34.27,-0.5428616352201258,1,0,0.8,0.4049020857227815,0.16930940680904305,High Risk,Low Profit,2,0
3.0,25178.0,193.0,0.0,1.0,1.03,45.43,756.0,92.0,4179.56,332.0,199.0,133.0,15082.76,9040.57,6042.19,0.229571695514023,0.423812526045367,0.3,7.0,2.07,275.31,1448.7,703.09,421.43,1819.01,0.14,0.5,0.3,0.2,34345.08,4392.23,12.788527497970595,45.43,5.809828042328042,0,0,0.8,6.607133776470161,0.34661577844061,Low Risk,Medium Profit,0,0
3.0,25046.0,203.0,3.0,1.0,1.03,36.57,692.0,57.0,2084.49,318.0,190.0,127.0,11629.26,6948.3,4644.39,0.277510587982833,0.448834162484854,0.27,17.0,5.02,637.54,570.43,42.51,25.4,633.42,0.09,0.5,0.3,0.2,25306.44,1271.7599999999998,5.025440164637933,36.57,1.8378034682080922,0,0,0.8,0.9935376603820937,0.273655249532313,High Risk,Medium Profit,0,0
3.0,25734.0,187.0,2.0,2.0,1.05,31.63,801.0,30.0,948.9,386.0,231.0,154.0,12209.18,7306.53,4871.02,0.287518795242067,0.338755868177395,0.31,15.0,4.43,682.22,354.63,778.03,465.61,1138.2,0.04,0.5,0.3,0.2,25335.63,2736.4700000000003,10.800876078471308,31.630000000000003,3.4163171036204747,0,0,0.8,1.6683767699569054,0.37372533658053797,High Risk,Medium Profit,0,0
3.0,25737.0,0.0,1.0,1.0,1.03,42.51,855.0,207.0,8799.57,324.0,194.0,130.0,13773.24,8246.94,5526.3,0.350742394442204,0.507174635794945,0.27,16.0,4.72,613.6,1250.27,-1761.83,-1054.92,171.59,0.32,0.5,0.3,0.2,36346.05,-1394.89,-3.837803557745615,42.510000000000005,-1.631450292397661,0,0,0.8,0.2796447196870926,0.14208296976285095,High Risk,Low Profit,0,0
3.0,26627.0,3.0,0.0,3.0,1.04,38.67,1605.0,197.0,7617.99,704.0,422.0,282.0,27223.68,16318.74,10904.94,0.240174184851348,0.444467673124745,0.29,9.0,2.66,750.12,2402.4,690.34,413.81,2688.84,0.14,0.5,0.3,0.2,62065.35,6195.39,9.982043120678446,38.67,3.8600560747663555,1,1,0.8,3.58454647256439,0.315358142023907,Low Risk,Medium Profit,1,1
3.0,25494.0,187.0,1.0,0.0,1.0,40.3,589.0,94.0,3788.2,248.0,148.0,99.0,9994.4,5964.4,3989.7,0.387295683810953,0.474368295143358,0.27,14.0,4.13,408.87,524.04,-1315.9,-785.3,143.05,0.19,0.5,0.3,0.2,23736.7,-1434.1100000000001,-6.041741269847957,40.300000000000004,-2.434821731748727,0,0,0.8,0.3498667057989092,0.13833602104568898,High Risk,Low Profit,0,0
3.0,25738.0,196.0,2.0,1.0,1.03,33.48,468.0,13.0,435.24,228.0,136.0,91.0,7633.44,4553.28,3046.68,0.287170741334557,0.24523503716918582,0.3,14.0,4.13,375.83,220.63,1579.53,942.18,1168.6,0.03,0.5,0.3,0.2,15668.64,3910.9399999999996,24.96030287248925,33.48,8.3567094017094,0,0,0.8,3.109384562169066,0.4675942214962572,High Risk,High Profit,0,0
3.0,25617.0,38.0,2.0,3.0,1.04,44.07,1630.0,92.0,4054.44,769.0,461.0,308.0,33889.83,20316.27,13573.56,0.268505807069596,0.285368097946048,0.32,13.0,3.84,1182.72,1808.79,4274.39,2562.41,4872.8,0.06,0.5,0.3,0.2,71834.1,13518.39,18.81890355694579,44.07,8.293490797546012,1,1,0.8,4.119994588744589,0.44612609498435596,High Risk,High Profit,1,1
3.0,25510.0,8.0,0.0,0.0,1.0,39.72,871.0,93.0,3693.96,389.0,233.0,156.0,15451.08,9254.76,6196.32,0.247891917470843,0.363524466636591,0.33,18.0,5.31,828.36,1435.41,905.18,542.18,1579.43,0.12,0.5,0.3,0.2,34596.12,4462.2,12.897978154775736,39.720000000000006,5.123076923076923,0,0,0.8,1.9066951566951567,0.38858361589256596,High Risk,Medium Profit,0,0
3.0,25351.0,189.0,3.0,0.0,1.0,44.18,898.0,103.0,4550.54,398.0,238.0,159.0,17583.64,10514.84,7024.62,0.265241026319563,0.445169587340206,0.28,13.0,3.84,610.56,1317.79,168.62,100.83,1423.7,0.13,0.5,0.3,0.2,39673.64,3010.9399999999996,7.589270860954526,44.18,3.35293986636971,0,0,0.8,2.3317937631027257,0.289589386340231,High Risk,Medium Profit,0,0
3.0,26320.0,159.0,3.0,3.0,1.04,46.48,1035.0,102.0,4740.96,466.0,280.0,187.0,21659.68,13014.4,8691.76,0.202606979496777,0.350171328359283,0.3,10.0,2.95,551.65,2120.26,3188.77,1916.0,3335.49,0.11,0.5,0.3,0.2,48106.8,10560.52,21.952239600222835,46.480000000000004,10.203400966183576,1,1,0.8,6.046388108402066,0.44722169214394003,Low Risk,High Profit,1,1
3.0,25190.0,193.0,2.0,0.0,1.0,31.72,1317.0,97.0,3076.84,610.0,366.0,244.0,19349.2,11609.52,7739.68,0.289227395108901,0.274188046820927,0.32,4.0,1.18,287.92,1343.3,2255.82,1353.49,3091.1,0.08,0.5,0.3,0.2,41775.24,8043.709999999999,19.25473079268964,31.72,6.107600607441153,0,1,0.8,10.735968324534593,0.43658455807017194,Low Risk,High Profit,3,1
3.0,26000.0,192.0,3.0,3.0,1.04,36.14,913.0,105.0,3794.7,404.0,242.0,162.0,14600.56,8745.88,5854.68,0.279693202208728,0.444795912480913,0.3,16.0,4.72,764.64,1045.48,-357.55,-214.18,848.39,0.13,0.5,0.3,0.2,32995.82,1322.14,4.006992400855624,36.14,1.4481270536692226,0,0,0.8,1.1095286670851643,0.27551088531035894,High Risk,Low Profit,0,0
3.0,25395.0,161.0,3.0,2.0,1.05,36.46,494.0,36.0,1312.56,229.0,137.0,92.0,8349.34,4995.02,3354.32,0.212301540803164,0.390416412404738,0.28,9.0,2.66,244.72,521.46,979.23,585.83,1087.89,0.08,0.5,0.3,0.2,18011.24,3174.41,17.624605524106055,36.46,6.425931174089069,0,0,0.8,4.445447858777379,0.397282046792098,Low Risk,High Profit,0,0
3.0,25179.0,190.0,2.0,0.0,1.0,32.36,581.0,52.0,1682.72,264.0,159.0,106.0,8543.04,5145.24,3430.16,0.261776219750755,0.329872683365829,0.27,5.0,1.48,156.88,687.14,1181.94,711.85,1243.83,0.1,0.5,0.3,0.2,18801.16,3824.7599999999998,20.343212865589145,32.36,6.583063683304647,0,0,0.8,7.928544110147883,0.4083510968834161,Low Risk,High Profit,0,0
3.0,25585.0,7.0,2.0,2.0,1.05,33.71,1398.0,91.0,3067.61,654.0,392.0,261.0,22046.34,13214.32,8798.31,0.267991063417867,0.260170036181808,0.28,17.0,5.02,1310.22,1447.42,4229.35,2535.02,2841.16,0.07,0.5,0.3,0.2,47126.58,11052.95,23.45374945519068,33.71,7.906258941344778,1,1,0.8,2.168460258582528,0.47183890040032495,High Risk,High Profit,1,1
3.0,26263.0,36.0,3.0,2.0,1.05,35.02,492.0,64.0,2241.28,214.0,128.0,86.0,7494.28,4482.56,3011.72,0.236405559517443,0.385563662624918,0.28,13.0,3.84,330.24,847.27,734.67,439.43,808.28,0.15,0.5,0.3,0.2,17229.84,2829.65,16.422961559712686,35.02,5.751321138211383,0,0,0.8,2.4475532945736433,0.37803077785763906,High Risk,High Profit,0,0
3.0,25104.0,195.0,2.0,0.0,1.0,33.09,1289.0,95.0,3143.55,597.0,358.0,239.0,19754.73,11846.22,7908.51,0.275514000898693,0.317750089254696,0.31,15.0,4.43,1058.77,1278.59,1910.99,1145.95,2157.91,0.08,0.5,0.3,0.2,42653.01,6493.44,15.223872828670238,33.09,5.037579519006981,0,1,0.8,2.038129149862576,0.406735909846611,High Risk,High Profit,1,1
3.0,26559.0,161.0,0.0,3.0,1.04,32.83,1710.0,155.0,5088.65,778.0,466.0,311.0,25541.74,15298.78,10210.13,0.27625456277281,0.418842228967696,0.28,5.0,1.48,460.28,1551.55,636.07,380.99,2652.82,0.1,0.5,0.3,0.2,56139.299999999996,5221.43,9.30084628771645,32.83,3.05346783625731,1,1,0.8,5.763491787607544,0.304903208259494,Low Risk,Medium Profit,1,1
3.0,25144.0,159.0,3.0,0.0,1.0,43.23,1342.0,154.0,6657.42,594.0,356.0,238.0,25678.62,15389.88,10288.74,0.262317646387965,0.390252553322352,0.3,18.0,5.31,1263.78,2312.99,1217.93,729.94,2310.83,0.13,0.5,0.3,0.2,58014.659999999996,6571.6900000000005,11.32763684213611,43.23,4.89693740685544,1,1,0.8,1.828506543860482,0.34742980028968296,High Risk,Medium Profit,1,1
3.0,25509.0,190.0,2.0,0.0,1.0,32.7,1197.0,108.0,3531.6,544.0,327.0,218.0,17788.8,10692.9,7128.6,0.258724507049192,0.282528837176505,0.32,13.0,3.84,837.12,1620.11,2468.14,1483.6,2433.1,0.1,0.5,0.3,0.2,39141.899999999994,8004.950000000001,20.451102271478906,32.699999999999996,6.687510442773601,0,1,0.8,2.9065128058103973,0.45874665577430296,High Risk,High Profit,0,1
3.0,25969.0,166.0,1.0,2.0,1.05,37.84,1651.0,297.0,11238.48,677.0,406.0,271.0,25617.68,15363.04,10254.64,0.369281713431701,0.534424779121764,0.31,5.0,1.48,401.08,1082.19,-5474.66,-3090.4475,586.38,0.22,0.5,0.3,0.2,62473.840000000004,-6896.537499999999,-11.03908051754142,37.84,-4.177188067837673,1,0,0.8,1.4620025929989031,0.09629350744653498,Low Risk,Low Profit,2,0
3.0,25443.0,6.0,1.0,3.0,1.04,37.55,976.0,225.0,8448.75,376.0,225.0,150.0,14118.8,8448.75,5632.5,0.398119426611811,0.469728321465664,0.31,4.0,1.18,177.0,1116.52,-2511.0,-1502.59,567.35,0.3,0.5,0.3,0.2,36648.8,-2329.72,-6.356879352120669,37.550000000000004,-2.3870081967213115,0,0,0.8,3.205367231638418,0.132152251922525,Low Risk,Low Profit,2,0
3.0,25648.0,194.0,3.0,2.0,1.05,32.47,1564.0,142.0,4610.74,711.0,427.0,284.0,23086.17,13864.69,9221.48,0.273764951024205,0.417648242483847,0.29,18.0,5.31,1508.04,1422.81,429.1,257.7,1337.59,0.1,0.5,0.3,0.2,50783.08,3447.2,6.788087685898531,32.47,2.204092071611253,1,0,0.8,0.8869724940982997,0.3085868064919479,High Risk,Medium Profit,2,0
3.0,26376.0,37.0,1.0,3.0,1.04,35.13,1410.0,350.0,12295.5,530.0,318.0,212.0,18618.9,11171.34,7447.56,0.390234936145134,0.547415794036351,0.3,3.0,0.89,188.68,766.62,-4424.8,-2654.88,275.67,0.33,0.5,0.3,0.2,49533.3,-6037.39,-12.18854790615606,35.13,-4.281836879432625,1,0,0.8,1.4610451558193767,0.062349269818515074,Low Risk,Low Profit,2,0
3.0,25527.0,191.0,2.0,0.0,1.0,29.81,1215.0,100.0,2981.0,558.0,334.0,223.0,16633.98,9956.54,6647.63,0.291537891677581,0.346242103877012,0.33,9.0,2.66,593.18,1079.78,535.95,320.8,1814.72,0.09,0.5,0.3,0.2,36219.15,3751.25,10.357090102887561,29.810000000000002,3.087448559670782,0,0,0.8,3.0593074614788094,0.36222000444540703,Low Risk,Medium Profit,0,0
3.0,25529.0,161.0,2.0,1.0,1.03,41.16,803.0,59.0,2428.44,372.0,223.0,149.0,15311.52,9178.68,6132.84,0.299616751808207,0.24523503716918582,0.27,8.0,2.36,351.64,1187.26,3351.63,2009.18,2646.68,0.08,0.5,0.3,0.2,33051.479999999996,9194.75,27.8194803984572,41.16,11.45049813200498,0,1,0.8,7.526675008531453,0.45514821102260716,Low Risk,High Profit,3,1
3.0,25653.0,3.0,0.0,3.0,1.04,42.85,1307.0,118.0,5056.3,594.0,357.0,238.0,25452.9,15297.45,10198.3,0.236813329514116,0.448022896400653,0.3,13.0,3.84,913.92,1593.56,385.96,231.97,2300.21,0.1,0.5,0.3,0.2,56004.95,4511.7,8.055895059276011,42.849999999999994,3.4519510328997702,1,0,0.8,2.516861432072829,0.315163774085231,High Risk,Medium Profit,1,0
3.0,25249.0,159.0,2.0,0.0,1.0,39.39,924.0,35.0,1378.65,444.0,267.0,178.0,17489.16,10517.13,7011.42,0.253348798234947,0.24523503716918582,0.29,8.0,2.36,420.08,731.45,4207.05,2529.91,3299.84,0.04,0.5,0.3,0.2,36396.36,10768.25,29.586063001904584,39.39,11.653950216450216,0,1,0.8,7.855265663683109,0.5014161645958672,Low Risk,High Profit,3,1
3.0,26355.0,8.0,3.0,2.0,1.05,41.78,1015.0,83.0,3467.74,466.0,280.0,186.0,19469.48,11698.4,7771.08,0.246575072649866,0.444968266342767,0.3,9.0,2.66,494.76,1069.65,164.65,98.93,1902.28,0.09,0.5,0.3,0.2,42406.700000000004,3235.51,7.629714172524624,41.78,3.1876945812807884,0,0,0.8,3.844854070660522,0.308456661007367,Low Risk,Medium Profit,0,0
3.0,26220.0,43.0,2.0,2.0,1.05,35.44,779.0,44.0,1559.36,368.0,220.0,147.0,13041.92,7796.8,5209.68,0.281491469475441,0.24523503716918582,0.31,10.0,2.95,433.65,740.27,2148.38,1284.36,2039.53,0.06,0.5,0.3,0.2,27607.760000000002,6212.54,22.502876002978873,35.440000000000005,7.975019255455712,0,1,0.8,4.703170759829356,0.47327349335537316,Low Risk,High Profit,0,1
3.0,26343.0,4.0,0.0,3.0,1.04,46.26,1248.0,113.0,5227.38,568.0,340.0,227.0,26275.68,15728.4,10501.02,0.229213522300124,0.383410140825436,0.32,3.0,0.89,202.03,2024.96,1770.36,1059.72,3865.82,0.1,0.5,0.3,0.2,57732.479999999996,8720.86,15.105638974802401,46.26,6.987868589743591,1,1,0.8,19.134880958273524,0.38737633687443995,Low Risk,High Profit,3,1
3.0,25413.0,188.0,3.0,1.0,1.03,35.51,1036.0,85.0,3018.35,476.0,285.0,190.0,16902.76,10120.35,6746.9,0.270123976953328,0.39869734775275,0.29,12.0,3.54,672.6,999.61,696.03,416.74,1561.83,0.09,0.5,0.3,0.2,36788.36,3674.21,9.987425370416076,35.51,3.546534749034749,0,0,0.8,2.322078501338091,0.331178675293922,High Risk,Medium Profit,0,0
3.0,25241.0,187.0,0.0,3.0,1.04,36.05,1082.0,98.0,3532.9,492.0,295.0,197.0,17736.6,10634.75,7101.85,0.237527791466564,0.385684497049078,0.27,7.0,2.07,407.79,1331.15,1894.05,1135.66,2268.1,0.1,0.5,0.3,0.2,39006.1,6628.959999999999,16.994675191828968,36.05,6.126580406654343,0,1,0.8,5.561931386252728,0.3767877114843581,Low Risk,High Profit,0,1
3.0,25172.0,37.0,3.0,2.0,1.05,38.45,736.0,96.0,3691.2,320.0,192.0,128.0,12304.0,7382.4,4921.6,0.270904502365738,0.417298921640031,0.29,14.0,4.13,528.64,1150.9,268.19,160.91,1005.9,0.15,0.5,0.3,0.2,28299.199999999997,2585.9,9.137714140329056,38.449999999999996,3.513451086956522,0,0,0.8,1.9028072033898304,0.31179657599423094,High Risk,Medium Profit,0,0
3.0,25658.0,161.0,3.0,3.0,1.04,38.33,1527.0,163.0,6247.79,682.0,409.0,273.0,26141.06,15676.97,10464.09,0.258398265130818,0.434100412181579,0.33,12.0,3.54,966.42,1921.2,-588.14,-352.71,2251.3,0.12,0.5,0.3,0.2,58529.91,3231.65,5.52136505933462,38.330000000000005,2.11633922724296,1,0,0.8,2.3295254651186856,0.307501322687603,High Risk,Medium Profit,2,0
3.0,25498.0,1.0,3.0,3.0,1.04,39.69,521.0,51.0,2024.19,235.0,141.0,94.0,9327.15,5596.29,3730.86,0.274428322520107,0.380519689712673,0.3,16.0,4.72,443.68,698.45,420.21,252.12,843.66,0.11,0.5,0.3,0.2,20678.49,2214.44,10.708905727642588,39.690000000000005,4.250364683301344,0,0,0.8,1.9015055896141362,0.34505198776722,High Risk,Medium Profit,0,0
3.0,26307.0,159.0,3.0,1.0,1.03,44.21,1113.0,128.0,5658.88,492.0,296.0,197.0,21751.32,13086.16,8709.37,0.230345903355628,0.364702064264566,0.28,16.0,4.72,929.84,2291.57,2717.87,1635.14,2597.04,0.13,0.5,0.3,0.2,49205.73,9241.62,18.78159311933793,44.21,8.3033423180593,1,1,0.8,2.792996644584014,0.40495203237980604,High Risk,High Profit,1,1
3.0,25904.0,42.0,0.0,1.0,1.03,46.2,729.0,89.0,4111.8,320.0,192.0,128.0,14784.0,8870.4,5913.6,0.223754715193063,0.351077149086632,0.27,10.0,2.95,377.6,1748.21,2294.01,1376.4,2136.67,0.14,0.5,0.3,0.2,33679.799999999996,7555.290000000001,22.432704469741513,46.199999999999996,10.363909465020578,0,1,0.8,5.6585540254237285,0.425168135720305,Low Risk,High Profit,0,1
3.0,25541.0,6.0,1.0,3.0,1.04,44.89,1880.0,466.0,20918.74,707.0,424.0,283.0,31737.23,19033.36,12703.87,0.397120364184957,0.530960218934342,0.29,3.0,0.89,251.87,1504.46,-5601.13625,-3090.4475,661.78,0.33,0.5,0.3,0.2,84393.2,-6525.34375,-7.732072903978046,44.89,-3.470927526595745,1,0,0.8,2.6274665502044705,0.07191941688070103,Low Risk,Low Profit,2,0
3.0,25464.0,201.0,3.0,0.0,1.0,39.43,1440.0,118.0,4652.74,661.0,397.0,264.0,26063.23,15653.71,10409.52,0.232185778021812,0.361282846238464,0.33,14.0,4.13,1090.32,1891.48,1994.65,1198.0,3141.48,0.09,0.5,0.3,0.2,56779.2,8225.61,14.487012849775976,39.43,5.712229166666667,1,1,0.8,2.881245872771297,0.406531375739724,High Risk,Medium Profit,1,1
3.0,26189.0,7.0,1.0,0.0,1.0,36.38,1533.0,344.0,12514.72,594.0,357.0,238.0,21609.72,12987.66,8658.44,0.36313044289127,0.454105426743627,0.32,6.0,1.77,421.26,2287.24,-2965.63,-1782.37,1161.19,0.29,0.5,0.3,0.2,55770.54000000001,-1299.5700000000002,-2.3302087446167814,36.38,-0.8477299412915852,1,0,0.8,2.7564686891705836,0.18276413036510297,Low Risk,Low Profit,2,0
3.0,25531.0,1.0,2.0,0.0,1.0,43.94,542.0,40.0,1757.6,251.0,151.0,100.0,11028.94,6634.94,4394.0,0.258991944452282,0.34667791146785,0.28,3.0,0.89,89.0,693.07,1260.94,758.57,1643.69,0.08,0.5,0.3,0.2,23815.48,4356.27,18.291758133785255,43.94,8.03739852398524,0,0,0.8,18.468426966292135,0.394330144079868,Low Risk,High Profit,3,0
3.0,26434.0,201.0,1.0,3.0,1.04,42.26,1368.0,299.0,12635.74,534.0,321.0,214.0,22566.84,13565.46,9043.64,0.39816922203172,0.503868654486723,0.29,14.0,4.13,883.82,1237.82,-4333.69,-2605.08,2.11,0.28,0.5,0.3,0.2,57811.68,-5698.84,-9.857592790937748,42.26,-4.165818713450292,1,0,0.8,0.0023873639428842975,0.09796212348155697,High Risk,Low Profit,2,0
3.0,26356.0,201.0,0.0,2.0,1.05,34.7,1114.0,136.0,4719.2,489.0,293.0,196.0,16968.3,10167.1,6801.2,0.213761024270207,0.355094675603323,0.31,4.0,1.18,231.28,2034.66,2055.61,1231.69,2701.02,0.14,0.5,0.3,0.2,38655.799999999996,8022.980000000001,20.75491905483783,34.699999999999996,7.201956912028726,0,1,0.8,11.678571428571429,0.4311443001264701,Low Risk,High Profit,3,1
3.0,26195.0,3.0,3.0,3.0,1.04,46.48,541.0,66.0,3067.68,238.0,142.0,95.0,11062.24,6600.16,4415.6,0.209527668748051,0.381544120237231,0.28,9.0,2.66,252.7,1254.46,1426.23,850.95,1552.96,0.14,0.5,0.3,0.2,25145.68,5084.6,20.22057069047248,46.480000000000004,9.398521256931609,0,1,0.8,6.145468935496637,0.408928211014718,Low Risk,High Profit,0,1
3.0,25414.0,6.0,0.0,2.0,1.05,42.96,724.0,71.0,3050.16,326.0,196.0,131.0,14004.96,8420.16,5627.76,0.267001802045852,0.434160264069214,0.29,7.0,2.07,271.17,911.5,123.77,74.42,1410.62,0.11,0.5,0.3,0.2,31103.04,2520.31,8.103098603866373,42.96,3.4810911602209944,0,0,0.8,5.2019766198325765,0.29883793388493407,Low Risk,Medium Profit,0,0
3.0,26316.0,201.0,3.0,3.0,1.04,37.83,920.0,98.0,3707.34,411.0,247.0,164.0,15548.13,9344.01,6204.12,0.25334801800549,0.419729889649898,0.27,3.0,0.89,145.96,1212.01,885.03,531.88,1882.3,0.12,0.5,0.3,0.2,34803.600000000006,4511.22,12.961934972244249,37.830000000000005,4.9035,0,0,0.8,12.895998903809263,0.326922092344612,Low Risk,Medium Profit,3,0
3.0,26521.0,186.0,1.0,0.0,1.0,33.18,684.0,118.0,3915.24,283.0,170.0,113.0,9389.94,5640.6,3749.34,0.397654449287802,0.52349210686516,0.27,12.0,3.54,400.02,308.73,-1794.85,-1078.18,-104.37,0.21,0.5,0.3,0.2,22695.12,-2668.67,-11.758783386031887,33.18,-3.90156432748538,0,0,0.8,-0.26091195440227993,0.07885344384703796,High Risk,Low Profit,0,0
3.0,26603.0,2.0,3.0,0.0,1.0,35.86,510.0,50.0,1793.0,230.0,138.0,92.0,8247.8,4948.68,3299.12,0.230855272579938,0.391676743910648,0.29,17.0,5.02,461.84,676.8,721.42,432.85,783.47,0.11,0.5,0.3,0.2,18288.6,2614.54,14.296009535995102,35.86,5.126549019607843,0,0,0.8,1.6964100121254115,0.377467983509414,High Risk,Medium Profit,0,0
3.0,26117.0,166.0,0.0,3.0,1.04,41.08,829.0,61.0,2505.88,384.0,230.0,154.0,15774.72,9448.4,6326.32,0.257478479593992,0.428336122329347,0.32,5.0,1.48,227.92,787.31,-91.72,-54.94,1759.72,0.08,0.5,0.3,0.2,34055.32,2400.37,7.048443532464237,41.08,2.8955006031363086,0,0,0.8,7.720779220779221,0.314185398076661,Low Risk,Medium Profit,0,0
3.0,26443.0,164.0,3.0,3.0,1.04,41.06,604.0,74.0,3038.44,265.0,159.0,106.0,10880.9,6528.54,4352.36,0.242207907643169,0.406961579597555,0.29,6.0,1.77,187.62,1065.98,661.89,397.13,1339.32,0.14,0.5,0.3,0.2,24800.24,3464.3199999999997,13.968897075189593,41.06,5.735629139072847,0,0,0.8,7.138471378317876,0.350830512759276,Low Risk,Medium Profit,0,0
3.0,26160.0,4.0,3.0,3.0,1.04,33.41,1183.0,107.0,3574.87,538.0,323.0,215.0,17974.58,10791.43,7183.15,0.232417965270579,0.427618041518144,0.3,11.0,3.25,698.75,1215.33,718.34,431.27,1743.26,0.1,0.5,0.3,0.2,39524.03,4108.2,10.39418298184674,33.41,3.472696534234996,0,0,0.8,2.494826475849732,0.339963993211277,High Risk,Medium Profit,0,0
3.0,25717.0,164.0,3.0,2.0,1.05,45.7,477.0,51.0,2330.7,213.0,128.0,85.0,9734.1,5849.6,3884.5,0.212917431108654,0.399524376844056,0.3,16.0,4.72,401.2,903.28,852.3,512.18,1104.27,0.12,0.5,0.3,0.2,21798.9,3372.0299999999997,15.468808059122246,45.7,7.0692452830188675,0,0,0.8,2.752417746759721,0.38755819204729003,High Risk,High Profit,0,0
3.0,25232.0,4.0,0.0,2.0,1.05,37.27,1282.0,137.0,5105.99,572.0,344.0,229.0,21318.44,12820.88,8534.83,0.20594270337373,0.386056850175373,0.27,3.0,0.89,203.81,2083.25,2941.95,1769.29,3278.4,0.12,0.5,0.3,0.2,47780.14,10072.89,21.08175070227923,37.269999999999996,7.857168486739469,1,1,0.8,16.085569893528287,0.40800044645089706,Low Risk,High Profit,3,1
3.0,25140.0,3.0,0.0,1.0,1.03,32.52,1553.0,166.0,5398.32,694.0,416.0,277.0,22568.88,13528.32,9008.04,0.225263445768505,0.436142187612131,0.32,16.0,4.72,1307.44,1827.84,419.65,251.55,1742.63,0.12,0.5,0.3,0.2,50503.560000000005,4241.67,8.398754464041742,32.52,2.731274951706375,1,0,0.8,1.3328565746802914,0.33859436661936404,High Risk,Medium Profit,1,0
3.0,26164.0,41.0,3.0,1.0,1.03,31.37,873.0,100.0,3137.0,386.0,232.0,155.0,12108.82,7277.84,4862.35,0.259665309526026,0.369944427441806,0.32,15.0,4.43,686.65,1161.91,610.17,366.73,1114.32,0.13,0.5,0.3,0.2,27386.010000000002,3253.13,11.878802352003815,31.37,3.7263802978235967,0,0,0.8,1.622835505716158,0.37039026303216804,High Risk,Medium Profit,0,0
3.0,25925.0,40.0,1.0,2.0,1.05,34.14,939.0,199.0,6793.86,370.0,222.0,148.0,12631.8,7579.08,5052.72,0.39551515551284,0.487487742677331,0.31,14.0,4.13,611.24,794.86,-2437.97,-1462.78,-20.09,0.27,0.5,0.3,0.2,32057.46,-3125.9799999999996,-9.751178040930252,34.14,-3.3290521831735886,0,0,0.8,-0.03286761337608795,0.11699710180982903,High Risk,Low Profit,2,0
3.0,26167.0,39.0,1.0,0.0,1.0,43.66,579.0,115.0,5020.9,232.0,139.0,93.0,10129.12,6068.74,4060.38,0.352826336480211,0.491792073030956,0.27,5.0,1.48,137.64,780.16,-1160.98,-695.59,493.27,0.25,0.5,0.3,0.2,25279.140000000003,-583.1400000000001,-2.306803158651758,43.660000000000004,-1.0071502590673578,0,0,0.8,3.583769253124092,0.15538159048883293,Low Risk,Low Profit,0,0
3.0,25224.0,163.0,1.0,1.0,1.03,37.35,495.0,68.0,2539.8,214.0,128.0,85.0,7992.9,4780.8,3174.75,0.357295493758284,0.467094982112758,0.28,6.0,1.77,150.45,446.01,-834.38,-499.07,407.07,0.16,0.5,0.3,0.2,18488.25,-480.37000000000006,-2.5982448311765585,37.35,-0.9704444444444446,0,0,0.8,2.7056829511465605,0.17560952412895792,Low Risk,Low Profit,0,0
3.0,25037.0,37.0,1.0,2.0,1.05,40.68,745.0,129.0,5247.72,308.0,185.0,123.0,12529.44,7525.8,5003.64,0.35157133321045,0.505617403937504,0.3,3.0,0.89,109.47,749.43,-1969.49,-1182.97,605.11,0.21,0.5,0.3,0.2,30306.6,-1797.9199999999996,-5.93243715890268,40.68,-2.4133154362416103,0,0,0.8,5.527633141499955,0.14281126285204604,Low Risk,Low Profit,0,0
3.0,25765.0,194.0,0.0,1.0,1.03,45.94,940.0,85.0,3904.9,428.0,256.0,171.0,19662.32,11760.64,7855.74,0.215756895765662,0.380736278975382,0.32,11.0,3.25,555.75,1575.65,1641.94,982.09,2614.09,0.1,0.5,0.3,0.2,43183.6,6813.77,15.778605767004143,45.94,7.248691489361702,0,1,0.8,4.703715699505174,0.403506825258956,High Risk,High Profit,0,1
3.0,25483.0,167.0,3.0,3.0,1.04,38.27,1247.0,143.0,5472.61,552.0,331.0,221.0,21125.04,12667.37,8457.67,0.203215983435512,0.438703704439104,0.28,15.0,4.43,979.03,1959.63,1649.45,989.07,2049.5,0.13,0.5,0.3,0.2,47722.69,6647.65,13.929747044854343,38.27,5.330914194065757,1,1,0.8,2.093398567970338,0.35808031212538394,High Risk,Medium Profit,1,1
3.0,26173.0,203.0,1.0,3.0,1.04,32.17,1292.0,250.0,8042.5,521.0,313.0,208.0,16760.57,10069.21,6691.36,0.350175797578413,0.4505512092961,0.31,18.0,5.31,1104.48,1602.65,-1855.85,-1114.93,228.93,0.24,0.5,0.3,0.2,41563.64,-1139.1999999999998,-2.74085715303087,32.17,-0.8817337461300309,0,0,0.8,0.20727401129943504,0.19927299312548707,High Risk,Low Profit,2,0
3.0,25122.0,39.0,3.0,1.0,1.03,40.45,738.0,54.0,2184.3,342.0,205.0,137.0,13833.9,8292.25,5541.65,0.235941641144454,0.388585654064082,0.28,4.0,1.18,161.66,820.15,1320.76,791.68,1919.08,0.08,0.5,0.3,0.2,29852.1,4851.67,16.25235745558939,40.449999999999996,6.574078590785908,0,0,0.8,11.871087467524434,0.375472704791464,Low Risk,High Profit,3,0
3.0,26618.0,1.0,0.0,2.0,1.05,38.44,1488.0,110.0,4228.4,689.0,413.0,276.0,26485.16,15875.72,10609.44,0.268565887566656,0.377184153255075,0.27,6.0,1.77,488.52,1497.91,2231.37,1337.53,3269.87,0.08,0.5,0.3,0.2,57198.72,8336.68,14.57494153715328,38.44,5.60260752688172,1,1,0.8,6.693420944894784,0.35424995917826907,Low Risk,Medium Profit,1,1
3.0,26093.0,199.0,3.0,2.0,1.05,33.07,1155.0,123.0,4067.61,516.0,310.0,206.0,17064.12,10251.7,6812.42,0.262764566894621,0.408146005356684,0.28,16.0,4.72,972.32,1338.61,837.67,503.25,1269.58,0.12,0.5,0.3,0.2,38195.85,3949.1099999999997,10.339107520843232,33.07,3.419142857142857,0,0,0.8,1.305722395919039,0.329089427748695,High Risk,Medium Profit,0,0
3.0,26217.0,162.0,0.0,0.0,1.0,36.58,1568.0,180.0,6584.4,694.0,416.0,278.0,25386.52,15217.28,10169.24,0.264601591229439,0.371882021101192,0.32,18.0,5.31,1476.18,2393.54,1104.73,662.2,2220.51,0.13,0.5,0.3,0.2,57357.439999999995,6380.9800000000005,11.124938630454917,36.58,4.069502551020409,1,1,0.8,1.5042271267731577,0.363516387669369,High Risk,Medium Profit,1,1
3.0,26379.0,41.0,3.0,0.0,1.0,31.34,993.0,73.0,2287.82,460.0,276.0,184.0,14416.4,8649.84,5766.56,0.245203241035342,0.415356773347594,0.32,4.0,1.18,217.12,776.58,280.25,168.15,1740.28,0.08,0.5,0.3,0.2,31120.620000000003,2965.26,9.52828060623471,31.340000000000003,2.986163141993958,0,0,0.8,8.015291083271922,0.339439985617064,Low Risk,Medium Profit,0,0
3.0,26339.0,0.0,1.0,1.0,1.03,34.39,1525.0,243.0,8356.77,641.0,385.0,256.0,22043.99,13240.15,8803.84,0.387624009046704,0.504016867070459,0.29,12.0,3.54,906.24,905.53,-4004.09,-2404.95,47.74,0.19,0.5,0.3,0.2,52444.75,-5455.77,-10.402890661124326,34.39,-3.577554098360656,1,0,0.8,0.052679201977401134,0.10835912388283697,High Risk,Low Profit,2,0
3.0,25654.0,198.0,0.0,3.0,1.04,31.99,1068.0,97.0,3103.03,486.0,291.0,194.0,15547.14,9309.09,6206.06,0.237178952991962,0.356937468727119,0.29,7.0,2.07,401.58,1259.47,1801.66,1078.77,2117.36,0.1,0.5,0.3,0.2,34165.32,6257.26,18.31465357268716,31.99,5.858857677902622,0,1,0.8,5.272573335325465,0.4058835782809189,Low Risk,High Profit,0,1
3.0,26504.0,40.0,3.0,1.0,1.03,36.31,577.0,57.0,2069.67,260.0,156.0,104.0,9440.6,5664.36,3776.24,0.216596445627511,0.41146137160249,0.31,9.0,2.66,276.64,769.8,584.77,350.86,1127.9,0.11,0.5,0.3,0.2,20950.870000000003,2833.33,13.523686605854552,36.31,4.910450606585789,0,0,0.8,4.07713996529786,0.371942182769999,Low Risk,Medium Profit,0,0
3.0,25129.0,41.0,3.0,0.0,1.0,38.31,1141.0,94.0,3601.14,524.0,314.0,209.0,20074.44,12029.34,8006.79,0.243215436525643,0.364218128984794,0.31,12.0,3.54,739.86,1413.69,1657.47,993.22,2403.34,0.09,0.5,0.3,0.2,43711.71,6467.72,14.796309730275938,38.31,5.668466257668712,0,1,0.8,3.248371313491742,0.39256643448956297,High Risk,Medium Profit,0,1
3.0,25576.0,163.0,1.0,2.0,1.05,32.82,972.0,162.0,5316.84,405.0,243.0,162.0,13292.1,7975.26,5316.84,0.365593245369382,0.466789780044928,0.31,5.0,1.48,239.76,891.19,-1892.57,-1135.54,651.43,0.2,0.5,0.3,0.2,31901.040000000005,-1485.4900000000002,-4.656556651444593,32.82000000000001,-1.5282818930041155,0,0,0.8,2.7170086753420084,0.16761697458569003,Low Risk,Low Profit,0,0
3.0,25940.0,203.0,3.0,1.0,1.03,35.57,1250.0,92.0,3272.44,579.0,347.0,232.0,20595.03,12342.79,8252.24,0.207861272022128,0.442930857324973,0.31,13.0,3.84,890.88,1142.76,807.49,483.93,1990.87,0.08,0.5,0.3,0.2,44462.49999999999,4425.049999999999,9.952319370255834,35.56999999999999,3.5400399999999994,0,0,0.8,2.234722970545977,0.34920787065289893,High Risk,Medium Profit,0,0
3.0,26587.0,167.0,1.0,0.0,1.0,37.81,1420.0,344.0,13006.64,538.0,323.0,215.0,20341.78,12212.63,8129.15,0.365858716669027,0.45858717050869,0.32,8.0,2.36,507.4,2283.37,-2938.29,-1764.06,919.71,0.32,0.5,0.3,0.2,53690.2,-1499.27,-2.792446293737032,37.809999999999995,-1.0558239436619719,1,0,0.8,1.8125936145053214,0.17555411282228306,Low Risk,Low Profit,2,0
3.0,25497.0,195.0,3.0,3.0,1.04,43.04,502.0,49.0,2108.96,226.0,136.0,91.0,9727.04,5853.44,3916.64,0.253577317465097,0.416559277498163,0.28,15.0,4.43,403.13,695.67,485.02,291.87,888.83,0.11,0.5,0.3,0.2,21606.079999999998,2361.39,10.929284719856632,43.04,4.703964143426295,0,0,0.8,2.204822265770347,0.32986340503673994,High Risk,Medium Profit,0,0
3.0,25619.0,186.0,2.0,1.0,1.03,37.79,1134.0,74.0,2796.46,530.0,318.0,212.0,20028.7,12017.22,8011.48,0.280480350507423,0.24523503716918582,0.3,4.0,1.18,250.16,1339.9,3587.97,2152.78,3588.47,0.07,0.5,0.3,0.2,42853.86,10669.119999999999,24.89652040679649,37.79,9.408395061728394,0,1,0.8,14.34469939238887,0.47428461232339125,Low Risk,High Profit,3,1
3.0,25702.0,200.0,3.0,1.0,1.03,41.99,658.0,54.0,2267.46,302.0,181.0,121.0,12680.98,7600.19,5080.79,0.243614952657372,0.354848248395137,0.31,11.0,3.25,393.25,910.47,1160.78,695.7,1646.87,0.09,0.5,0.3,0.2,27629.42,4413.82,15.975072947604401,41.989999999999995,6.707933130699088,0,0,0.8,4.187844882390337,0.40153679894749095,High Risk,High Profit,0,0
3.0,25621.0,167.0,2.0,3.0,1.04,43.04,494.0,14.0,602.56,240.0,144.0,96.0,10329.6,6197.76,4131.84,0.255894589831587,0.24523503716918582,0.31,17.0,5.02,481.92,324.66,2363.38,1418.03,1744.3,0.03,0.5,0.3,0.2,21261.76,5850.37,27.515925304396248,43.04,11.842854251012145,0,1,0.8,3.619480411686587,0.4988703729992272,High Risk,High Profit,0,1
3.0,26229.0,2.0,1.0,0.0,1.0,41.17,1023.0,259.0,10663.03,382.0,229.0,153.0,15726.94,9427.93,6299.01,0.384577803127468,0.502161127631553,0.3,10.0,2.95,451.35,1207.71,-2936.83,-1760.56,262.08,0.34,0.5,0.3,0.2,42116.91,-3227.6,-7.6634301994139635,41.17,-3.155034213098729,0,0,0.8,0.5806580259222333,0.113261069240979,Low Risk,Low Profit,2,0
3.0,26351.0,7.0,3.0,0.0,1.0,42.78,655.0,75.0,3208.5,290.0,174.0,116.0,12406.2,7443.72,4962.48,0.230082014799118,0.373872275324538,0.32,15.0,4.43,513.88,1270.71,943.44,566.06,1451.49,0.13,0.5,0.3,0.2,28020.9,4231.7,15.101941764896914,42.78,6.460610687022901,0,0,0.8,2.8245699385070444,0.396045709876344,High Risk,High Profit,0,0
3.0,26109.0,165.0,2.0,3.0,1.04,45.81,1247.0,113.0,5176.53,567.0,340.0,227.0,25974.27,15575.4,10398.87,0.288132431264967,0.24523503716918582,0.33,5.0,1.48,335.96,2568.14,4314.62,2587.25,4823.04,0.1,0.5,0.3,0.2,57125.07,14293.05,25.02062579529443,45.81,11.461948676824377,1,1,0.8,14.355994761281107,0.46663253156584716,Low Risk,High Profit,3,1
3.0,25261.0,162.0,2.0,2.0,1.05,32.48,1288.0,84.0,2728.32,602.0,361.0,241.0,19552.96,11725.28,7827.68,0.268672183249146,0.24523503716918582,0.29,7.0,2.07,498.87,1415.57,4474.57,2683.25,3562.47,0.07,0.5,0.3,0.2,41834.24,12135.859999999999,29.009395174861545,32.48,9.42225155279503,0,1,0.8,7.141078838174273,0.4860927795816682,Low Risk,High Profit,3,1
3.0,26395.0,162.0,0.0,1.0,1.03,45.44,816.0,60.0,2726.4,378.0,227.0,151.0,17176.32,10314.88,6861.44,0.275416014790535,0.42073417454958,0.29,3.0,0.89,134.39,828.42,237.89,142.86,1950.46,0.08,0.5,0.3,0.2,37079.04,3159.63,8.521337121996686,45.44,3.872095588235294,0,0,0.8,14.513431058858547,0.30384981065988503,Low Risk,Medium Profit,3,0
3.0,25020.0,2.0,2.0,2.0,1.05,44.46,1142.0,94.0,4179.24,524.0,314.0,210.0,23297.04,13960.44,9336.6,0.29728110745782,0.28438880398171,0.27,12.0,3.54,743.4,1748.3,3455.65,2070.75,3162.38,0.09,0.5,0.3,0.2,50773.32,10437.08,20.556229137665213,44.46,9.139299474605954,1,1,0.8,4.2539413505515205,0.41833008856046994,High Risk,High Profit,1,1
3.0,25630.0,161.0,3.0,0.0,1.0,42.28,648.0,79.0,3340.12,284.0,171.0,114.0,12007.52,7229.88,4819.92,0.21846462784335,0.426658635912463,0.27,16.0,4.72,538.08,1185.33,1019.16,613.65,1172.4,0.14,0.5,0.3,0.2,27397.440000000002,3990.54,14.565375451137038,42.28,6.158240740740741,0,0,0.8,2.17885816235504,0.35487673624418703,High Risk,Medium Profit,0,0
3.0,25750.0,42.0,2.0,0.0,1.0,40.14,449.0,21.0,842.94,214.0,128.0,86.0,8589.96,5137.92,3452.04,0.291667738580145,0.302083383267745,0.29,3.0,0.89,76.54,342.44,998.57,597.28,1325.85,0.05,0.5,0.3,0.2,18022.86,3264.14,18.11111000140932,40.14,7.269799554565702,0,0,0.8,17.32231512934413,0.4062488781521101,Low Risk,High Profit,3,0
3.0,25592.0,2.0,3.0,1.0,1.03,40.42,921.0,76.0,3071.92,422.0,254.0,169.0,17057.24,10266.68,6830.98,0.208839475605637,0.363626535539515,0.32,17.0,5.02,848.38,1313.35,1834.23,1104.02,2072.1,0.09,0.5,0.3,0.2,37226.82000000001,6323.700000000001,16.9869465079209,40.42000000000001,6.866123778501629,0,1,0.8,2.442419670430703,0.42753398885484795,High Risk,High Profit,0,1
3.0,26159.0,161.0,0.0,1.0,1.03,42.43,1620.0,160.0,6788.8,730.0,438.0,292.0,30973.9,18584.34,12389.56,0.264138978626579,0.383973315777257,0.28,3.0,0.89,259.88,2388.9,2226.64,1335.99,4099.85,0.11,0.5,0.3,0.2,68736.6,10051.380000000001,14.623039254196454,42.43000000000001,6.204555555555556,1,1,0.8,15.775935046944745,0.351887705596164,Low Risk,Medium Profit,3,1
3.0,25187.0,43.0,3.0,3.0,1.04,32.01,685.0,56.0,1792.56,314.0,189.0,126.0,10051.14,6049.89,4033.26,0.228754629679024,0.402184822689742,0.32,13.0,3.84,483.84,661.56,493.11,296.81,1004.68,0.09,0.5,0.3,0.2,21926.85,2456.16,11.201608986242896,32.01,3.5856350364963503,0,0,0.8,2.076471560846561,0.3690605476312341,High Risk,Medium Profit,0,0
3.0,26523.0,4.0,1.0,3.0,1.04,43.64,1104.0,191.0,8335.24,456.0,274.0,183.0,19899.84,11957.36,7986.12,0.390994754375424,0.491138987615705,0.3,7.0,2.07,378.81,982.44,-3624.43,-2177.84,562.48,0.21,0.5,0.3,0.2,48178.560000000005,-4257.35,-8.83660698866882,43.64000000000001,-3.8562952898550726,1,0,0.8,1.4848604841477258,0.11786625800887096,Low Risk,Low Profit,2,0
3.0,25513.0,3.0,1.0,3.0,1.04,44.1,1397.0,288.0,12700.8,554.0,333.0,222.0,24431.4,14685.3,9790.2,0.378183438710403,0.486664456594735,0.28,17.0,5.02,1114.44,1716.54,-3538.84,-2127.13,208.73,0.26,0.5,0.3,0.2,61607.7,-3740.7000000000003,-6.071805959320021,44.1,-2.677666428060129,1,0,0.8,0.18729586159865041,0.13515210469486205,High Risk,Low Profit,2,0
3.0,25150.0,7.0,1.0,2.0,1.05,43.05,979.0,163.0,7017.15,408.0,245.0,163.0,17564.4,10547.25,7017.15,0.350764955207705,0.540549789648503,0.3,11.0,3.25,529.75,762.66,-3360.33,-2017.84,232.91,0.2,0.5,0.3,0.2,42145.950000000004,-4382.6,-10.398626677059124,43.050000000000004,-4.476608784473953,0,0,0.8,0.43966021708353,0.10868525514379201,High Risk,Low Profit,2,0
3.0,25393.0,202.0,1.0,3.0,1.04,42.79,1725.0,263.0,11253.77,731.0,439.0,292.0,31279.49,18784.81,12494.68,0.383935440494679,0.537415620498359,0.31,3.0,0.89,259.88,885.1,-5601.13625,-3090.4475,722.81,0.18,0.5,0.3,0.2,73812.75,-7083.67375,-9.596815929497275,42.79,-4.106477536231884,1,0,0.8,2.7813221486840076,0.07864893900696202,Low Risk,Low Profit,2,0
3.0,25072.0,8.0,1.0,0.0,1.0,30.05,1568.0,380.0,11419.0,594.0,356.0,238.0,17849.7,10697.8,7151.9,0.367287768563256,0.468091827607714,0.32,12.0,3.54,842.52,1879.8,-2773.48,-1662.22,334.83,0.32,0.5,0.3,0.2,47118.4,-2221.07,-4.713806071513464,30.05,-1.416498724489796,1,0,0.8,0.3974148981626549,0.16462040382902998,High Risk,Low Profit,2,0
3.0,25760.0,167.0,3.0,2.0,1.05,36.97,1027.0,76.0,2809.72,476.0,285.0,190.0,17597.72,10536.45,7024.3,0.279037442803383,0.351388502935879,0.32,6.0,1.77,336.3,1038.4,872.39,522.33,2259.7,0.08,0.5,0.3,0.2,37968.19,4692.82,12.359872830387753,36.97,4.569444985394353,0,0,0.8,6.719298245614034,0.36957405426073797,Low Risk,Medium Profit,0,0
3.0,26045.0,199.0,3.0,1.0,1.03,45.09,836.0,96.0,4328.64,370.0,222.0,148.0,16683.3,10009.98,6673.32,0.224925592765212,0.394521895237267,0.28,4.0,1.18,174.64,1647.27,1677.55,1006.53,2364.91,0.13,0.5,0.3,0.2,37695.24,6696.259999999999,17.76420577239991,45.089999999999996,8.009880382775119,0,1,0.8,13.54162849289968,0.38055251199752105,Low Risk,High Profit,3,1
3.0,25155.0,166.0,3.0,3.0,1.04,38.16,1293.0,117.0,4464.72,588.0,353.0,235.0,22438.08,13470.48,8967.6,0.272497455328703,0.418535946961492,0.3,5.0,1.48,347.8,1379.45,201.19,120.78,2422.89,0.1,0.5,0.3,0.2,49340.88,4124.3099999999995,8.358809165949209,38.16,3.1897215777262176,1,0,0.8,6.966331224841863,0.30896659770980506,Low Risk,Medium Profit,3,0
3.0,25160.0,36.0,3.0,2.0,1.05,32.32,1615.0,173.0,5591.36,721.0,433.0,288.0,23302.72,13994.56,9308.16,0.246366346720606,0.39404577978421,0.3,16.0,4.72,1359.36,2010.59,1388.56,833.91,1987.74,0.12,0.5,0.3,0.2,52196.8,6220.799999999999,11.917971982956807,32.32,3.8518885448916405,1,1,0.8,1.462261652542373,0.35958787349518395,High Risk,Medium Profit,1,1
3.0,26128.0,37.0,0.0,2.0,1.05,41.0,904.0,74.0,3034.0,415.0,249.0,166.0,17015.0,10209.0,6806.0,0.270414457395673,0.400200273632072,0.28,18.0,5.31,881.46,999.35,840.29,504.17,1360.34,0.09,0.5,0.3,0.2,37064.0,3704.1499999999996,9.993929419382688,41.0,4.097511061946903,0,0,0.8,1.5432804664987632,0.32938526897225495,High Risk,Medium Profit,0,0
3.0,25967.0,196.0,0.0,0.0,1.0,44.01,787.0,71.0,3124.71,358.0,215.0,143.0,15755.58,9462.15,6293.43,0.258653102219105,0.417162339389324,0.3,16.0,4.72,674.96,1012.98,381.04,228.84,1365.27,0.1,0.5,0.3,0.2,34635.87,2988.13,8.627269937206716,44.010000000000005,3.796861499364676,0,0,0.8,2.0227420884200544,0.324184558391571,High Risk,Medium Profit,0,0
3.0,25200.0,160.0,0.0,3.0,1.04,36.33,807.0,59.0,2143.47,374.0,224.0,150.0,13587.42,8137.92,5449.5,0.244643699340522,0.411526006320491,0.29,10.0,2.95,442.5,736.99,731.41,438.07,1431.2,0.08,0.5,0.3,0.2,29318.309999999998,3337.67,11.384251002189417,36.33,4.1358983890954155,0,0,0.8,3.2343502824858756,0.34383029433898704,Low Risk,Medium Profit,0,0
3.0,25564.0,189.0,3.0,1.0,1.03,41.64,689.0,56.0,2331.84,316.0,190.0,127.0,13158.24,7911.6,5288.28,0.278555665779859,0.3838096778607,0.3,6.0,1.77,224.79,787.31,495.21,297.75,1560.72,0.09,0.5,0.3,0.2,28689.96,3140.99,10.948045936627308,41.64,4.558766328011611,0,0,0.8,6.9430134792472975,0.337634656359441,Low Risk,Medium Profit,0,0
3.0,25282.0,164.0,3.0,2.0,1.05,36.32,842.0,90.0,3268.8,376.0,226.0,150.0,13656.32,8208.32,5448.0,0.225730990171432,0.44383520053234,0.28,5.0,1.48,222.0,1080.12,688.74,413.98,1578.2,0.12,0.5,0.3,0.2,30581.44,3761.04,12.298439838019402,36.32,4.466793349168646,0,0,0.8,7.109009009009009,0.330433809296228,Low Risk,Medium Profit,0,0
3.0,25324.0,200.0,1.0,2.0,1.05,41.93,1195.0,246.0,10314.78,474.0,285.0,190.0,19874.82,11950.05,7966.7,0.3501767747337,0.478179407468997,0.33,16.0,4.72,896.8,1770.47,-3147.3,-1892.36,470.63,0.26,0.5,0.3,0.2,50106.34999999999,-2798.56,-5.585240194107135,41.92999999999999,-2.3418912133891214,1,0,0.8,0.5247881355932204,0.17164381779730298,High Risk,Low Profit,2,0
3.0,26497.0,161.0,2.0,3.0,1.04,34.9,1575.0,60.0,2094.0,758.0,454.0,303.0,26454.2,15844.6,10574.7,0.268563216878101,0.317875550244935,0.33,4.0,1.18,357.54,866.0,2210.55,1323.99,4015.75,0.04,0.5,0.3,0.2,54967.5,8416.29,15.311393095920318,34.9,5.343676190476191,1,1,0.8,11.231610449180511,0.413561232876964,Low Risk,High Profit,3,1
3.0,26215.0,161.0,3.0,3.0,1.04,46.53,1575.0,168.0,7817.04,704.0,422.0,281.0,32757.12,19635.66,13074.93,0.255600685477257,0.415959274978377,0.31,16.0,4.72,1326.32,2567.43,604.04,362.08,2968.01,0.12,0.5,0.3,0.2,73284.75,6501.5599999999995,8.871641098591452,46.53,4.127974603174603,1,1,0.8,2.2377782134024975,0.32844003954436607,High Risk,Medium Profit,1,1
3.0,25933.0,161.0,1.0,1.0,1.03,40.29,1196.0,283.0,11402.07,456.0,274.0,183.0,18372.24,11039.46,7373.07,0.365806857531425,0.46437070867978,0.31,12.0,3.54,647.82,1936.33,-2575.38,-1547.48,604.29,0.31,0.5,0.3,0.2,48186.840000000004,-1582.2400000000002,-3.283552106757779,40.290000000000006,-1.3229431438127093,1,0,0.8,0.9328054089098823,0.16982243378879502,High Risk,Low Profit,2,0
3.0,26136.0,5.0,1.0,1.0,1.03,36.46,965.0,239.0,8713.94,363.0,218.0,145.0,13234.98,7948.28,5286.7,0.378225913411006,0.538635544292629,0.32,12.0,3.54,513.3,724.46,-3134.86,-1882.64,-73.77,0.33,0.5,0.3,0.2,35183.899999999994,-4366.81,-12.411387026452443,36.459999999999994,-4.52519170984456,0,0,0.8,-0.14371712448860316,0.08313854229636497,High Risk,Low Profit,2,0
3.0,25855.0,37.0,0.0,2.0,1.05,34.09,1151.0,95.0,3238.55,528.0,317.0,211.0,17999.52,10806.53,7192.99,0.247257538642734,0.43013094838243,0.31,3.0,0.89,187.79,1044.79,227.0,136.29,2132.75,0.09,0.5,0.3,0.2,39237.59,3540.83,9.024076147388257,34.089999999999996,3.0763075586446567,0,0,0.8,11.357101017093562,0.32261151297483603,Low Risk,Medium Profit,3,0
3.0,26341.0,193.0,3.0,1.0,1.03,39.46,1363.0,123.0,4853.58,620.0,372.0,248.0,24465.2,14679.12,9786.08,0.236265187393874,0.44987448786851,0.31,13.0,3.84,952.32,1523.35,94.44,56.67,2119.14,0.1,0.5,0.3,0.2,53783.98,3793.6,7.053401403168749,39.46,2.783272193690389,1,0,0.8,2.2252394153225805,0.31386032473761605,High Risk,Medium Profit,1,0
3.0,26382.0,40.0,0.0,1.0,1.03,33.31,485.0,40.0,1332.4,222.0,134.0,89.0,7394.82,4463.54,2964.59,0.251609610263258,0.42814964284189,0.3,9.0,2.66,236.74,426.69,149.68,90.35,712.64,0.09,0.5,0.3,0.2,16155.349999999999,1379.3600000000001,8.538100381607332,33.309999999999995,2.8440412371134025,0,0,0.8,3.010222184675171,0.32024074689485205,Low Risk,Medium Profit,0,0
3.0,26585.0,40.0,1.0,3.0,1.04,37.19,724.0,149.0,5541.31,288.0,172.0,115.0,10710.72,6396.68,4276.85,0.35548200319754,0.474432263011113,0.28,3.0,0.89,102.35,942.5,-1177.26,-703.09,625.08,0.26,0.5,0.3,0.2,26925.559999999998,-312.77,-1.161610009225435,37.19,-0.4320027624309392,0,0,0.8,6.107278944797265,0.17008573379134706,Low Risk,Low Profit,0,0
3.0,25495.0,5.0,3.0,0.0,1.0,35.13,1500.0,184.0,6463.92,658.0,395.0,263.0,23115.54,13876.35,9239.19,0.253726597707719,0.393319322844036,0.32,3.0,0.89,234.07,2281.47,761.75,457.28,3026.94,0.14,0.5,0.3,0.2,52695.0,6527.4400000000005,12.387209412657748,35.13,4.351626666666667,1,1,0.8,12.931772546674072,0.3529540794482451,Low Risk,Medium Profit,3,1
3.0,26021.0,7.0,0.0,0.0,1.0,39.89,1474.0,121.0,4826.69,676.0,406.0,271.0,26965.64,16195.34,10810.19,0.217689578849822,0.424683736334555,0.32,7.0,2.07,560.97,1726.15,1014.63,609.38,3305.04,0.09,0.5,0.3,0.2,58797.86,6655.200000000001,11.318779288906095,39.89,4.515061058344641,1,1,0.8,5.89165195999786,0.357626684815623,Low Risk,Medium Profit,1,1
3.0,26628.0,41.0,3.0,1.0,1.03,38.74,1300.0,96.0,3719.04,602.0,361.0,241.0,23321.48,13985.14,9336.34,0.216772768590599,0.414154488639906,0.3,14.0,4.13,995.33,1372.6,1610.88,965.99,2450.46,0.08,0.5,0.3,0.2,50362.0,6399.93,12.707855128867005,38.74,4.923023076923077,1,1,0.8,2.4619573407814492,0.369072742769495,High Risk,Medium Profit,1,1
3.0,26266.0,159.0,3.0,1.0,1.03,40.33,674.0,61.0,2460.13,306.0,184.0,123.0,12340.98,7420.72,4960.59,0.215120532363653,0.359738411800936,0.29,3.0,0.89,109.47,1045.9,1667.77,1002.84,1999.48,0.1,0.5,0.3,0.2,27182.420000000002,5715.99,21.028260176982034,40.330000000000005,8.480697329376854,0,1,0.8,18.265095459943364,0.42514105583541095,Low Risk,High Profit,3,1
3.0,26469.0,195.0,0.0,3.0,1.04,34.65,721.0,77.0,2668.05,322.0,193.0,129.0,11157.3,6687.45,4469.85,0.20615260142833,0.364671457675286,0.32,11.0,3.25,419.25,1145.06,1218.11,730.11,1499.1,0.12,0.5,0.3,0.2,24982.65,4592.38,18.38227730044651,34.65,6.369459084604716,0,0,0.8,3.5756708407871196,0.429175940896384,High Risk,High Profit,0,0
3.0,26429.0,42.0,2.0,3.0,1.04,41.83,894.0,50.0,2091.5,422.0,253.0,169.0,17652.26,10582.99,7069.27,0.275768244359642,0.24523503716918582,0.28,8.0,2.36,398.84,1093.13,4283.4,2568.01,3295.95,0.06,0.5,0.3,0.2,37396.020000000004,11240.49,30.05798478019853,41.830000000000005,12.573255033557047,0,1,0.8,8.263840136395547,0.4789967184711722,Low Risk,High Profit,3,1
3.0,26390.0,188.0,3.0,3.0,1.04,40.26,765.0,81.0,3261.06,342.0,205.0,137.0,13768.92,8253.3,5515.62,0.222713766936213,0.396285373903811,0.32,15.0,4.43,606.91,1242.47,839.92,503.46,1494.55,0.12,0.5,0.3,0.2,30798.899999999998,4080.3999999999996,13.248525109663007,40.26,5.333856209150326,0,0,0.8,2.462556227447233,0.38100085915997595,High Risk,Medium Profit,0,0
3.0,25299.0,198.0,3.0,2.0,1.05,40.89,1004.0,99.0,4048.11,452.0,272.0,181.0,18482.28,11122.08,7401.09,0.207066530697048,0.369789207098074,0.29,8.0,2.36,427.16,1712.93,2460.81,1480.84,2704.57,0.11,0.5,0.3,0.2,41053.56,8359.15,20.3615715665097,40.89,8.325846613545817,0,1,0.8,6.331515123138871,0.423144262204878,Low Risk,High Profit,3,1
3.0,26392.0,44.0,1.0,1.0,1.03,36.06,1655.0,287.0,10349.22,684.0,410.0,274.0,24665.04,14784.6,9880.44,0.369987202459015,0.495347937755287,0.28,17.0,5.02,1375.48,1393.68,-3584.7,-2148.72,-44.93,0.21,0.5,0.3,0.2,59679.3,-4384.67,-7.347053333400358,36.06,-2.6493474320241694,1,0,0.8,-0.03266496059557391,0.13466485978569798,High Risk,Low Profit,2,0
3.0,26393.0,1.0,0.0,2.0,1.05,36.79,1378.0,169.0,6217.51,604.0,363.0,242.0,22221.16,13354.77,8903.18,0.245227572824806,0.426755411108024,0.28,3.0,0.89,215.38,2039.45,1066.99,641.26,2705.01,0.14,0.5,0.3,0.2,50696.62,6452.71,12.72808719792365,36.79,4.6826632801161105,1,1,0.8,12.55924412665986,0.32801701606717004,Low Risk,Medium Profit,3,1
3.0,25505.0,196.0,0.0,2.0,1.05,33.54,553.0,45.0,1509.3,254.0,152.0,102.0,8519.16,5098.08,3421.08,0.26561315715313,0.383903538808227,0.33,16.0,4.72,481.44,528.98,174.5,104.43,717.59,0.09,0.5,0.3,0.2,18547.62,1525.5,8.224774930691916,33.54,2.7585895117540686,0,0,0.8,1.4905076437354603,0.35048330403864303,High Risk,Medium Profit,0,0
3.0,25788.0,5.0,3.0,1.0,1.03,33.36,892.0,116.0,3869.76,388.0,233.0,155.0,12943.68,7772.88,5170.8,0.220360619928688,0.366872822563164,0.29,16.0,4.72,731.6,1597.31,1589.05,954.25,1402.73,0.15,0.5,0.3,0.2,29757.120000000003,5543.34,18.62861728554376,33.36,6.214506726457399,0,1,0.8,1.917345544013122,0.41276655750814806,High Risk,High Profit,0,1
3.0,25830.0,8.0,1.0,3.0,1.04,36.26,786.0,176.0,6381.76,305.0,183.0,122.0,11059.3,6635.58,4423.72,0.398135793290567,0.490069181914441,0.28,16.0,4.72,575.84,713.45,-1860.23,-1116.14,-81.29,0.29,0.5,0.3,0.2,28500.36,-2344.21,-8.225194348422265,36.26,-2.9824554707379134,0,0,0.8,-0.14116768546818562,0.11179502479499204,High Risk,Low Profit,0,0
3.0,25307.0,198.0,3.0,0.0,1.0,37.74,1314.0,130.0,4906.2,592.0,355.0,237.0,22342.08,13397.7,8944.38,0.211934431362897,0.355948929814622,0.31,10.0,2.95,699.15,2120.05,2728.34,1636.08,3165.87,0.11,0.5,0.3,0.2,49590.36,9650.34,19.460112812248187,37.74,7.344246575342466,1,1,0.8,4.528169920617893,0.43211663882248097,Low Risk,High Profit,1,1
3.0,25387.0,40.0,3.0,2.0,1.05,34.07,650.0,79.0,2691.53,286.0,171.0,114.0,9744.02,5825.97,3883.98,0.258222869858146,0.372453051176853,0.27,4.0,1.18,134.52,994.05,967.82,578.66,1299.93,0.14,0.5,0.3,0.2,22145.5,3840.46,17.341943058409157,34.07,5.9084,0,0,0.8,9.663470115967886,0.36932407896500097,Low Risk,High Profit,0,0
3.0,26480.0,201.0,1.0,0.0,1.0,35.53,1404.0,224.0,7958.72,590.0,354.0,236.0,20962.7,12577.62,8385.08,0.350804590468761,0.519909499539062,0.29,15.0,4.43,1045.48,1028.95,-3369.0,-2021.4,38.59,0.19,0.5,0.3,0.2,49884.12,-4322.860000000001,-8.665803867042259,35.53,-3.078960113960114,1,0,0.8,0.036911275203734176,0.12928590999217704,High Risk,Low Profit,2,0
3.0,25956.0,43.0,2.0,1.0,1.03,43.78,687.0,32.0,1400.96,328.0,196.0,131.0,14359.84,8580.88,5735.18,0.294028268253896,0.297554703603964,0.32,15.0,4.43,580.33,572.18,1269.65,758.7,1762.02,0.05,0.5,0.3,0.2,30076.86,4362.549999999999,14.50467236273999,43.78,6.350145560407568,0,0,0.8,3.0362380025158098,0.40841702814214,High Risk,Medium Profit,0,0
3.0,26238.0,200.0,1.0,3.0,1.04,34.76,855.0,202.0,7021.52,326.0,196.0,131.0,11331.76,6812.96,4553.56,0.354687712131999,0.532977459742688,0.32,6.0,1.77,231.87,788.76,-2353.21,-1414.81,279.65,0.31,0.5,0.3,0.2,29719.8,-2699.61,-9.083540266085237,34.76,-3.1574385964912284,0,0,0.8,1.2060637426143959,0.11233482812531304,Low Risk,Low Profit,2,0
3.0,25068.0,159.0,1.0,0.0,1.0,31.5,1811.0,326.0,10269.0,742.0,446.0,297.0,23373.0,14049.0,9355.5,0.374791724944953,0.466369308275171,0.29,4.0,1.18,350.46,1631.12,-3065.63,-1842.68,1135.56,0.22,0.5,0.3,0.2,57046.5,-2141.6300000000006,-3.754182991068691,31.5,-1.1825676421866376,1,0,0.8,3.2401985961307997,0.15883896677987597,Low Risk,Low Profit,2,0
3.0,25189.0,187.0,2.0,2.0,1.05,37.8,1432.0,41.0,1549.8,696.0,417.0,278.0,26308.8,15762.6,10508.4,0.252295297326054,0.309719776711427,0.33,8.0,2.36,656.08,678.79,2840.95,1702.12,3946.44,0.03,0.5,0.3,0.2,54129.6,9168.3,16.937682894386803,37.8,6.402444134078212,1,1,0.8,6.0151810754785995,0.43798492596251903,Low Risk,High Profit,1,1
3.0,25312.0,42.0,0.0,0.0,1.0,41.94,1570.0,168.0,7045.92,701.0,421.0,280.0,29399.94,17656.74,11743.2,0.204454137217253,0.366188482311554,0.3,16.0,4.72,1321.6,3025.22,3803.1,2284.03,3720.43,0.12,0.5,0.3,0.2,65845.8,12832.78,19.48913977808759,41.940000000000005,8.173745222929936,1,1,0.8,2.815095338983051,0.429357380471193,High Risk,High Profit,1,1
3.0,25556.0,187.0,0.0,0.0,1.0,37.68,919.0,83.0,3127.44,418.0,251.0,167.0,15750.24,9457.68,6292.56,0.278962976634502,0.44875985973049,0.3,11.0,3.25,542.75,851.53,-436.64,-262.19,1170.57,0.1,0.5,0.3,0.2,34627.92,1323.27,3.821396145075997,37.68,1.4399020674646354,0,0,0.8,2.156738830032243,0.2722771636350081,High Risk,Low Profit,0,0
3.0,25557.0,2.0,1.0,1.0,1.03,44.39,1425.0,369.0,16379.91,528.0,317.0,211.0,23437.92,14071.63,9366.29,0.374002317059785,0.462979784887284,0.3,3.0,0.89,187.79,2670.22,-3210.58,-1927.56,1339.08,0.35,0.5,0.3,0.2,63255.75,-1128.8400000000001,-1.7845650395418602,44.39,-0.7921684210526316,1,0,0.8,7.130731135843229,0.1630178980529311,Low Risk,Low Profit,2,0
3.0,25275.0,37.0,1.0,3.0,1.04,40.5,1419.0,206.0,8343.0,606.0,364.0,243.0,24543.0,14742.0,9841.5,0.361040137254167,0.463562854845077,0.31,12.0,3.54,860.22,1463.34,-3303.56,-1984.32,865.95,0.17,0.5,0.3,0.2,57469.5,-2958.59,-5.148104646812658,40.5,-2.084982381959126,1,0,0.8,1.0066610866987515,0.17539700790075607,High Risk,Low Profit,2,0
3.0,25438.0,197.0,0.0,1.0,1.03,37.51,761.0,56.0,2100.56,352.0,212.0,141.0,13203.52,7952.12,5288.91,0.211977686174214,0.370079564861953,0.3,4.0,1.18,166.38,877.91,1557.26,937.89,2044.08,0.08,0.5,0.3,0.2,28545.11,5417.139999999999,18.97747109750146,37.51,7.118449408672798,0,1,0.8,12.285611251352325,0.417942748963833,Low Risk,High Profit,3,1
3.0,25802.0,203.0,0.0,1.0,1.03,38.72,930.0,114.0,4414.08,408.0,245.0,163.0,15797.76,9486.4,6311.36,0.223570773955435,0.42723926785402,0.32,18.0,5.31,865.53,1541.35,461.14,276.91,1338.33,0.14,0.5,0.3,0.2,36009.6,3617.7299999999996,10.04657091442282,38.72,3.8900322580645157,0,0,0.8,1.5462548958441649,0.349189958190545,High Risk,Medium Profit,0,0
3.0,25076.0,163.0,3.0,0.0,1.0,34.16,1389.0,114.0,3894.24,638.0,382.0,255.0,21794.08,13049.12,8710.8,0.25112802170217,0.394247443974018,0.3,10.0,2.95,752.25,1380.99,1190.49,712.8,2336.81,0.09,0.5,0.3,0.2,47448.240000000005,5621.09,11.846782936521986,34.160000000000004,4.04686105111591,1,1,0.8,3.106427384513127,0.3546245343238119,Low Risk,Medium Profit,1,1
3.0,25522.0,200.0,0.0,3.0,1.04,43.9,883.0,108.0,4741.2,388.0,232.0,155.0,17033.2,10184.8,6804.5,0.251194011364132,0.351942593744025,0.27,10.0,2.95,457.25,1881.61,2160.89,1292.08,2243.21,0.14,0.5,0.3,0.2,38763.7,7577.79,19.548675694012697,43.9,8.581868629671574,0,1,0.8,4.905872061235648,0.39686339489184297,Low Risk,High Profit,0,1
3.0,26694.0,194.0,2.0,0.0,1.0,36.2,1373.0,89.0,3221.8,642.0,385.0,257.0,23240.4,13937.0,9303.4,0.284615032421425,0.261543587490451,0.31,6.0,1.77,454.89,1462.19,3342.93,2004.72,3767.38,0.07,0.5,0.3,0.2,49702.6,10577.220000000001,21.281019504009855,36.199999999999996,7.7037290604515665,1,1,0.8,8.281958275627074,0.453841380088124,Low Risk,High Profit,3,1
3.0,25361.0,2.0,3.0,1.0,1.03,42.27,1565.0,167.0,7059.09,699.0,419.0,280.0,29546.73,17711.13,11835.6,0.253019167240709,0.44921028285753,0.3,15.0,4.43,1240.4,2101.99,-65.87,-39.49,2283.89,0.12,0.5,0.3,0.2,66152.55,4280.5199999999995,6.4706802685610745,42.27,2.7351565495207666,1,0,0.8,1.8412528216704287,0.297770549901761,High Risk,Medium Profit,1,0
3.0,25686.0,194.0,0.0,3.0,1.04,37.66,510.0,46.0,1732.36,232.0,139.0,93.0,8737.12,5234.74,3502.38,0.200643322840333,0.435225071781315,0.29,15.0,4.43,411.99,630.81,647.7,388.06,863.34,0.1,0.5,0.3,0.2,19206.600000000002,2529.91,13.172086678537584,37.660000000000004,4.960607843137255,0,0,0.8,2.0955362994247433,0.364131605378352,High Risk,Medium Profit,0,0
3.0,25363.0,41.0,2.0,3.0,1.04,36.03,1494.0,110.0,3963.3,692.0,415.0,277.0,24932.76,14952.45,9980.31,0.288230658089742,0.24523503716918582,0.31,10.0,2.95,817.15,2013.61,4938.26,2961.53,4253.48,0.08,0.5,0.3,0.2,53828.81999999999,14166.88,26.318392266447603,36.029999999999994,9.48251673360107,1,1,0.8,5.205262191764057,0.46653430474107216,Low Risk,High Profit,1,1
3.0,25688.0,40.0,3.0,3.0,1.04,31.25,503.0,49.0,1531.25,227.0,136.0,91.0,7093.75,4250.0,2843.75,0.230203204471618,0.411707649985328,0.31,18.0,5.31,483.21,548.32,341.13,204.38,535.11,0.11,0.5,0.3,0.2,15718.75,1628.94,10.363037773359842,31.25,3.2384493041749502,0,0,0.8,1.1074067175762092,0.35808914554305404,High Risk,Medium Profit,0,0
3.0,26620.0,160.0,3.0,3.0,1.04,31.34,644.0,53.0,1661.02,296.0,177.0,118.0,9276.64,5547.18,3698.12,0.220129707790911,0.444765468081459,0.32,5.0,1.48,174.64,556.62,140.12,83.79,1064.62,0.09,0.5,0.3,0.2,20182.96,1845.1499999999999,9.142117905401388,31.34,2.8651397515527948,0,0,0.8,6.0960833715071,0.33510482412763,Low Risk,Medium Profit,0,0
3.0,25042.0,3.0,0.0,1.0,1.03,40.89,1486.0,182.0,7441.98,652.0,391.0,261.0,26660.28,15987.99,10672.29,0.264747702013701,0.412279210542329,0.31,5.0,1.48,386.28,2403.56,345.87,207.41,3060.58,0.14,0.5,0.3,0.2,60762.53999999999,6017.42,9.903173896285443,40.88999999999999,4.049407806191117,1,1,0.8,7.923216319768044,0.32297308744397,Low Risk,Medium Profit,1,1
3.0,26177.0,43.0,1.0,2.0,1.05,40.9,1695.0,246.0,10061.4,724.0,435.0,290.0,29611.6,17791.5,11861.0,0.35075317309238,0.517579286312684,0.32,15.0,4.43,1284.7,1324.76,-5576.83,-3090.4475,277.01,0.17,0.5,0.3,0.2,69325.5,-7065.5075,-10.191787293275922,40.9,-4.168441002949852,1,0,0.8,0.21562232427804154,0.1316675405949359,High Risk,Low Profit,2,0
3.0,25652.0,188.0,2.0,3.0,1.04,45.92,756.0,49.0,2250.08,354.0,212.0,141.0,16255.68,9735.04,6474.72,0.268270264845341,0.274301106890198,0.32,3.0,0.89,125.49,1029.25,2234.0,1337.87,2836.23,0.07,0.5,0.3,0.2,34715.520000000004,7437.35,21.423703288903635,45.92000000000001,9.83776455026455,0,1,0.8,22.601243126942386,0.45742862826446107,Low Risk,High Profit,3,1
3.0,26381.0,161.0,0.0,2.0,1.05,37.89,1398.0,103.0,3902.67,648.0,388.0,259.0,24552.72,14701.32,9813.51,0.246869681980461,0.438132131262682,0.31,5.0,1.48,383.32,1229.33,122.72,73.48,2707.92,0.08,0.5,0.3,0.2,52970.22,4133.45,7.803346861689454,37.89,2.9566881258941344,1,0,0.8,7.064384848168633,0.314998186756857,Low Risk,Medium Profit,1,0
3.0,26301.0,161.0,3.0,1.0,1.03,38.12,942.0,115.0,4383.8,414.0,248.0,165.0,15781.68,9453.76,6289.8,0.268955820500851,0.372937139170244,0.31,8.0,2.36,389.4,1569.87,759.21,454.79,1863.02,0.14,0.5,0.3,0.2,35909.04,4646.889999999999,12.940724675457766,38.12,4.933004246284501,0,0,0.8,4.784334874165383,0.35810704032890506,Low Risk,Medium Profit,0,0
3.0,25655.0,38.0,1.0,3.0,1.04,40.72,994.0,179.0,7288.88,408.0,244.0,163.0,16613.76,9935.68,6637.36,0.388945355406031,0.5055928963935,0.31,11.0,3.25,529.75,768.7,-3398.15,-2032.23,170.24,0.22,0.5,0.3,0.2,40475.68,-4491.4400000000005,-11.096638771726628,40.72,-4.518551307847083,0,0,0.8,0.32135913166588015,0.10546174820046894,High Risk,Low Profit,2,0
3.0,25777.0,5.0,0.0,3.0,1.04,33.33,1588.0,157.0,5232.81,716.0,429.0,286.0,23864.28,14298.57,9532.38,0.230246922746301,0.388176342844963,0.28,6.0,1.77,506.22,1996.72,2424.06,1452.4,3131.11,0.11,0.5,0.3,0.2,52928.04,9004.29,17.012324658158512,33.33,5.670207808564232,1,1,0.8,6.185275176800601,0.38157673440873596,Low Risk,High Profit,1,1
3.0,25090.0,39.0,3.0,3.0,1.04,43.56,927.0,113.0,4922.28,407.0,244.0,163.0,17728.92,10628.64,7100.28,0.205600580256432,0.412046377081424,0.32,5.0,1.48,241.24,1882.05,1105.45,662.73,2473.57,0.14,0.5,0.3,0.2,40380.119999999995,6123.8,15.165383361911754,43.559999999999995,6.60604099244876,0,1,0.8,10.25356491460786,0.382353042662144,Low Risk,High Profit,3,1
3.0,25939.0,37.0,1.0,0.0,1.0,32.69,772.0,123.0,4020.87,324.0,195.0,130.0,10591.56,6374.55,4249.7,0.352214366337284,0.485965327802114,0.32,10.0,2.95,383.5,650.66,-1675.37,-1008.32,304.19,0.19,0.5,0.3,0.2,25236.68,-1728.8400000000001,-6.850504900010621,32.69,-2.2394300518134718,0,0,0.8,0.7931942633637549,0.16182030586060203,Low Risk,Low Profit,0,0
3.0,25337.0,192.0,1.0,3.0,1.04,32.02,1469.0,356.0,11399.12,556.0,334.0,223.0,17803.12,10694.68,7140.46,0.379499956371728,0.494955799099989,0.31,7.0,2.07,461.61,1431.09,-3283.89,-1972.7,434.83,0.32,0.5,0.3,0.2,47037.38,-3390.67,-7.208458464310725,32.019999999999996,-2.308148400272294,1,0,0.8,0.9419856588895388,0.12554424452828306,Low Risk,Low Profit,2,0
3.0,25336.0,198.0,0.0,3.0,1.04,40.5,1264.0,155.0,6277.5,554.0,333.0,222.0,22437.0,13486.5,8991.0,0.246210811920464,0.365804946655408,0.32,13.0,3.84,852.48,2435.57,1525.36,916.87,2635.89,0.14,0.5,0.3,0.2,51192.0,7513.6900000000005,14.67746913580247,40.5,5.944375,1,1,0.8,3.092025619369369,0.3879842414241279,High Risk,Medium Profit,1,1
3.0,25862.0,38.0,3.0,2.0,1.05,31.86,563.0,69.0,2198.34,247.0,148.0,99.0,7869.42,4715.28,3154.14,0.215387890022248,0.441896405839361,0.31,13.0,3.84,380.16,753.41,257.45,154.26,700.81,0.14,0.5,0.3,0.2,17937.18,1865.9299999999998,10.402582791720882,31.86,3.3142628774422733,0,0,0.8,1.843460648148148,0.34271570413839103,High Risk,Medium Profit,0,0
3.0,25218.0,40.0,0.0,0.0,1.0,41.8,937.0,77.0,3218.6,430.0,258.0,172.0,17974.0,10784.4,7189.6,0.250285366009921,0.379183530481532,0.29,6.0,1.77,304.44,1192.59,1447.47,868.48,2359.53,0.09,0.5,0.3,0.2,39166.6,5868.07,14.98233188482023,41.8,6.262614727854856,0,1,0.8,7.750394166338196,0.370531103508547,Low Risk,Medium Profit,3,1
3.0,25582.0,195.0,1.0,2.0,1.05,32.71,1886.0,435.0,14228.85,726.0,435.0,290.0,23747.46,14228.85,9485.9,0.372665001999121,0.530481758853421,0.28,16.0,4.72,1368.8,1378.11,-4349.27,-2605.97,-450.06,0.3,0.5,0.3,0.2,61691.06,-6027.190000000001,-9.769956943518237,32.71,-3.1957529162248153,1,0,0.8,-0.3287989479836353,0.09685323914745803,High Risk,Low Profit,2,0
3.0,26674.0,165.0,1.0,3.0,1.04,45.84,1776.0,308.0,14118.72,734.0,440.0,294.0,33646.56,20169.6,13476.96,0.383812814799603,0.532299350085668,0.27,8.0,2.36,693.84,1184.39,-5601.13625,-3090.4475,436.71,0.21,0.5,0.3,0.2,81411.84,-7070.483749999999,-8.684834724285803,45.839999999999996,-3.9811282376126123,1,0,0.8,0.6294102386717398,0.08388783511472897,Low Risk,Low Profit,2,0
3.0,26312.0,161.0,0.0,0.0,1.0,40.75,1329.0,131.0,5338.25,599.0,359.0,240.0,24409.25,14629.25,9780.0,0.239654354639351,0.370142450649291,0.3,10.0,2.95,708.0,2083.0,2201.79,1319.61,3108.19,0.11,0.5,0.3,0.2,54156.75,8712.59,16.087726829988874,40.75,6.555748683220466,1,1,0.8,4.390098870056497,0.390203194711358,Low Risk,High Profit,1,1
3.0,26555.0,203.0,0.0,2.0,1.05,41.1,1048.0,120.0,4932.0,464.0,278.0,186.0,19070.4,11425.8,7644.6,0.238788859136403,0.395165687031113,0.29,18.0,5.31,987.66,1805.34,1450.22,868.88,1810.61,0.13,0.5,0.3,0.2,43072.799999999996,5935.049999999999,13.779113500863655,41.099999999999994,5.663215648854961,0,1,0.8,1.8332320839155174,0.366045453832484,High Risk,Medium Profit,0,1
3.0,25103.0,167.0,0.0,2.0,1.05,44.19,481.0,55.0,2430.45,213.0,128.0,85.0,9412.47,5656.32,3756.15,0.247696290276945,0.385943020856939,0.31,15.0,4.43,376.55,890.42,530.49,318.79,999.56,0.13,0.5,0.3,0.2,21255.39,2739.2599999999998,12.887366451521236,44.19,5.694927234927235,0,0,0.8,2.6545213119107687,0.36636068886611595,High Risk,Medium Profit,0,0
3.0,26597.0,194.0,0.0,0.0,1.0,44.0,970.0,119.0,5236.0,426.0,255.0,170.0,18744.0,11220.0,7480.0,0.202396530248225,0.363575630681589,0.27,15.0,4.43,753.1,2272.57,3074.54,1840.39,2493.43,0.14,0.5,0.3,0.2,42680.0,9680.93,22.68259137769447,44.0,9.980340206185568,0,1,0.8,3.310888328243261,0.43402783907018605,High Risk,High Profit,0,1
3.0,25345.0,202.0,0.0,0.0,1.0,30.42,551.0,67.0,2038.14,242.0,145.0,97.0,7361.64,4410.9,2950.74,0.234786411654204,0.443164036958478,0.3,4.0,1.18,114.46,656.38,162.32,97.26,835.82,0.14,0.5,0.3,0.2,16761.42,1751.7800000000002,10.451262482534299,30.419999999999998,3.1792740471869334,0,0,0.8,7.302289009260878,0.32204955138731806,Low Risk,Medium Profit,0,0
3.0,25507.0,0.0,0.0,1.0,1.03,41.47,506.0,62.0,2571.14,222.0,133.0,89.0,9206.34,5515.51,3690.83,0.263065988197923,0.449756935448386,0.27,13.0,3.84,341.76,738.37,158.14,94.74,718.16,0.14,0.5,0.3,0.2,20983.82,1709.4099999999999,8.146324167858854,41.47,3.378280632411067,0,0,0.8,2.1013576779026217,0.28717707635369094,High Risk,Medium Profit,0,0
3.0,25064.0,43.0,3.0,2.0,1.05,39.79,1108.0,144.0,5729.76,482.0,289.0,193.0,19178.78,11499.31,7679.47,0.274862326569855,0.387011474813335,0.29,16.0,4.72,910.96,1937.38,923.0,553.42,1685.67,0.15,0.5,0.3,0.2,44087.32,5099.47,11.566749804705752,39.79,4.602409747292419,0,1,0.8,1.8504325107578818,0.33812619861681004,High Risk,Medium Profit,0,1
3.0,25913.0,0.0,1.0,1.0,1.03,39.72,1516.0,220.0,8738.4,648.0,389.0,259.0,25738.56,15451.08,10287.48,0.383225433982443,0.51841914053075,0.27,5.0,1.48,383.32,859.47,-4417.88,-2652.09,628.51,0.17,0.5,0.3,0.2,60215.520000000004,-5581.99,-9.270018759283321,39.720000000000006,-3.682051451187335,1,0,0.8,1.6396483355942815,0.09835542548680698,Low Risk,Low Profit,2,0
3.0,26333.0,36.0,0.0,2.0,1.05,39.15,1282.0,147.0,5755.05,568.0,340.0,227.0,22237.2,13311.0,8887.05,0.230716460198164,0.444402274116874,0.27,14.0,4.13,937.51,1869.71,1220.41,730.52,1949.73,0.13,0.5,0.3,0.2,50190.3,5770.37,11.49698248466337,39.150000000000006,4.50106864274571,1,1,0.8,2.079689816641956,0.324881265684962,High Risk,Medium Profit,1,1
3.0,26401.0,201.0,3.0,2.0,1.05,39.1,510.0,37.0,1446.7,236.0,142.0,95.0,9227.6,5552.2,3714.5,0.204883327204734,0.423674208926968,0.31,13.0,3.84,364.8,537.37,566.97,341.14,1014.92,0.08,0.5,0.3,0.2,19941.0,2460.4,12.338398274910988,39.1,4.824313725490196,0,0,0.8,2.782127192982456,0.37144246386829805,High Risk,Medium Profit,0,0
3.0,25270.0,164.0,0.0,1.0,1.03,44.24,1636.0,148.0,6547.52,744.0,446.0,298.0,32914.56,19731.04,13183.52,0.228769693505019,0.427074353815988,0.27,7.0,2.07,616.86,2253.37,2440.81,1463.17,3920.33,0.1,0.5,0.3,0.2,72376.64,10077.68,13.92394010001017,44.24,6.159951100244499,1,1,0.8,6.355299419641409,0.344155952678993,Low Risk,Medium Profit,1,1
3.0,25959.0,201.0,0.0,1.0,1.03,32.04,524.0,60.0,1922.4,232.0,139.0,93.0,7433.28,4453.56,2979.72,0.219312045294791,0.381069437088445,0.27,4.0,1.18,109.74,768.23,963.49,577.26,1081.01,0.13,0.5,0.3,0.2,16788.960000000003,3389.99,20.19178078928057,32.040000000000006,6.469446564885496,0,0,0.8,9.850646983779844,0.39961851761676404,Low Risk,High Profit,0,0
3.0,26445.0,5.0,1.0,3.0,1.04,42.58,1038.0,158.0,6727.64,440.0,264.0,176.0,18735.2,11241.12,7494.08,0.395378248509951,0.512961703492329,0.32,6.0,1.77,311.52,616.66,-4277.99,-2566.8,375.39,0.18,0.5,0.3,0.2,44198.04,-5852.74,-13.242080418045688,42.58,-5.638477842003853,0,0,0.8,1.205026964560863,0.0916600479977201,Low Risk,Low Profit,2,0
3.0,26689.0,196.0,1.0,1.0,1.03,42.48,927.0,191.0,8113.68,368.0,221.0,147.0,15632.64,9388.08,6244.56,0.355269491649233,0.45088061185088,0.33,18.0,5.31,780.57,1572.84,-2128.39,-1278.19,429.94,0.26,0.5,0.3,0.2,39378.96,-1403.8,-3.564847827367711,42.48,-1.5143473570658037,0,0,0.8,0.5508026185992287,0.19384989649988693,High Risk,Low Profit,2,0
3.0,26285.0,2.0,0.0,0.0,1.0,31.62,1649.0,189.0,5976.18,730.0,438.0,292.0,23082.6,13849.56,9233.04,0.26230069629848,0.39293724889867,0.3,8.0,2.36,689.12,2060.36,1033.22,619.93,2494.08,0.13,0.5,0.3,0.2,52141.38,6207.59,11.905304385883152,31.619999999999997,3.7644572468162525,1,1,0.8,3.6192245182261433,0.34476205480285005,Low Risk,Medium Profit,1,1
3.0,25479.0,36.0,3.0,1.0,1.03,39.98,641.0,68.0,2718.64,286.0,172.0,115.0,11434.28,6876.56,4597.7,0.265662389323115,0.358416500827298,0.29,4.0,1.18,135.7,1021.99,982.45,590.84,1592.67,0.12,0.5,0.3,0.2,25627.18,4187.950000000001,16.34182926096434,39.980000000000004,6.533463338533543,0,0,0.8,11.736698599852618,0.37592110984958704,Low Risk,High Profit,3,0
3.0,26207.0,4.0,3.0,0.0,1.0,38.65,604.0,74.0,2860.1,265.0,159.0,106.0,10242.25,6145.35,4096.9,0.257352492902428,0.40286834645085,0.32,16.0,4.72,500.32,971.8,202.58,121.55,891.72,0.14,0.5,0.3,0.2,23344.6,2187.6499999999996,9.371117945906118,38.65,3.6219370860927147,0,0,0.8,1.782299328429805,0.339779160646722,High Risk,Medium Profit,0,0
3.0,25724.0,192.0,2.0,2.0,1.05,41.71,1373.0,113.0,4713.23,630.0,378.0,252.0,26277.3,15766.38,10510.92,0.266961202840321,0.253399959648959,0.28,7.0,2.07,521.64,2260.65,5245.97,3147.58,4519.81,0.09,0.5,0.3,0.2,57267.829999999994,15174.010000000002,26.49656884152936,41.709999999999994,11.051718863801895,1,1,0.8,8.664615443600951,0.47963883751072,Low Risk,High Profit,1,1
3.0,25238.0,186.0,1.0,0.0,1.0,32.21,485.0,87.0,2802.27,199.0,119.0,80.0,6409.79,3832.99,2576.8,0.351886709034443,0.498530267947353,0.29,9.0,2.66,212.8,419.17,-900.04,-538.22,172.65,0.22,0.5,0.3,0.2,15621.849999999999,-846.4399999999999,-5.418308330959522,32.209999999999994,-1.7452371134020617,0,0,0.8,0.8113251879699248,0.14958302301820403,Low Risk,Low Profit,0,0
3.0,26492.0,40.0,3.0,1.0,1.03,37.39,940.0,122.0,4561.58,409.0,245.0,164.0,15292.51,9160.55,6131.96,0.224889688119292,0.40166338889394,0.29,9.0,2.66,436.24,1703.51,1276.11,764.42,1853.72,0.15,0.5,0.3,0.2,35146.6,5597.76,15.926889087422397,37.39,5.9550638297872345,0,1,0.8,4.2493123051531265,0.37344692298676807,Low Risk,High Profit,0,1
3.0,25320.0,197.0,1.0,2.0,1.05,34.11,1716.0,416.0,14189.76,650.0,390.0,260.0,22171.5,13302.9,8868.6,0.359559498040471,0.476637484016828,0.27,17.0,5.02,1305.2,2324.33,-2354.55,-1412.73,147.5,0.32,0.5,0.3,0.2,58532.76,-1295.4500000000003,-2.2132050496166595,34.11,-0.7549242424242426,1,0,0.8,0.11300950045969965,0.16380301794270102,High Risk,Low Profit,2,0
3.0,26399.0,39.0,3.0,3.0,1.04,33.57,1622.0,160.0,5371.2,731.0,439.0,292.0,24539.67,14737.23,9802.44,0.258429350443184,0.361078180908225,0.29,15.0,4.43,1293.56,2043.7,2220.66,1333.61,2436.19,0.11,0.5,0.3,0.2,54450.54,8034.16,14.754968453940034,33.57,4.95324290998767,1,1,0.8,1.8833219951142584,0.380492468648591,High Risk,Medium Profit,1,1
3.0,25767.0,199.0,3.0,0.0,1.0,30.55,1366.0,112.0,3421.6,627.0,376.0,251.0,19154.85,11486.8,7668.05,0.277970379982144,0.371558752236888,0.29,8.0,2.36,592.36,1199.17,1158.31,694.62,2095.07,0.09,0.5,0.3,0.2,41731.3,5147.17,12.334075382267025,30.55,3.768060029282577,0,1,0.8,3.536818826389358,0.35047086778096803,Low Risk,Medium Profit,0,1
3.0,25404.0,43.0,0.0,0.0,1.0,39.42,1547.0,127.0,5006.34,710.0,426.0,284.0,27988.2,16792.92,11195.28,0.205401578303427,0.443159784423187,0.28,14.0,4.13,1172.92,1759.42,1999.44,1199.66,2761.53,0.09,0.5,0.3,0.2,60982.74,7720.050000000001,12.659401660207465,39.42,4.990336134453782,1,1,0.8,2.3544060976025647,0.351438637273386,High Risk,Medium Profit,1,1
3.0,25202.0,2.0,2.0,1.0,1.03,40.04,1418.0,92.0,3683.68,663.0,398.0,265.0,26546.52,15935.92,10610.6,0.291234462964348,0.259023642307147,0.3,18.0,5.31,1407.15,1656.71,3975.13,2386.27,3364.88,0.07,0.5,0.3,0.2,56776.72,11382.990000000002,20.048692492275006,40.04,8.027496473906913,1,1,0.8,2.3912731407454784,0.449741894728505,High Risk,High Profit,1,1
3.0,25325.0,200.0,3.0,3.0,1.04,34.01,1213.0,89.0,3026.89,562.0,337.0,225.0,19113.62,11461.37,7652.25,0.279793931487948,0.408069194294512,0.27,6.0,1.77,398.25,944.8,805.39,482.95,1990.3,0.08,0.5,0.3,0.2,41254.13,4223.44,10.237617421576942,34.01,3.481813685078318,0,0,0.8,4.997614563716258,0.31213687421754,Low Risk,Medium Profit,0,0
3.0,26621.0,199.0,3.0,0.0,1.0,40.33,628.0,72.0,2903.76,278.0,167.0,111.0,11211.74,6735.11,4476.63,0.26501995574683,0.399025585385971,0.33,16.0,4.72,523.92,975.53,66.76,40.1,980.02,0.13,0.5,0.3,0.2,25327.24,2062.41,8.143050723252907,40.330000000000005,3.2840923566878977,0,0,0.8,1.8705527561459765,0.335954458867199,High Risk,Medium Profit,0,0
3.0,26096.0,191.0,1.0,2.0,1.05,45.37,1762.0,229.0,10389.73,766.0,460.0,307.0,34753.42,20870.2,13928.59,0.373291050165426,0.50635389033705,0.28,6.0,1.77,543.39,1250.46,-5548.21,-3090.4475,1132.99,0.15,0.5,0.3,0.2,79941.93999999999,-6255.2075,-7.824688142419363,45.36999999999999,-3.5500610102156642,1,0,0.8,2.08504021053019,0.12035505949752401,Low Risk,Low Profit,2,0
3.0,26097.0,164.0,2.0,3.0,1.04,38.59,633.0,57.0,2199.63,288.0,173.0,115.0,11113.92,6676.07,4437.85,0.283717413037084,0.24523503716918582,0.28,7.0,2.07,238.05,1083.0,2360.12,1417.71,1946.96,0.1,0.5,0.3,0.2,24427.47,6807.79,27.86940276663936,38.59,10.75480252764613,0,1,0.8,8.178785969334173,0.4710475497937302,Low Risk,High Profit,3,1
3.0,26219.0,166.0,3.0,1.0,1.03,36.34,1293.0,128.0,4651.52,582.0,350.0,233.0,21149.88,12719.0,8467.22,0.273164425063878,0.437278969050385,0.31,15.0,4.43,1032.19,1346.88,-432.38,-260.02,1419.55,0.11,0.5,0.3,0.2,46987.62,2074.03,4.413992451628748,36.34,1.6040448569218873,1,0,0.8,1.3752797450081864,0.28955660588573706,High Risk,Low Profit,2,0
3.0,25047.0,199.0,3.0,3.0,1.04,44.82,734.0,78.0,3495.96,328.0,197.0,131.0,14700.96,8829.54,5871.42,0.244568080697209,0.403566297888756,0.32,14.0,4.13,541.03,1230.11,468.46,281.36,1524.92,0.12,0.5,0.3,0.2,32897.88,3504.85,10.653726015171799,44.81999999999999,4.7749999999999995,0,0,0.8,2.818549803153245,0.351865621414035,High Risk,Medium Profit,0,0
3.0,25697.0,165.0,3.0,2.0,1.05,41.5,883.0,87.0,3610.5,398.0,239.0,159.0,16517.0,9918.5,6598.5,0.220556069426239,0.42173113625031,0.31,17.0,5.02,798.18,1291.52,788.07,473.24,1562.19,0.11,0.5,0.3,0.2,36644.5,4115.02,11.229570604046993,41.5,4.660271800679502,0,0,0.8,1.9571901074945504,0.35771279432345104,High Risk,Medium Profit,0,0
3.0,26465.0,198.0,3.0,1.0,1.03,34.89,1339.0,143.0,4989.27,598.0,359.0,239.0,20864.22,12525.51,8338.71,0.216410799063742,0.360744556062855,0.3,17.0,5.02,1199.78,2109.69,2563.06,1538.69,2326.2,0.12,0.5,0.3,0.2,46717.71,8537.64,18.274953973557352,34.89,6.376131441374159,1,1,0.8,1.9388554568337528,0.422844644873403,High Risk,High Profit,1,1
3.0,26222.0,8.0,0.0,0.0,1.0,35.06,1469.0,145.0,5083.7,662.0,397.0,265.0,23209.72,13918.82,9290.9,0.257371511384845,0.422914584865794,0.32,5.0,1.48,392.2,1625.33,-6.64,-3.98,2578.23,0.11,0.5,0.3,0.2,51503.14000000001,4192.94,8.141134695865142,35.06,2.85428182437032,1,0,0.8,6.5737633860275375,0.31971390374936104,Low Risk,Medium Profit,1,0
3.0,26613.0,166.0,0.0,3.0,1.04,35.71,478.0,58.0,2071.18,210.0,126.0,84.0,7499.1,4499.46,2999.64,0.216459960769862,0.374055620725267,0.29,17.0,5.02,421.68,848.12,896.03,537.62,806.63,0.14,0.5,0.3,0.2,17069.38,3088.4,18.093217211169943,35.71,6.4610878661087865,0,0,0.8,1.912896034907987,0.40948441850487105,High Risk,High Profit,0,0
3.0,26104.0,41.0,1.0,1.0,1.03,37.2,1558.0,203.0,7551.6,678.0,406.0,271.0,25221.6,15103.2,10081.2,0.394597242539749,0.46595036315266,0.27,6.0,1.77,479.67,1053.09,-3292.62,-1971.69,926.18,0.15,0.5,0.3,0.2,57957.59999999999,-3285.0399999999995,-5.6680055764904,37.199999999999996,-2.1084980744544284,1,0,0.8,1.9308691391998665,0.13945239430759104,Low Risk,Low Profit,2,0
3.0,26145.0,191.0,3.0,2.0,1.05,40.64,1020.0,84.0,3413.76,468.0,281.0,187.0,19019.52,11419.84,7599.68,0.235223977230489,0.353703589946963,0.31,14.0,4.13,772.31,1403.3,1922.35,1154.23,2351.71,0.09,0.5,0.3,0.2,41452.799999999996,6831.589999999999,16.4804066311564,40.63999999999999,6.69763725490196,0,1,0.8,3.0450337299788948,0.411072432822548,High Risk,High Profit,0,1
3.0,25458.0,159.0,1.0,0.0,1.0,32.89,1708.0,319.0,10491.91,694.0,417.0,278.0,22825.66,13715.13,9143.42,0.358053909707814,0.541396578447893,0.3,12.0,3.54,984.12,1054.96,-4552.59,-2735.49,-64.75,0.23,0.5,0.3,0.2,56176.119999999995,-6297.87,-11.210938028471885,32.89,-3.687277517564403,1,0,0.8,-0.06579482176970289,0.10054951184429295,High Risk,Low Profit,2,0
3.0,26107.0,203.0,0.0,1.0,1.03,39.73,971.0,119.0,4727.87,426.0,256.0,170.0,16924.98,10170.88,6754.1,0.220234274100512,0.356106535042636,0.3,4.0,1.18,200.6,2003.01,2092.93,1257.72,2660.84,0.14,0.5,0.3,0.2,38577.829999999994,8014.5,20.774885471785222,39.73,8.253861997940268,0,1,0.8,13.264406779661018,0.423659190856852,Low Risk,High Profit,3,1
3.0,25744.0,186.0,0.0,3.0,1.04,45.96,506.0,66.0,3033.36,220.0,132.0,88.0,10111.2,6066.72,4044.48,0.263840750865638,0.350082896370441,0.31,17.0,5.02,441.76,1171.11,769.22,461.53,1119.72,0.15,0.5,0.3,0.2,23255.760000000002,3521.58,15.142829131363584,45.96,6.959644268774704,0,0,0.8,2.5346794639623327,0.38607635276392105,High Risk,High Profit,0,0
3.0,25866.0,188.0,3.0,3.0,1.04,42.39,1697.0,208.0,8817.12,744.0,447.0,298.0,31538.16,18948.33,12632.22,0.269348163623363,0.408116451813839,0.27,8.0,2.36,703.28,2843.83,1656.87,995.46,3371.06,0.14,0.5,0.3,0.2,71935.83,8867.22,12.326569388300655,42.39,5.225232763700648,1,1,0.8,4.7933397793197585,0.32253538456279807,Low Risk,Medium Profit,1,1
3.0,25746.0,7.0,0.0,0.0,1.0,36.31,1164.0,151.0,5482.81,506.0,304.0,203.0,18372.86,11038.24,7370.93,0.219539311733097,0.379697456932627,0.27,14.0,4.13,838.39,2197.31,2402.49,1443.4,2115.61,0.15,0.5,0.3,0.2,42264.840000000004,8158.8099999999995,19.304012507796074,36.31,7.009286941580756,0,1,0.8,2.523419888118895,0.40076323133427594,High Risk,High Profit,1,1
3.0,26232.0,202.0,3.0,1.0,1.03,37.99,625.0,51.0,1937.49,287.0,172.0,115.0,10903.13,6534.28,4368.85,0.275574485715479,0.429182407120243,0.32,14.0,4.13,474.95,572.03,-269.93,-161.77,814.92,0.09,0.5,0.3,0.2,23743.75,955.2499999999999,4.0231639905238215,37.99,1.5283999999999998,0,0,0.8,1.7158016633329825,0.29524310716427804,High Risk,Low Profit,0,0
3.0,25949.0,191.0,0.0,1.0,1.03,34.8,945.0,116.0,4036.8,414.0,249.0,166.0,14407.2,8665.2,5776.8,0.27771425018087,0.398123694886453,0.29,14.0,4.13,685.58,1308.58,492.18,296.02,1187.04,0.14,0.5,0.3,0.2,32886.0,3283.8199999999997,9.985464939487928,34.8,3.4749417989417988,0,0,0.8,1.731439073485224,0.324162054932677,High Risk,Medium Profit,0,0
3.0,26477.0,8.0,0.0,3.0,1.04,45.86,1100.0,100.0,4586.0,500.0,300.0,200.0,22930.0,13758.0,9172.0,0.218355244267732,0.397347188158892,0.3,5.0,1.48,296.0,1762.39,1932.94,1159.77,3228.78,0.1,0.5,0.3,0.2,50446.0,8083.880000000001,16.024818617928084,45.86,7.348981818181819,1,1,0.8,10.908040540540542,0.38429756757337596,Low Risk,High Profit,3,1
3.0,25547.0,193.0,3.0,0.0,1.0,30.69,1054.0,129.0,3959.01,462.0,278.0,185.0,14178.78,8531.82,5677.65,0.206030499003828,0.407672602171078,0.32,14.0,4.13,764.05,1529.35,940.01,565.63,1429.21,0.14,0.5,0.3,0.2,32347.260000000002,4464.2,13.800859794616297,30.69,4.235483870967742,0,0,0.8,1.870571297689942,0.386296898825094,High Risk,Medium Profit,0,0
3.0,26075.0,1.0,1.0,2.0,1.05,33.96,2027.0,491.0,16674.36,768.0,461.0,307.0,26081.28,15655.56,10425.72,0.351224799279589,0.532647073408589,0.32,18.0,5.31,1630.17,1936.36,-5317.24,-3090.4475,-419.45,0.32,0.5,0.3,0.2,68836.92,-6890.7775,-10.010293168259127,33.96,-3.3994955599407994,1,0,0.8,-0.2573044529098192,0.11612812731182198,High Risk,Low Profit,2,0
3.0,25332.0,194.0,3.0,0.0,1.0,30.89,614.0,70.0,2162.3,272.0,163.0,109.0,8402.08,5035.07,3367.01,0.246180343739688,0.441651750309393,0.29,10.0,2.95,321.55,675.0,186.26,111.62,729.52,0.13,0.5,0.3,0.2,18966.46,1702.4,8.97584472800934,30.889999999999997,2.772638436482085,0,0,0.8,2.2687606904058466,0.31216790595091903,Low Risk,Medium Profit,0,0
3.0,25078.0,190.0,1.0,0.0,1.0,34.5,954.0,184.0,6348.0,385.0,231.0,154.0,13282.5,7969.5,5313.0,0.380056269501802,0.466577301663347,0.3,6.0,1.77,272.58,973.57,-1947.66,-1168.6,542.26,0.24,0.5,0.3,0.2,32913.0,-1600.43,-4.862607480326923,34.5,-1.6775995807127884,0,0,0.8,1.9893609215643115,0.15336642883485108,Low Risk,Low Profit,0,0
3.0,26535.0,39.0,0.0,0.0,1.0,38.14,1607.0,159.0,6064.26,724.0,434.0,290.0,27613.36,16552.76,11060.6,0.204376494511962,0.383977796067484,0.31,11.0,3.25,942.5,2496.33,2806.78,1682.52,3610.55,0.11,0.5,0.3,0.2,61290.98,10596.18,17.288318770559712,38.14,6.593764779091475,1,1,0.8,3.830822281167109,0.411645709420554,High Risk,High Profit,1,1
3.0,26643.0,164.0,1.0,0.0,1.0,33.57,1667.0,289.0,9701.73,689.0,413.0,276.0,23129.73,13864.41,9265.32,0.39728331787046,0.474615921708755,0.28,17.0,5.02,1385.52,1242.8,-3513.39,-2105.99,-198.63,0.21,0.5,0.3,0.2,55961.189999999995,-4575.21,-8.175683898072933,33.57,-2.7445770845830832,1,0,0.8,-0.14336133725965702,0.128100760420785,High Risk,Low Profit,2,0
3.0,25756.0,189.0,0.0,1.0,1.03,32.1,616.0,66.0,2118.6,275.0,165.0,110.0,8827.5,5296.5,3531.0,0.227221258115023,0.372634863946587,0.31,7.0,2.07,227.7,847.74,795.75,477.45,1185.21,0.12,0.5,0.3,0.2,19773.6,3306.15,16.720020633572037,32.099999999999994,5.367126623376624,0,0,0.8,5.205138339920949,0.40014387793839,Low Risk,High Profit,0,0
3.0,26606.0,198.0,3.0,0.0,1.0,36.96,1185.0,145.0,5359.2,520.0,312.0,208.0,19219.2,11531.52,7687.68,0.224772080108523,0.37316050613299,0.29,5.0,1.48,307.84,2154.76,2153.85,1292.31,2783.13,0.14,0.5,0.3,0.2,43797.6,8384.05,19.142715582589,36.96,7.0751476793248935,0,1,0.8,9.040832900207901,0.402067413758487,Low Risk,High Profit,3,1
3.0,25759.0,187.0,3.0,1.0,1.03,30.99,1553.0,178.0,5516.22,688.0,412.0,275.0,21321.12,12767.88,8522.25,0.270179027989507,0.355104209878482,0.32,16.0,4.72,1298.0,2067.02,1166.62,698.62,1895.43,0.13,0.5,0.3,0.2,48127.47,5827.69,12.108864230760519,30.990000000000002,3.752537025112685,1,1,0.8,1.4602696456086288,0.374716762132011,High Risk,Medium Profit,1,1
3.0,26487.0,192.0,1.0,0.0,1.0,37.63,781.0,141.0,5305.83,320.0,192.0,128.0,12041.6,7224.96,4816.64,0.377514863258693,0.46494656840805,0.3,9.0,2.66,340.48,835.87,-1715.46,-1029.28,418.33,0.22,0.5,0.3,0.2,29389.03,-1490.54,-5.071756366235973,37.629999999999995,-1.9085019206145966,0,0,0.8,1.2286477913533833,0.15753856833325708,Low Risk,Low Profit,0,0
3.0,25153.0,41.0,0.0,0.0,1.0,40.16,850.0,84.0,3373.44,383.0,230.0,153.0,15381.28,9236.8,6144.48,0.259762070644647,0.447379531897604,0.3,3.0,0.89,136.17,987.94,-109.85,-65.97,1663.29,0.11,0.5,0.3,0.2,34136.0,2475.41,7.251611202249824,40.16,2.9122470588235294,0,0,0.8,12.214805023132849,0.292858397457749,Low Risk,Medium Profit,3,0
3.0,25033.0,189.0,1.0,3.0,1.04,34.95,618.0,153.0,5347.35,232.0,140.0,93.0,8108.4,4893.0,3250.35,0.371757352666464,0.462851057504304,0.32,16.0,4.72,438.96,884.41,-1253.63,-756.5,98.62,0.33,0.5,0.3,0.2,21599.1,-1027.1000000000004,-4.755290729706332,34.949999999999996,-1.661974110032363,0,0,0.8,0.22466739566247496,0.16539158982923197,High Risk,Low Profit,0,0
3.0,26126.0,190.0,3.0,2.0,1.05,39.42,1685.0,139.0,5479.38,773.0,464.0,309.0,30471.66,18290.88,12180.78,0.230952102020383,0.362889633560553,0.31,3.0,0.89,275.01,2225.5,2930.1,1758.82,4672.31,0.09,0.5,0.3,0.2,66422.7,11586.73,17.443931065735057,39.42,6.87639762611276,1,1,0.8,16.989600378168067,0.406158264419064,Low Risk,High Profit,3,1
3.0,26653.0,44.0,0.0,1.0,1.03,40.32,968.0,88.0,3548.16,440.0,264.0,176.0,17740.8,10644.48,7096.32,0.265767632648349,0.375899662310258,0.27,14.0,4.13,726.88,1271.42,1567.09,940.26,1815.96,0.1,0.5,0.3,0.2,39029.759999999995,5594.7300000000005,14.334523194608426,40.31999999999999,5.779679752066116,0,1,0.8,2.4982940788025534,0.3583327050413929,High Risk,Medium Profit,0,1
3.0,25440.0,0.0,3.0,1.0,1.03,33.12,792.0,97.0,3212.64,348.0,208.0,139.0,11525.76,6888.96,4603.68,0.244969292469323,0.365438399394043,0.29,16.0,4.72,656.08,1251.62,1147.88,686.09,1137.48,0.14,0.5,0.3,0.2,26231.04,4223.07,16.09951416337286,33.120000000000005,5.332159090909091,0,0,0.8,1.7337519814656748,0.38959230813663404,High Risk,High Profit,0,0
3.0,26236.0,164.0,3.0,0.0,1.0,40.75,599.0,64.0,2608.0,268.0,160.0,107.0,10921.0,6520.0,4360.25,0.211037353798747,0.438833950948901,0.3,8.0,2.36,252.52,913.14,547.46,326.84,1274.13,0.12,0.5,0.3,0.2,24409.25,3061.5699999999997,12.542663129756138,40.75,5.111135225375626,0,0,0.8,5.045659749722795,0.350128695252352,Low Risk,Medium Profit,0,0
3.0,26665.0,164.0,1.0,2.0,1.05,43.01,1756.0,304.0,13075.04,726.0,436.0,290.0,31225.26,18752.36,12472.9,0.38189453529194,0.513519361917861,0.28,14.0,4.13,1197.7,1367.47,-5477.34,-3090.4475,106.79,0.21,0.5,0.3,0.2,75525.56,-7093.5275,-9.392220991145251,43.01,-4.039594248291571,1,0,0.8,0.08916256157635469,0.10458610279019909,High Risk,Low Profit,2,0
3.0,25578.0,187.0,3.0,3.0,1.04,32.96,934.0,114.0,3757.44,410.0,246.0,164.0,13513.6,8108.16,5405.44,0.202443747427315,0.354591334611177,0.28,7.0,2.07,339.48,1664.41,2202.24,1321.35,2054.94,0.14,0.5,0.3,0.2,30784.64,7242.9400000000005,23.52777229163635,32.96,7.754753747323341,0,1,0.8,6.053199010250972,0.44296491796150805,Low Risk,High Profit,0,1
3.0,25929.0,5.0,3.0,0.0,1.0,40.71,1586.0,144.0,5862.24,721.0,433.0,288.0,29351.91,17627.43,11724.48,0.261057219300419,0.387353183235973,0.28,11.0,3.25,936.0,2061.1,2101.29,1261.94,3186.21,0.1,0.5,0.3,0.2,64566.06,8610.54,13.336015857247602,40.71,5.429092055485499,1,1,0.8,3.4040705128205127,0.3515895974636081,High Risk,Medium Profit,1,1
3.0,25525.0,186.0,0.0,2.0,1.05,39.22,1707.0,169.0,6628.18,769.0,461.0,308.0,30160.18,18080.42,12079.76,0.221280722506344,0.383297110931016,0.32,14.0,4.13,1272.04,2620.93,2274.75,1363.66,3504.56,0.11,0.5,0.3,0.2,66948.54,9763.9,14.584186600633862,39.22,5.7199179847686,1,1,0.8,2.7550705952643,0.39542216656264007,High Risk,Medium Profit,1,1
3.0,26147.0,191.0,1.0,2.0,1.05,44.16,993.0,246.0,10863.36,374.0,224.0,149.0,16515.84,9891.84,6579.84,0.392545880540274,0.520224752998911,0.28,6.0,1.77,263.73,947.6,-3183.77,-1906.86,310.23,0.33,0.5,0.3,0.2,43850.880000000005,-3832.7999999999997,-8.740531546915363,44.160000000000004,-3.8598187311178247,0,0,0.8,1.1763166875213287,0.08722936646081503,Low Risk,Low Profit,2,0
3.0,26619.0,195.0,0.0,0.0,1.0,42.55,973.0,119.0,5063.45,427.0,256.0,171.0,18168.85,10892.8,7276.05,0.241101745236665,0.381717206002213,0.3,17.0,5.02,858.42,1909.84,1402.29,840.72,1885.97,0.14,0.5,0.3,0.2,41401.15,6038.820000000001,14.586116569225736,42.550000000000004,6.20639260020555,0,1,0.8,2.1970247664313507,0.377181048761122,High Risk,Medium Profit,0,1
3.0,26419.0,193.0,1.0,2.0,1.05,33.27,660.0,160.0,5323.2,250.0,150.0,100.0,8317.5,4990.5,3327.0,0.356647593807429,0.510117775341496,0.29,17.0,5.02,502.0,709.23,-1303.9,-782.34,-58.73,0.32,0.5,0.3,0.2,21958.2,-1435.7400000000002,-6.538514085854033,33.27,-2.175363636363637,0,0,0.8,-0.11699203187250995,0.133234630851075,High Risk,Low Profit,0,0
3.0,26501.0,197.0,2.0,1.0,1.03,35.43,1511.0,137.0,4853.91,687.0,412.0,275.0,24340.41,14597.16,9743.25,0.250613305682782,0.24523503716918582,0.32,6.0,1.77,486.75,2489.26,4693.7,2814.85,4509.93,0.1,0.5,0.3,0.2,53534.729999999996,14507.74,27.09967903078992,35.43,9.601416280608868,1,1,0.8,9.265392912172574,0.5041516571480322,Low Risk,High Profit,3,1
3.0,25329.0,1.0,0.0,1.0,1.03,34.77,817.0,81.0,2816.37,368.0,221.0,147.0,12795.36,7684.17,5111.19,0.20891814365983,0.436058595543727,0.27,15.0,4.43,651.21,999.88,1087.9,653.33,1163.38,0.11,0.5,0.3,0.2,28407.09,3904.4900000000002,13.744772871842912,34.77,4.77905752753978,0,0,0.8,1.7864897652063083,0.355023260796443,High Risk,Medium Profit,0,0
3.0,25936.0,160.0,3.0,3.0,1.04,40.36,1412.0,128.0,5166.08,642.0,385.0,257.0,25911.12,15538.6,10372.52,0.259702173862606,0.402220298838802,0.28,10.0,2.95,758.15,1746.54,1504.85,902.44,2748.57,0.1,0.5,0.3,0.2,56988.31999999999,6902.4,12.111955572650677,40.35999999999999,4.888385269121812,1,1,0.8,3.6253643738046564,0.338077527298592,Low Risk,Medium Profit,1,1
3.0,25169.0,4.0,0.0,1.0,1.03,33.38,1202.0,109.0,3638.42,546.0,328.0,219.0,18225.48,10948.64,7310.22,0.240091151744127,0.410124057391658,0.28,7.0,2.07,453.33,1272.66,1271.86,764.05,2103.67,0.1,0.5,0.3,0.2,40122.76,5412.24,13.489201640166328,33.38,4.502695507487521,0,1,0.8,4.6404826506077255,0.349784790864215,Low Risk,Medium Profit,0,1
3.0,26262.0,38.0,1.0,0.0,1.0,30.28,957.0,237.0,7176.36,360.0,216.0,144.0,10900.8,6540.48,4360.32,0.389117768767756,0.534674153849483,0.27,3.0,0.89,128.16,546.9,-2112.49,-1267.49,204.13,0.33,0.5,0.3,0.2,28977.96,-2628.95,-9.07223972978084,30.279999999999998,-2.747074190177638,0,0,0.8,1.592774656679151,0.07620807738276092,Low Risk,Low Profit,2,0
3.0,25211.0,44.0,0.0,2.0,1.05,35.75,911.0,104.0,3718.0,404.0,242.0,161.0,14443.0,8651.5,5755.75,0.24738922284916,0.375637275981717,0.31,16.0,4.72,759.92,1401.59,967.3,579.42,1409.85,0.13,0.5,0.3,0.2,32568.25,4358.16,13.38162167141311,35.75,4.783929747530187,0,0,0.8,1.8552610801136962,0.376973501169123,High Risk,Medium Profit,0,0
3.0,26306.0,4.0,0.0,2.0,1.05,40.07,1218.0,100.0,4007.0,559.0,335.0,224.0,22399.13,13423.45,8975.68,0.275403123795986,0.396439639991149,0.31,4.0,1.18,264.32,1314.93,406.71,243.73,2681.11,0.09,0.5,0.3,0.2,48805.26,4646.4800000000005,9.520449230267394,40.07,3.814844006568145,1,0,0.8,10.143424636803875,0.32815723621286497,Low Risk,Medium Profit,3,0
3.0,25482.0,190.0,1.0,1.0,1.03,31.8,888.0,154.0,4897.2,367.0,220.0,147.0,11670.6,6996.0,4674.6,0.392120596475434,0.483421585988253,0.3,13.0,3.84,564.48,609.49,-2048.68,-1228.09,17.31,0.21,0.5,0.3,0.2,28238.4,-2649.97,-9.384278146070598,31.8,-2.9842004504504502,0,0,0.8,0.030665391156462583,0.12445781753631291,High Risk,Low Profit,2,0
3.0,25457.0,162.0,1.0,0.0,1.0,39.01,1062.0,275.0,10727.75,394.0,236.0,157.0,15369.94,9206.36,6124.57,0.384822722373065,0.492451391811483,0.27,3.0,0.89,139.73,1316.57,-2263.59,-1355.86,611.91,0.35,0.5,0.3,0.2,41428.62,-1690.9700000000003,-4.0816469387587615,39.010000000000005,-1.592250470809793,0,0,0.8,4.379231374794246,0.12272588581545207,Low Risk,Low Profit,2,0
3.0,26630.0,192.0,2.0,2.0,1.05,43.17,655.0,59.0,2547.03,298.0,179.0,119.0,12864.66,7727.43,5137.23,0.276819002674893,0.345801801141351,0.32,4.0,1.18,140.42,961.2,738.16,443.39,1798.26,0.1,0.5,0.3,0.2,28276.350000000002,3941.01,13.937477786206493,43.17,6.0168091603053435,0,0,0.8,12.80629539951574,0.37737919618375604,Low Risk,Medium Profit,3,0
3.0,25424.0,42.0,0.0,3.0,1.04,34.46,1146.0,122.0,4204.12,512.0,307.0,205.0,17643.52,10579.22,7064.3,0.267271007932723,0.403685403359123,0.31,15.0,4.43,908.15,1383.34,336.0,201.47,1416.31,0.12,0.5,0.3,0.2,39491.16,3337.12,8.450296218191616,34.46,2.9119720767888304,0,0,0.8,1.5595551395694545,0.329043588708154,High Risk,Medium Profit,0,0
3.0,25905.0,41.0,1.0,3.0,1.04,40.99,1249.0,273.0,11190.27,488.0,293.0,195.0,20003.12,12010.07,7993.05,0.36133549696533,0.464482245361432,0.29,9.0,2.66,518.7,1949.15,-2316.72,-1390.98,873.55,0.28,0.5,0.3,0.2,51196.51,-884.9999999999998,-1.7286334556789118,40.99,-0.708566853482786,1,0,0.8,1.6841141314825523,0.17418225767323792,Low Risk,Low Profit,2,0
3.0,25906.0,160.0,0.0,1.0,1.03,39.25,932.0,107.0,4199.75,412.0,248.0,165.0,16171.0,9734.0,6476.25,0.249628631453961,0.400936816562898,0.28,14.0,4.13,681.45,1467.54,1122.83,675.88,1581.58,0.13,0.5,0.3,0.2,36581.0,4847.83,13.252316776468659,39.25,5.201534334763949,0,0,0.8,2.3209039548022594,0.349434551983141,High Risk,Medium Profit,0,0
3.0,25705.0,198.0,0.0,3.0,1.04,40.63,1108.0,100.0,4063.0,504.0,302.0,202.0,20477.52,12270.26,8207.26,0.258585739787668,0.373463932843879,0.28,6.0,1.77,357.54,1494.98,1801.0,1079.17,2662.32,0.1,0.5,0.3,0.2,45018.04,7037.469999999999,15.632555304495707,40.63,6.351507220216606,1,1,0.8,7.44621580802148,0.367950327368453,Low Risk,High Profit,3,1
3.0,25465.0,165.0,0.0,2.0,1.05,33.66,1408.0,139.0,4678.74,634.0,381.0,254.0,21340.44,12824.46,8549.64,0.277729024235159,0.425745386769995,0.29,6.0,1.77,449.58,1387.37,139.26,83.69,2085.61,0.11,0.5,0.3,0.2,47393.28,3695.9300000000003,7.798426274779885,33.66,2.624950284090909,1,0,0.8,4.6390186396192,0.29652558899484593,Low Risk,Medium Profit,1,0
3.0,25923.0,186.0,0.0,2.0,1.05,42.83,775.0,70.0,2998.1,352.0,212.0,141.0,15076.16,9079.96,6039.03,0.239987723380327,0.36103519462049,0.3,10.0,2.95,415.95,1196.17,1492.19,898.71,1993.48,0.1,0.5,0.3,0.2,33193.25,5580.55,16.812303706325835,42.83,7.200709677419355,0,1,0.8,4.792595263853829,0.398977081999183,Low Risk,High Profit,0,1
3.0,26072.0,198.0,1.0,1.0,1.03,36.89,736.0,182.0,6713.98,277.0,166.0,111.0,10218.53,6123.74,4094.79,0.364053797861561,0.454439165024087,0.31,14.0,4.13,458.43,1218.63,-1313.01,-786.86,284.8,0.33,0.5,0.3,0.2,27151.04,-596.4399999999998,-2.1967482645232,36.89,-0.8103804347826085,0,0,0.8,0.6212507907423162,0.181507037114352,High Risk,Low Profit,0,0
3.0,25587.0,202.0,3.0,0.0,1.0,43.07,533.0,39.0,1679.73,247.0,148.0,99.0,10638.29,6374.36,4263.93,0.229685053378344,0.443937585805543,0.3,11.0,3.25,321.75,548.23,280.61,168.14,1069.9,0.08,0.5,0.3,0.2,22956.31,2066.88,9.003537589447085,43.07,3.8778236397748596,0,0,0.8,3.3252525252525253,0.326377360816113,High Risk,Medium Profit,0,0
3.0,26212.0,36.0,2.0,3.0,1.04,43.43,695.0,51.0,2214.93,322.0,193.0,129.0,13984.46,8381.99,5602.47,0.269806259451434,0.24523503716918582,0.27,18.0,5.31,684.99,1095.41,3140.3,1882.23,2085.75,0.08,0.5,0.3,0.2,30183.85,8203.69,27.179070927002357,43.43,11.803870503597123,0,1,0.8,3.0449349625541977,0.4849587033793802,High Risk,High Profit,0,1
3.0,26331.0,197.0,0.0,2.0,1.05,41.72,706.0,64.0,2670.08,321.0,193.0,128.0,13392.12,8051.96,5340.16,0.26964652242139,0.428811986558139,0.32,5.0,1.48,189.44,805.14,-247.2,-148.63,1420.84,0.1,0.5,0.3,0.2,29454.32,1830.15,6.213519782497102,41.72,2.5922804532577906,0,0,0.8,7.500211148648648,0.301541491020471,Low Risk,Medium Profit,0,0
3.0,26080.0,40.0,0.0,3.0,1.04,37.43,1137.0,148.0,5539.64,494.0,297.0,198.0,18490.42,11116.71,7411.14,0.269055720474571,0.420033977157436,0.32,13.0,3.84,760.32,1722.33,-168.07,-101.05,1543.88,0.15,0.5,0.3,0.2,42557.909999999996,2997.09,7.042380605626546,37.43,2.635963060686016,0,0,0.8,2.0305660774410774,0.310910302367993,High Risk,Medium Profit,0,0
3.0,26211.0,192.0,0.0,2.0,1.05,42.61,1597.0,183.0,7797.63,707.0,424.0,283.0,30125.27,18066.64,12058.63,0.272716872952878,0.392648420785554,0.32,4.0,1.18,333.94,2609.36,440.87,264.4,3701.3,0.13,0.5,0.3,0.2,68048.17,7015.93,10.310240525204426,42.61,4.393193487789605,1,1,0.8,11.083727615739354,0.334634706261568,Low Risk,Medium Profit,3,1
3.0,26648.0,163.0,2.0,0.0,1.0,29.97,1033.0,49.0,1468.53,492.0,295.0,197.0,14745.24,8841.15,5904.09,0.271228667744435,0.334657383756712,0.3,4.0,1.18,232.46,578.77,1387.73,832.08,2094.42,0.05,0.5,0.3,0.2,30959.01,4893.0,15.804768950945139,29.97,4.736689254598257,0,0,0.8,9.009808139034673,0.39411394849885295,Low Risk,High Profit,3,0
3.0,26083.0,39.0,3.0,3.0,1.04,40.8,1301.0,139.0,5671.2,581.0,349.0,232.0,23704.8,14239.2,9465.6,0.209401438068599,0.427624624571763,0.27,3.0,0.89,206.48,2058.5,2203.93,1323.87,3229.29,0.12,0.5,0.3,0.2,53080.799999999996,8815.59,16.607869512139985,40.8,6.776010760953113,1,1,0.8,15.639722975590857,0.362973937359638,Low Risk,High Profit,3,1
3.0,25854.0,191.0,1.0,0.0,1.0,35.89,661.0,86.0,3086.54,288.0,172.0,115.0,10336.32,6173.08,4127.35,0.359750429727137,0.467440707026981,0.28,9.0,2.66,305.9,533.38,-1107.96,-661.7,407.34,0.15,0.5,0.3,0.2,23723.29,-828.9400000000003,-3.4942033756700708,35.89,-1.2540695915279882,0,0,0.8,1.3316116377901275,0.17280886324588196,Low Risk,Low Profit,0,0
3.0,25677.0,159.0,1.0,0.0,1.0,41.47,1154.0,252.0,10450.44,451.0,271.0,180.0,18702.97,11238.37,7464.6,0.360269789479207,0.468195636197925,0.32,18.0,5.31,955.8,1792.61,-2776.74,-1668.51,324.64,0.28,0.5,0.3,0.2,47856.380000000005,-2328.0,-4.8645551544015655,41.470000000000006,-2.017331022530329,1,0,0.8,0.33965264699727976,0.171534574322868,High Risk,Low Profit,2,0
3.0,25845.0,190.0,0.0,2.0,1.05,37.31,1195.0,137.0,5111.47,529.0,317.0,212.0,19736.99,11827.27,7909.72,0.264910599030554,0.378957715001889,0.29,7.0,2.07,438.84,1820.36,1305.24,782.16,2378.06,0.13,0.5,0.3,0.2,44585.450000000004,6285.82,14.098366171026644,37.31,5.260100418410041,0,1,0.8,5.418968188861545,0.35613168596755695,Low Risk,Medium Profit,0,1
3.0,25519.0,3.0,3.0,2.0,1.05,45.41,1552.0,141.0,6402.81,706.0,423.0,282.0,32059.46,19208.43,12805.62,0.242675538398325,0.386734868190251,0.29,12.0,3.54,998.28,2372.81,2583.66,1548.0,3747.35,0.1,0.5,0.3,0.2,70476.31999999999,10251.82,14.546474617289892,45.41,6.60555412371134,1,1,0.8,3.7538065472612896,0.37058959341142406,High Risk,Medium Profit,1,1
3.0,26298.0,189.0,1.0,1.0,1.03,36.98,1431.0,238.0,8801.24,596.0,358.0,239.0,22040.08,13238.84,8838.22,0.364159197977278,0.48434071210213,0.28,13.0,3.84,917.76,1333.39,-2832.15,-1701.19,421.23,0.2,0.5,0.3,0.2,52918.380000000005,-2778.72,-5.250954394295516,36.980000000000004,-1.941802935010482,1,0,0.8,0.4589762029288703,0.15150008992059205,High Risk,Low Profit,2,0
3.0,25114.0,159.0,2.0,0.0,1.0,43.57,1288.0,95.0,4139.15,596.0,358.0,239.0,25967.72,15598.06,10413.23,0.275923362467438,0.285576167376712,0.28,15.0,4.43,1058.77,1815.02,4115.9,2472.3,3507.44,0.08,0.5,0.3,0.2,56118.16,11910.660000000002,21.224252541423315,43.57,9.247406832298138,1,1,0.8,3.3127497001237285,0.43850047015585003,High Risk,High Profit,1,1
3.0,25562.0,39.0,2.0,2.0,1.05,32.78,506.0,37.0,1212.86,234.0,141.0,94.0,7670.52,4621.98,3081.32,0.26702246327186,0.24523503716918582,0.28,7.0,2.07,194.58,632.35,1851.43,1115.6,1411.93,0.08,0.5,0.3,0.2,16586.68,5011.31,30.21285754593445,32.78,9.903774703557312,0,1,0.8,7.256295611059718,0.4877424995589541,Low Risk,High Profit,0,1
3.0,26291.0,161.0,1.0,1.0,1.03,44.35,580.0,108.0,4789.8,236.0,142.0,94.0,10466.6,6297.7,4168.9,0.399440882727504,0.479600088461302,0.27,9.0,2.66,250.04,579.37,-1559.95,-938.62,254.23,0.23,0.5,0.3,0.2,25723.0,-1664.97,-6.472689810675271,44.35,-2.8706379310344827,0,0,0.8,1.0167573188289873,0.12095902881119402,Low Risk,Low Profit,0,0
3.0,25110.0,191.0,3.0,3.0,1.04,42.87,1145.0,131.0,5615.97,507.0,304.0,203.0,21735.09,13032.48,8702.61,0.203999982159585,0.391077820281498,0.32,13.0,3.84,779.52,2274.03,1845.79,1106.75,2744.36,0.13,0.5,0.3,0.2,49086.15,7970.93,16.238653876908252,42.870000000000005,6.961510917030568,1,1,0.8,3.5205767651888342,0.404922197558917,High Risk,High Profit,1,1
3.0,25216.0,44.0,1.0,1.0,1.03,33.9,1230.0,160.0,5424.0,535.0,321.0,214.0,18136.5,10881.9,7254.6,0.378257887647487,0.507687572110444,0.28,13.0,3.84,821.76,618.63,-3009.67,-1805.8,5.66,0.15,0.5,0.3,0.2,41697.0,-4191.18,-10.05151449744586,33.9,-3.4074634146341465,0,0,0.8,0.006887655763239875,0.11405454024206896,High Risk,Low Profit,2,0
3.0,25931.0,193.0,2.0,3.0,1.04,41.49,1376.0,65.0,2696.85,656.0,393.0,262.0,27217.44,16305.57,10870.38,0.261336358601693,0.305998752755113,0.32,18.0,5.31,1391.22,1166.83,3066.45,1837.07,3312.01,0.05,0.5,0.3,0.2,57090.24,9382.36,16.434262669065678,41.49,6.81857558139535,1,1,0.8,2.3806515144980667,0.43266488864319397,High Risk,High Profit,1,1
3.0,26593.0,162.0,1.0,2.0,1.05,39.21,1106.0,235.0,9214.35,436.0,261.0,174.0,17095.56,10233.81,6822.54,0.393314447952434,0.477627313928679,0.29,4.0,1.18,205.32,1189.19,-2751.39,-1647.05,675.18,0.27,0.5,0.3,0.2,43366.26,-2534.07,-5.843413750690052,39.21,-2.29120253164557,0,0,0.8,3.2884278199883106,0.12905823811888695,Low Risk,Low Profit,2,0
3.0,26258.0,41.0,3.0,2.0,1.05,43.82,587.0,67.0,2935.94,260.0,156.0,104.0,11393.2,6835.92,4557.28,0.215669532846659,0.445533280982636,0.32,6.0,1.77,184.08,994.69,214.16,128.5,1359.91,0.13,0.5,0.3,0.2,25722.34,2697.26,10.486059977435957,43.82,4.5949914821124365,0,0,0.8,7.387603215993046,0.338797186170705,Low Risk,Medium Profit,0,0
3.0,26676.0,1.0,1.0,0.0,1.0,32.14,1671.0,255.0,8195.7,708.0,425.0,283.0,22755.12,13659.5,9095.62,0.38263470812235,0.490592550532892,0.33,16.0,4.72,1335.76,1038.99,-4624.46,-2775.98,-182.68,0.18,0.5,0.3,0.2,53705.94,-6544.130000000001,-12.185113974357401,32.14,-3.9162956313584685,1,0,0.8,-0.13676109480745044,0.1267727413447579,High Risk,Low Profit,2,0
3.0,25814.0,196.0,2.0,0.0,1.0,37.47,753.0,35.0,1311.45,359.0,215.0,144.0,13451.73,8056.05,5395.68,0.276370377407875,0.282053983747028,0.33,10.0,2.95,424.8,579.1,1500.89,898.86,1957.8,0.05,0.5,0.3,0.2,28214.91,4936.650000000001,17.496600201808196,37.47,6.555976095617531,0,1,0.8,4.608757062146893,0.441575638845097,Low Risk,High Profit,0,1
3.0,25154.0,194.0,3.0,0.0,1.0,40.4,576.0,70.0,2828.0,253.0,152.0,101.0,10221.2,6140.8,4080.4,0.223648589961231,0.447242902149446,0.3,6.0,1.77,178.77,930.72,297.52,178.75,1164.12,0.14,0.5,0.3,0.2,23270.4,2571.1099999999997,11.048843165566554,40.400000000000006,4.463732638888889,0,0,0.8,6.511830844101358,0.329108507889323,Low Risk,Medium Profit,0,0
3.0,26001.0,43.0,3.0,0.0,1.0,39.73,567.0,51.0,2026.23,258.0,155.0,103.0,10250.34,6158.15,4092.19,0.215525405351073,0.392081076465547,0.32,17.0,5.02,517.06,795.08,742.06,445.81,1088.69,0.1,0.5,0.3,0.2,22526.91,3071.64,13.635425364597275,39.73,5.417354497354497,0,0,0.8,2.105539009012494,0.39239351818338,High Risk,Medium Profit,0,0
3.0,26203.0,41.0,0.0,0.0,1.0,43.47,1048.0,112.0,4868.64,468.0,281.0,187.0,20343.96,12215.07,8128.89,0.238891417346895,0.389279943495058,0.3,5.0,1.48,276.76,1810.3,1461.28,877.39,2745.79,0.12,0.5,0.3,0.2,45556.56,6894.76,15.134505327004499,43.47,6.578969465648855,1,1,0.8,9.921195259430554,0.371828639158047,Low Risk,High Profit,3,1
3.0,26324.0,196.0,0.0,3.0,1.04,42.44,1518.0,174.0,7384.56,672.0,403.0,269.0,28519.68,17103.32,11416.36,0.212132799457759,0.350313313887455,0.33,15.0,4.43,1191.67,3231.14,3067.4,1839.53,3803.6,0.13,0.5,0.3,0.2,64423.92,11941.67,18.536081008420474,42.44,7.86671277997365,1,1,0.8,3.1918232396552733,0.437553886654786,High Risk,High Profit,1,1
3.0,26067.0,194.0,0.0,2.0,1.05,41.39,1707.0,222.0,9188.58,742.0,446.0,297.0,30711.38,18459.94,12292.83,0.2530756329,0.366731766890734,0.31,5.0,1.48,439.56,3493.43,2155.71,1295.75,4234.08,0.15,0.5,0.3,0.2,70652.73,11178.97,15.8224176192484,41.39,6.548898652606912,1,1,0.8,9.632541632541633,0.38019260020926593,Low Risk,High Profit,1,1
3.0,26228.0,43.0,3.0,3.0,1.04,43.04,892.0,88.0,3787.52,402.0,241.0,161.0,17302.08,10372.64,6929.44,0.218910074550658,0.4394827040378,0.27,15.0,4.43,713.23,1293.84,1238.95,742.76,1653.92,0.11,0.5,0.3,0.2,38391.68,4929.47,12.839943446079985,43.04,5.526311659192825,0,0,0.8,2.3189153568974947,0.341607221411542,High Risk,Medium Profit,0,0
3.0,25837.0,189.0,1.0,2.0,1.05,46.04,1817.0,277.0,12753.08,770.0,462.0,308.0,35450.8,21270.48,14180.32,0.383247677085456,0.541258347406983,0.28,3.0,0.89,274.12,962.78,-5601.13625,-3090.4475,796.41,0.18,0.5,0.3,0.2,83654.68,-6932.39375,-8.286916822824498,46.04,-3.8152965052283987,1,0,0.8,2.9053334306143292,0.07549397550756098,Low Risk,Low Profit,2,0
3.0,25477.0,203.0,1.0,0.0,1.0,40.21,854.0,142.0,5709.82,356.0,214.0,142.0,14314.76,8604.94,5709.82,0.359316235629376,0.523824895638973,0.31,13.0,3.84,545.28,667.24,-2764.77,-1661.97,121.96,0.2,0.5,0.3,0.2,34339.340000000004,-3637.54,-10.59292345164467,40.21000000000001,-4.259414519906323,0,0,0.8,0.22366490610328638,0.11685886873165097,High Risk,Low Profit,2,0
3.0,26297.0,163.0,1.0,3.0,1.04,33.78,829.0,114.0,3850.92,358.0,214.0,143.0,12093.24,7228.92,4830.54,0.390697826922406,0.501871643401682,0.32,5.0,1.48,211.64,413.71,-2570.65,-1536.65,307.31,0.16,0.5,0.3,0.2,28003.620000000003,-3386.28,-12.092293782018182,33.78,-4.084776839565742,0,0,0.8,1.4520412020412021,0.10743052967591193,Low Risk,Low Profit,2,0
4.0,25083.0,106.0,0.0,1.0,1.03,35.12,1745.0,266.0,9341.92,813.0,444.0,222.0,28552.56,15593.28,7796.64,0.252295018173754,0.389916495326906,0.3,6.0,1.77,392.94,3342.43,1650.01,901.11,2396.61,0.18,0.55,0.3,0.15,61284.4,8290.16,13.527357696248963,35.12,4.750808022922636,1,1,0.8500000000000001,6.099175446633074,0.35778848649934003,Low Risk,Medium Profit,1,1
4.0,26362.0,53.0,3.0,0.0,1.0,39.27,1525.0,187.0,7343.49,736.0,401.0,201.0,28902.72,15747.27,7893.27,0.257398884221911,0.438255575997755,0.27,4.0,1.18,237.18,2234.96,992.68,540.85,2165.1,0.14,0.55,0.3,0.15,59886.75,5933.59,9.908018050737434,39.27,3.89087868852459,1,1,0.8500000000000001,9.128509992410827,0.3043455397803341,Low Risk,Medium Profit,3,1
4.0,25365.0,153.0,0.0,2.0,1.05,43.2,1430.0,141.0,6091.2,709.0,387.0,193.0,30628.8,16718.4,8337.6,0.20925327219069,0.410766398208216,0.28,5.0,1.48,285.64,2314.54,3062.28,1671.51,2882.48,0.11,0.55,0.3,0.15,61776.0,9930.81,16.075514763014763,43.2,6.944622377622378,1,1,0.8500000000000001,10.091303738972133,0.37998032960109396,Low Risk,High Profit,3,1
4.0,25003.0,150.0,0.0,1.0,1.03,41.86,885.0,147.0,6153.42,406.0,221.0,111.0,16995.16,9251.06,4646.46,0.239052445217967,0.388262916076928,0.32,12.0,3.54,392.94,2293.29,895.38,487.39,1338.72,0.2,0.55,0.3,0.15,37046.1,5014.78,13.536593595547169,41.86,5.666418079096045,0,1,0.8500000000000001,3.4069323560848987,0.37268463870510504,High Risk,Medium Profit,0,1
4.0,26180.0,98.0,1.0,0.0,1.0,33.85,792.0,168.0,5686.8,343.0,187.0,94.0,11610.55,6329.95,3181.9,0.39263733754633,0.54255966336932,0.28,6.0,1.77,166.38,368.52,-2498.56,-1362.19,39.82,0.27,0.55,0.3,0.15,26809.2,-3452.41,-12.877706160571742,33.85,-4.359103535353535,0,0,0.8500000000000001,0.23933165043875468,0.06480299908434994,Low Risk,Low Profit,2,0
4.0,25250.0,50.0,1.0,3.0,1.04,45.53,683.0,94.0,4279.82,324.0,177.0,88.0,14751.72,8058.81,4006.64,0.391819321340881,0.461220926861279,0.32,7.0,2.07,182.16,628.96,-2552.64,-1394.5,406.65,0.16,0.55,0.3,0.15,31096.99,-2911.5299999999997,-9.36273896605427,45.53,-4.262855051244509,0,0,0.8500000000000001,2.2323781291172593,0.14695975179784004,Low Risk,Low Profit,0,0
4.0,25930.0,169.0,1.0,3.0,1.04,31.68,1749.0,228.0,7223.04,837.0,456.0,228.0,26516.16,14446.08,7223.04,0.375493482733145,0.48394751935266,0.32,10.0,2.95,672.6,1015.26,-4758.09,-2592.22,342.66,0.15,0.55,0.3,0.15,55408.32,-5992.389999999999,-10.814964250856187,31.68,-3.42618067467124,1,0,0.8500000000000001,0.5094558429973238,0.14055899791419502,Low Risk,Low Profit,2,0
4.0,25473.0,155.0,0.0,1.0,1.03,39.93,488.0,74.0,2954.82,228.0,124.0,62.0,9104.04,4951.32,2475.66,0.259624504745007,0.425284618884325,0.33,12.0,3.54,219.48,931.04,-135.73,-73.82,560.58,0.18,0.55,0.3,0.15,19485.84,1282.0700000000002,6.579495674807964,39.93,2.62719262295082,0,0,0.8500000000000001,2.5541279387643523,0.315090876370668,High Risk,Medium Profit,0,0
4.0,25781.0,98.0,3.0,2.0,1.05,43.17,1546.0,127.0,5482.59,780.0,426.0,213.0,33672.6,18390.42,9195.21,0.260186133980751,0.359269827604294,0.31,9.0,2.66,566.58,2086.37,2375.4,1297.33,2932.6,0.09,0.55,0.3,0.15,66740.82,8691.7,13.023064445417361,43.17,5.622056921086676,1,1,0.8500000000000001,5.175968089237177,0.380544038414955,Low Risk,Medium Profit,1,1
4.0,25591.0,169.0,0.0,0.0,1.0,31.33,1419.0,226.0,7080.58,656.0,358.0,179.0,20552.48,11216.14,5608.07,0.243087902143598,0.432264998438768,0.32,3.0,0.89,159.31,2298.69,95.51,52.12,1661.33,0.19,0.55,0.3,0.15,44457.27,4107.65,9.239546197955924,31.33,2.894749823819591,0,0,0.8500000000000001,10.428284476806226,0.32464709941763403,Low Risk,Medium Profit,3,0
4.0,25935.0,101.0,2.0,3.0,1.04,34.42,956.0,45.0,1548.9,501.0,273.0,137.0,17244.42,9396.66,4715.54,0.283478420670144,0.258798870642204,0.29,9.0,2.66,364.42,708.97,2892.28,1576.03,1793.99,0.05,0.55,0.3,0.15,32905.52,6971.2699999999995,21.18571595282494,34.419999999999995,7.292123430962342,0,1,0.8500000000000001,4.922863728664727,0.45772270868765197,Low Risk,High Profit,0,1
4.0,25131.0,106.0,1.0,2.0,1.05,36.41,541.0,78.0,2839.98,255.0,139.0,69.0,9284.55,5060.99,2512.29,0.351876991952304,0.454915027273819,0.33,5.0,1.48,102.12,548.71,-1270.05,-692.3,383.27,0.17,0.55,0.3,0.15,19697.809999999998,-1030.37,-5.230886073121834,36.41,-1.9045656192236597,0,0,0.8500000000000001,3.7531335683509592,0.19320798077387702,Low Risk,Low Profit,0,0
4.0,26110.0,49.0,1.0,2.0,1.05,35.71,1487.0,325.0,11605.75,639.0,349.0,174.0,22818.69,12462.79,6213.54,0.380318438797258,0.490250560082495,0.32,7.0,2.07,360.18,1502.14,-4348.53,-2375.02,444.04,0.28,0.55,0.3,0.15,53100.770000000004,-4777.37,-8.996799858081154,35.71,-3.21275722932078,1,0,0.8500000000000001,1.2328280304292298,0.12943100112024697,Low Risk,Low Profit,2,0
4.0,25639.0,54.0,1.0,0.0,1.0,31.51,1902.0,482.0,15187.82,781.0,426.0,213.0,24609.31,13423.26,6711.63,0.388843120273668,0.536920781154186,0.32,10.0,2.95,628.35,1127.48,-5601.13625,-3090.4475,-130.1,0.34,0.55,0.3,0.15,59932.020000000004,-7694.203750000001,-12.83821861836127,31.51,-4.045322686645637,1,0,0.8500000000000001,-0.20705021086973818,0.07423609857214597,Low Risk,Low Profit,2,0
4.0,26471.0,103.0,1.0,2.0,1.05,39.24,545.0,91.0,3570.84,250.0,136.0,68.0,9810.0,5336.64,2668.32,0.383506984834094,0.549688297254033,0.28,6.0,1.77,120.36,238.55,-2091.45,-1137.75,57.9,0.2,0.55,0.3,0.15,21385.8,-2932.7499999999995,-13.713538890291687,39.24,-5.381192660550458,0,0,0.8500000000000001,0.4810568295114656,0.06680471791187292,Low Risk,Low Profit,0,0
4.0,25539.0,168.0,0.0,2.0,1.05,44.31,993.0,106.0,4696.86,488.0,266.0,133.0,21623.28,11786.46,5893.23,0.226003334764391,0.433048424171284,0.27,6.0,1.77,235.41,1601.39,1534.13,836.23,1773.88,0.12,0.55,0.3,0.15,43999.83,5745.630000000001,13.058300452524477,44.31,5.786132930513596,0,1,0.8500000000000001,7.535278875153987,0.340948241064325,Low Risk,Medium Profit,3,1
4.0,26082.0,104.0,3.0,1.0,1.03,44.67,1615.0,185.0,8263.95,787.0,429.0,214.0,35155.29,19163.43,9559.38,0.205233752653003,0.39976404812187,0.3,12.0,3.54,757.56,3264.28,3339.83,1820.57,3018.42,0.13,0.55,0.3,0.15,72142.05,11443.1,15.861900237101661,44.67,7.085510835913313,1,1,0.8500000000000001,3.98439727546333,0.395002199225127,High Risk,High Profit,1,1
4.0,25981.0,168.0,0.0,0.0,1.0,30.58,533.0,77.0,2354.66,251.0,137.0,68.0,7675.58,4189.46,2079.44,0.233391352258623,0.369862145278603,0.31,7.0,2.07,140.76,934.2,665.83,363.42,684.25,0.17,0.55,0.3,0.15,16299.140000000001,2647.7000000000003,16.24441534952151,30.580000000000002,4.967542213883678,0,0,0.8500000000000001,4.861111111111112,0.396746502462774,Low Risk,High Profit,0,0
4.0,26288.0,174.0,0.0,0.0,1.0,42.78,1287.0,138.0,5903.64,632.0,345.0,172.0,27036.96,14759.1,7358.16,0.215248873904347,0.37668758155778,0.31,10.0,2.95,507.4,2409.06,2651.34,1447.33,2495.2,0.12,0.55,0.3,0.15,55057.86,9002.93,16.351761583178135,42.78,6.995283605283605,1,1,0.8500000000000001,4.917619235317304,0.4080635445378731,Low Risk,High Profit,1,1
4.0,25315.0,100.0,0.0,2.0,1.05,38.18,1620.0,186.0,7101.48,789.0,430.0,215.0,30124.02,16417.4,8208.7,0.268077057916671,0.382454255479388,0.31,14.0,4.13,887.95,2481.74,1188.96,647.97,1980.73,0.13,0.55,0.3,0.15,61851.600000000006,6299.4,10.184700153270084,38.18000000000001,3.8885185185185183,1,1,0.8500000000000001,2.230677403006926,0.3494686866039409,High Risk,Medium Profit,1,1
4.0,25739.0,98.0,0.0,2.0,1.05,47.19,905.0,89.0,4199.91,449.0,245.0,122.0,21188.31,11561.55,5757.18,0.205470814295113,0.378765724389814,0.27,17.0,5.02,612.44,1746.17,3088.48,1685.25,1781.19,0.11,0.55,0.3,0.15,42706.950000000004,8301.09,19.437328116383863,47.190000000000005,9.172475138121547,0,1,0.8500000000000001,2.9083502057344393,0.415763461315073,High Risk,High Profit,0,1
4.0,26252.0,103.0,0.0,0.0,1.0,42.21,1414.0,151.0,6373.71,695.0,379.0,189.0,29335.95,15997.59,7977.69,0.253951702620834,0.41522876501549,0.28,6.0,1.77,334.53,2108.55,1490.84,812.99,2304.65,0.12,0.55,0.3,0.15,59684.94,6717.030000000001,11.254145518115626,42.21,4.750374823196606,1,1,0.8500000000000001,6.889217708426749,0.330819532363676,Low Risk,Medium Profit,1,1
4.0,25887.0,175.0,0.0,1.0,1.03,37.46,773.0,106.0,3970.76,367.0,200.0,100.0,13747.82,7492.0,3746.0,0.276952433399856,0.35245865508914,0.27,3.0,0.89,89.0,1471.52,1382.88,753.61,1299.23,0.16,0.55,0.3,0.15,28956.58,4907.24,16.946890827577015,37.46,6.348305304010349,0,0,0.8500000000000001,14.59808988764045,0.37058891151100404,Low Risk,High Profit,3,0
4.0,25714.0,150.0,1.0,3.0,1.04,46.29,617.0,123.0,5693.67,272.0,148.0,74.0,12590.88,6850.92,3425.46,0.373254712729249,0.484985151165165,0.28,12.0,3.54,261.96,807.14,-1740.56,-947.07,223.63,0.25,0.55,0.3,0.15,28560.93,-1656.8600000000001,-5.801141629491758,46.29,-2.6853484602917344,0,0,0.8500000000000001,0.8536799511375783,0.14176013610558602,High Risk,Low Profit,0,0
4.0,26134.0,49.0,0.0,2.0,1.05,34.23,761.0,127.0,4347.21,349.0,190.0,95.0,11946.27,6503.7,3251.85,0.230217788554728,0.36566522968933,0.29,15.0,4.43,420.85,1756.78,1363.27,742.18,893.28,0.2,0.55,0.3,0.15,26049.03,4755.51,18.25599648048315,34.23,6.249027595269383,0,0,0.8500000000000001,2.122561482713556,0.404116981755942,High Risk,High Profit,0,0
4.0,25822.0,60.0,3.0,3.0,1.04,36.27,623.0,61.0,2212.47,309.0,169.0,84.0,11207.43,6129.63,3046.68,0.25074455788359,0.400507799116895,0.27,3.0,0.89,74.76,771.59,882.56,482.69,987.76,0.11,0.55,0.3,0.15,22596.21,3124.6000000000004,13.827982657268635,36.269999999999996,5.015409309791333,0,0,0.8500000000000001,13.212413055109684,0.348747642999515,Low Risk,Medium Profit,3,0
4.0,25932.0,52.0,3.0,2.0,1.05,36.85,586.0,67.0,2468.95,285.0,156.0,78.0,10502.25,5748.6,2874.3,0.213268913924694,0.407166295778006,0.31,5.0,1.48,115.44,937.13,730.59,399.9,975.54,0.13,0.55,0.3,0.15,21594.100000000002,3043.16,14.092553058474303,36.85,5.193105802047781,0,0,0.8500000000000001,8.4506237006237,0.37956479029730006,Low Risk,Medium Profit,0,0
4.0,26017.0,47.0,0.0,0.0,1.0,37.8,1640.0,226.0,8542.8,778.0,424.0,212.0,29408.4,16027.2,8013.6,0.239885733164847,0.439995340863243,0.3,6.0,1.77,375.24,2734.71,591.67,322.45,2190.07,0.16,0.55,0.3,0.15,61991.99999999999,5838.9,9.418795973674023,37.8,3.5603048780487803,1,1,0.8500000000000001,5.836451337810468,0.32011892597191005,Low Risk,Medium Profit,1,1
4.0,25044.0,102.0,0.0,3.0,1.04,33.95,764.0,111.0,3768.45,359.0,196.0,98.0,12188.05,6654.2,3327.1,0.268164317701012,0.374643553234637,0.32,9.0,2.66,260.68,1346.06,453.3,247.48,927.73,0.17,0.55,0.3,0.15,25937.8,2974.5699999999997,11.468089043789373,33.949999999999996,3.893416230366492,0,0,0.8500000000000001,3.5588844560380544,0.35719212906435094,Low Risk,Medium Profit,0,0
4.0,26137.0,48.0,0.0,3.0,1.04,39.63,1415.0,162.0,6420.06,689.0,376.0,188.0,27305.07,14900.88,7450.44,0.255555464010686,0.416871739597991,0.33,8.0,2.36,443.68,2103.04,-66.27,-36.17,1996.88,0.13,0.55,0.3,0.15,56076.45,3997.48,7.128625296358811,39.629999999999995,2.8250742049469966,1,0,0.8500000000000001,4.500721240533718,0.327572796391323,Low Risk,Medium Profit,1,0
4.0,26664.0,158.0,1.0,3.0,1.04,36.95,1303.0,277.0,10235.15,564.0,308.0,154.0,20839.8,11380.6,5690.3,0.378453951561823,0.458881443110295,0.31,11.0,3.25,500.5,1664.9,-3070.44,-1676.77,425.11,0.27,0.55,0.3,0.15,48145.85,-2657.2,-5.519063429142906,36.949999999999996,-2.0392939370683036,1,0,0.8500000000000001,0.8493706293706293,0.16266460532788196,High Risk,Low Profit,2,0
4.0,25252.0,175.0,3.0,3.0,1.04,33.06,561.0,55.0,1818.3,278.0,152.0,76.0,9190.68,5025.12,2512.56,0.252470248676837,0.392187587521039,0.32,15.0,4.43,336.68,646.12,324.82,177.6,556.14,0.11,0.55,0.3,0.15,18546.66,1704.6799999999998,9.191304525990123,33.06,3.0386452762923346,0,0,0.8500000000000001,1.6518355708684804,0.355342163802124,High Risk,Medium Profit,0,0
4.0,26344.0,102.0,3.0,3.0,1.04,44.93,1297.0,96.0,4313.28,661.0,360.0,180.0,29698.73,16174.8,8087.4,0.2715962324664,0.416869679139927,0.3,8.0,2.36,424.8,1343.73,342.55,186.56,2094.7,0.08,0.55,0.3,0.15,58274.21,3967.54,6.808397745760947,44.93,3.059013107170393,1,0,0.8500000000000001,4.931026365348399,0.311534088393673,Low Risk,Medium Profit,1,0
4.0,26261.0,55.0,3.0,3.0,1.04,35.8,578.0,71.0,2541.8,279.0,152.0,76.0,9988.2,5441.6,2720.8,0.202562803775072,0.444152637058869,0.29,9.0,2.66,202.16,897.98,632.1,344.37,759.06,0.14,0.55,0.3,0.15,20692.399999999998,2633.5099999999998,12.72694322553208,35.8,4.556245674740484,0,0,0.8500000000000001,3.7547487138899878,0.35328455916605905,Low Risk,Medium Profit,0,0
4.0,26304.0,103.0,1.0,3.0,1.04,34.19,1016.0,183.0,6256.77,458.0,250.0,125.0,15659.02,8547.5,4273.75,0.384006747975945,0.516593751544133,0.32,17.0,5.02,627.5,621.92,-3454.39,-1885.58,-202.69,0.22,0.55,0.3,0.15,34737.04,-4920.739999999999,-14.165685965182984,34.19,-4.843248031496062,0,0,0.8500000000000001,-0.3230119521912351,0.09939950047992197,High Risk,Low Profit,2,0
4.0,26264.0,156.0,3.0,2.0,1.05,36.64,980.0,97.0,3554.08,486.0,265.0,132.0,17807.04,9709.6,4836.48,0.206409751083702,0.390127849741839,0.3,7.0,2.07,273.24,1433.94,1842.36,1004.58,1678.1,0.11,0.55,0.3,0.15,35907.2,5958.98,16.595501737813027,36.64,6.080591836734693,0,1,0.8500000000000001,6.141487337139511,0.40346239917445903,Low Risk,High Profit,0,1
4.0,26455.0,45.0,0.0,3.0,1.04,43.12,527.0,80.0,3449.6,246.0,134.0,67.0,10607.52,5778.08,2889.04,0.26350287489593,0.391973115503788,0.29,7.0,2.07,138.69,1188.47,578.36,315.04,856.65,0.18,0.55,0.3,0.15,22724.24,2938.52,12.931213541134928,43.120000000000005,5.575939278937382,0,0,0.8500000000000001,6.17672507030067,0.34452400960028196,Low Risk,Medium Profit,0,0
4.0,26428.0,56.0,2.0,2.0,1.05,35.81,1422.0,105.0,3760.05,724.0,395.0,198.0,25926.44,14144.95,7090.38,0.296076073311269,0.24523503716918582,0.3,8.0,2.36,467.28,1832.82,4859.78,2651.4,2988.89,0.08,0.55,0.3,0.15,50921.82,12332.89,24.219263961892956,35.81,8.672918424753867,1,1,0.8500000000000001,6.396357644239,0.4586888895195451,Low Risk,High Profit,1,1
4.0,25836.0,61.0,0.0,1.0,1.03,34.88,601.0,59.0,2057.92,298.0,163.0,81.0,10394.24,5685.44,2825.28,0.243954891506583,0.390905472170562,0.31,6.0,1.77,143.37,751.43,573.13,313.49,888.25,0.11,0.55,0.3,0.15,20962.879999999997,2526.3,12.051302111160302,34.879999999999995,4.203494176372712,0,0,0.8500000000000001,6.195508125828276,0.36513963632285495,Low Risk,Medium Profit,0,0
4.0,25838.0,45.0,1.0,0.0,1.0,32.01,1516.0,242.0,7746.42,701.0,382.0,191.0,22439.01,12227.82,6113.91,0.375022406829521,0.47810488587711,0.32,9.0,2.66,508.06,1137.74,-3884.81,-2116.97,389.91,0.19,0.55,0.3,0.15,48527.16,-4474.129999999999,-9.219847194849233,32.010000000000005,-2.9512730870712396,1,0,0.8500000000000001,0.7674487265283628,0.1468727072933691,Low Risk,Low Profit,2,0
4.0,25397.0,151.0,3.0,2.0,1.05,36.9,944.0,101.0,3726.9,464.0,253.0,126.0,17121.6,9335.7,4649.4,0.207561242450029,0.427623540931381,0.31,15.0,4.43,558.18,1359.63,938.52,511.74,1137.99,0.12,0.55,0.3,0.15,34833.6,3947.88,11.33354003031556,36.9,4.182076271186441,0,0,0.8500000000000001,2.0387509405568096,0.36481521661859007,High Risk,Medium Profit,0,0
4.0,25824.0,56.0,2.0,1.0,1.03,34.11,1304.0,50.0,1705.5,690.0,376.0,188.0,23535.9,12825.36,6412.68,0.266505319287535,0.293576010724064,0.3,12.0,3.54,665.52,750.28,3293.11,1794.51,2155.54,0.04,0.55,0.3,0.15,44479.44,7993.4400000000005,17.971089564077243,34.11,6.129938650306749,0,1,0.8500000000000001,3.2388808751051807,0.439918669988401,High Risk,High Profit,1,1
4.0,26069.0,46.0,2.0,2.0,1.05,36.49,673.0,32.0,1167.68,353.0,192.0,96.0,12880.97,7006.08,3503.04,0.283546177088283,0.24523503716918582,0.31,8.0,2.36,226.56,575.96,2360.41,1283.85,1501.31,0.05,0.55,0.3,0.15,24557.77,5721.529999999999,23.298247357150096,36.49,8.50153046062407,0,1,0.8500000000000001,6.626544844632768,0.4712187857425312,Low Risk,High Profit,0,1
4.0,25182.0,155.0,3.0,2.0,1.05,36.11,871.0,100.0,3611.0,424.0,231.0,116.0,15310.64,8341.41,4188.76,0.210995952431113,0.449590543820523,0.33,18.0,5.31,615.96,1225.62,144.13,78.52,805.76,0.13,0.55,0.3,0.15,31451.809999999998,2254.0299999999997,7.166614576394808,36.11,2.5878645235361653,0,0,0.8500000000000001,1.3081368920059744,0.339413503748364,High Risk,Medium Profit,0,0
4.0,25627.0,60.0,3.0,0.0,1.0,41.78,822.0,88.0,3676.64,404.0,220.0,110.0,16879.12,9191.6,4595.8,0.229561720807105,0.378747975663282,0.28,12.0,3.54,389.4,1440.1,1885.23,1026.61,1410.73,0.12,0.55,0.3,0.15,34343.16,5762.67,16.7796731576244,41.78,7.010547445255474,0,1,0.8500000000000001,3.6228299948638933,0.391690303529613,High Risk,High Profit,0,1
4.0,25858.0,46.0,3.0,0.0,1.0,30.34,1390.0,181.0,5491.54,665.0,363.0,181.0,20176.1,11013.42,5491.54,0.233027175273746,0.432163921068422,0.28,9.0,2.66,481.46,1838.62,1105.83,603.63,1357.16,0.15,0.55,0.3,0.15,42172.6,4905.24,11.631343573789616,30.34,3.52894964028777,0,0,0.8500000000000001,2.8188426868275664,0.334808903657832,Low Risk,Medium Profit,0,0
4.0,25793.0,54.0,3.0,1.0,1.03,44.46,1322.0,109.0,4846.14,667.0,364.0,182.0,29654.82,16183.44,8091.72,0.220565613862127,0.364827864221297,0.32,9.0,2.66,484.12,2009.24,2805.54,1531.06,2870.76,0.09,0.55,0.3,0.15,58776.12,9216.6,15.680858144430085,44.46,6.971709531013616,1,1,0.8500000000000001,5.929852102784434,0.414606521916576,Low Risk,High Profit,1,1
4.0,25874.0,104.0,0.0,2.0,1.05,37.47,1752.0,201.0,7531.47,853.0,465.0,233.0,31961.91,17423.55,8730.51,0.26584056744352,0.435349240200594,0.32,11.0,3.25,757.25,2250.48,-677.27,-369.2,1851.52,0.13,0.55,0.3,0.15,65647.43999999999,3055.5299999999997,4.654454156932852,37.46999999999999,1.7440239726027396,1,0,0.8500000000000001,2.4450577748431828,0.2988101923558859,High Risk,Low Profit,2,0
4.0,26155.0,172.0,0.0,3.0,1.04,32.14,1366.0,208.0,6685.12,637.0,347.0,174.0,20473.18,11152.58,5592.36,0.275439679753035,0.368579049757682,0.3,17.0,5.02,873.48,2379.78,1146.11,624.34,1117.3,0.18,0.55,0.3,0.15,43903.24,5267.530000000001,11.998043880132766,32.14,3.856171303074671,0,1,0.8500000000000001,1.2791363282502175,0.35598127048928296,High Risk,Medium Profit,0,1
4.0,26398.0,157.0,0.0,2.0,1.05,33.94,1485.0,182.0,6177.08,717.0,391.0,195.0,24334.98,13270.54,6618.3,0.214547459892929,0.38085606188979,0.31,14.0,4.13,805.35,2499.22,2302.0,1255.35,1872.39,0.14,0.55,0.3,0.15,50400.9,7928.96,15.731782567374788,33.94,5.339367003367004,1,1,0.8500000000000001,2.324939467312349,0.40459647821728106,High Risk,High Profit,1,1
4.0,26361.0,51.0,1.0,0.0,1.0,39.28,1715.0,273.0,10723.44,793.0,433.0,216.0,31149.04,17008.24,8484.48,0.371044463047292,0.529919120436534,0.27,18.0,5.31,1146.96,1062.01,-5325.35,-2907.79,-306.69,0.19,0.55,0.3,0.15,67365.2,-7477.82,-11.10041980132175,39.28,-4.360244897959183,1,0,0.8500000000000001,-0.26739380623561415,0.09903641651617401,High Risk,Low Profit,2,0
4.0,25484.0,104.0,1.0,0.0,1.0,43.35,1617.0,343.0,14869.05,701.0,382.0,191.0,30388.35,16559.7,8279.85,0.389593648060691,0.469132607383654,0.31,13.0,3.84,733.44,2100.61,-5127.31,-2794.06,436.29,0.27,0.55,0.3,0.15,70096.95,-5384.47,-7.681461176270865,43.35,-3.32991341991342,1,0,0.8500000000000001,0.5948543848167539,0.141273744555655,High Risk,Low Profit,2,0
4.0,26548.0,100.0,0.0,3.0,1.04,40.76,799.0,79.0,3220.04,396.0,216.0,108.0,16140.96,8804.16,4402.08,0.27363631747663,0.390719757275656,0.31,13.0,3.84,414.72,1080.79,413.92,225.77,1062.81,0.11,0.55,0.3,0.15,32567.239999999998,2783.29,8.54628761909207,40.76,3.4834668335419274,0,0,0.8500000000000001,2.5627170138888884,0.335643925247714,High Risk,Medium Profit,0,0
4.0,26366.0,48.0,3.0,0.0,1.0,36.78,773.0,76.0,2795.28,383.0,209.0,105.0,14086.74,7687.02,3861.9,0.211343498751521,0.407948419544846,0.28,14.0,4.13,433.65,1064.19,1418.65,774.15,1036.61,0.11,0.55,0.3,0.15,28430.940000000002,4293.6,15.101857342739985,36.78,5.554463130659768,0,0,0.8500000000000001,2.3904300703332177,0.380708081703633,High Risk,High Profit,0,0
4.0,26608.0,50.0,3.0,0.0,1.0,36.8,661.0,54.0,1987.2,334.0,182.0,91.0,12291.2,6697.6,3348.8,0.244970485251397,0.350810357718728,0.3,6.0,1.77,161.07,803.26,1280.98,698.02,1192.58,0.09,0.55,0.3,0.15,24324.8,3974.8399999999997,16.340689337630728,36.8,6.013373676248109,0,0,0.8500000000000001,7.404110014279506,0.404219157029875,Low Risk,High Profit,0,0
4.0,25191.0,157.0,3.0,3.0,1.04,43.31,809.0,93.0,4027.83,394.0,215.0,107.0,17064.14,9311.65,4634.17,0.21593373876065,0.364275915338658,0.28,13.0,3.84,410.88,1690.84,2385.4,1301.68,1534.5,0.13,0.55,0.3,0.15,35037.79,6912.42,19.728470317334512,43.31,8.544400494437577,0,1,0.8500000000000001,3.7346670560747666,0.419790345900692,High Risk,High Profit,0,1
4.0,26056.0,157.0,3.0,1.0,1.03,44.7,661.0,60.0,2682.0,331.0,180.0,90.0,14795.7,8046.0,4023.0,0.209457493200898,0.384090273454785,0.29,5.0,1.48,133.2,1090.1,1722.99,936.97,1501.96,0.1,0.55,0.3,0.15,29546.7,5252.02,17.775318394270766,44.7,7.945567322239032,0,1,0.8500000000000001,11.275975975975976,0.406452233344317,Low Risk,High Profit,3,1
4.0,25561.0,154.0,3.0,1.0,1.03,33.82,765.0,69.0,2333.58,383.0,209.0,104.0,12953.06,7068.38,3517.28,0.24942880243063,0.417320055817254,0.27,12.0,3.54,368.16,777.67,819.3,447.08,803.98,0.1,0.55,0.3,0.15,25872.3,2848.0299999999997,11.008027890833052,33.82,3.7229150326797384,0,0,0.8500000000000001,2.1837787918296394,0.333251141752116,High Risk,Medium Profit,0,0
4.0,26206.0,174.0,2.0,2.0,1.05,38.27,492.0,23.0,880.21,258.0,141.0,70.0,9873.66,5396.07,2678.9,0.278013643261511,0.24523503716918582,0.29,18.0,5.31,371.7,454.55,2235.54,1221.75,1011.72,0.05,0.55,0.3,0.15,18828.84,4923.56,26.149035203443233,38.27,10.007235772357724,0,0,0.8500000000000001,2.7218724778046814,0.47675131956930317,High Risk,High Profit,0,0
4.0,25884.0,170.0,3.0,0.0,1.0,40.79,755.0,92.0,3752.68,365.0,199.0,99.0,14888.35,8117.21,4038.21,0.260912698004395,0.355794575531036,0.29,15.0,4.43,438.57,1438.37,1388.97,757.28,1109.25,0.14,0.55,0.3,0.15,30796.449999999997,4693.87,15.241594404549877,40.79,6.217046357615894,0,0,0.8500000000000001,2.5292427662630823,0.383292726464569,High Risk,High Profit,0,0
4.0,26695.0,155.0,1.0,2.0,1.05,43.8,801.0,155.0,6789.0,355.0,194.0,97.0,15549.0,8497.2,4248.6,0.384673320793081,0.4865216211183,0.31,15.0,4.43,429.71,874.46,-2817.4,-1539.65,117.53,0.24,0.55,0.3,0.15,35083.8,-3365.06,-9.591492369697695,43.800000000000004,-4.201073657927591,0,0,0.8500000000000001,0.27351004165600057,0.12880505808861908,High Risk,Low Profit,2,0
4.0,25523.0,61.0,3.0,3.0,1.04,39.26,1523.0,125.0,4907.5,769.0,419.0,210.0,30190.94,16449.94,8244.6,0.245123394969851,0.414689913997427,0.28,5.0,1.48,310.8,1669.47,1817.09,990.07,2493.9,0.09,0.55,0.3,0.15,59792.98,6970.530000000001,11.657773203476394,39.260000000000005,4.576841759684833,1,1,0.8500000000000001,8.024131274131275,0.34018669103272203,Low Risk,Medium Profit,1,1
4.0,25926.0,56.0,1.0,1.0,1.03,35.24,1402.0,298.0,10501.52,607.0,331.0,166.0,21390.68,11664.44,5849.84,0.357645330461673,0.513063861546107,0.29,11.0,3.25,539.5,1357.75,-3437.68,-1874.58,216.83,0.27,0.55,0.3,0.15,49406.479999999996,-3737.68,-7.565161492986346,35.239999999999995,-2.6659629101283877,1,0,0.8500000000000001,0.4019091751621872,0.12929080799222004,High Risk,Low Profit,2,0
4.0,26048.0,176.0,3.0,1.0,1.03,41.53,544.0,58.0,2408.74,267.0,146.0,73.0,11088.51,6063.38,3031.69,0.201183567494154,0.428493036120199,0.32,9.0,2.66,194.18,892.01,558.01,305.13,928.53,0.12,0.55,0.3,0.15,22592.32,2683.6800000000003,11.878726930213453,41.53,4.933235294117647,0,0,0.8500000000000001,4.7818003913894325,0.37032339638564693,Low Risk,Medium Profit,0,0
4.0,26278.0,57.0,1.0,3.0,1.04,32.39,1420.0,246.0,7967.94,646.0,352.0,176.0,20923.94,11401.28,5700.64,0.353880775603466,0.513588660839014,0.33,10.0,2.95,519.2,1056.0,-4131.84,-2251.4,236.31,0.21,0.55,0.3,0.15,45993.799999999996,-5090.929999999999,-11.068731002874301,32.38999999999999,-3.5851619718309853,1,0,0.8500000000000001,0.4551425269645608,0.13253056355752002,Low Risk,Low Profit,2,0
4.0,26240.0,45.0,3.0,1.0,1.03,44.24,1665.0,178.0,7874.72,818.0,446.0,223.0,36188.32,19731.04,9865.52,0.229306232444942,0.405727084749378,0.31,11.0,3.25,724.75,2874.01,1989.15,1084.55,2875.84,0.12,0.55,0.3,0.15,73659.6,8823.55,11.97881878261625,44.24,5.299429429429429,1,1,0.8500000000000001,3.968044153156261,0.36496668280568,High Risk,Medium Profit,1,1
4.0,26049.0,174.0,1.0,3.0,1.04,42.53,811.0,205.0,8718.65,333.0,182.0,91.0,14162.49,7740.46,3870.23,0.395120665139984,0.492510938178748,0.28,3.0,0.89,80.99,979.7,-2374.08,-1297.55,353.9,0.34,0.55,0.3,0.15,34491.83,-2338.0299999999997,-6.778503779010854,42.53,-2.8828976572133165,0,0,0.8500000000000001,4.369675268551673,0.11236839668126797,Low Risk,Low Profit,0,0
4.0,26051.0,169.0,1.0,3.0,1.04,38.36,1671.0,395.0,15152.2,702.0,383.0,191.0,26928.72,14691.88,7326.76,0.353888594929595,0.531871801638044,0.27,12.0,3.54,676.14,1730.98,-4194.43,-2288.41,160.87,0.31,0.55,0.3,0.15,64099.56,-4590.990000000001,-7.16228005309241,38.36,-2.747450628366248,1,0,0.8500000000000001,0.23792409855946994,0.11423960343236095,High Risk,Low Profit,2,0
4.0,26418.0,102.0,3.0,3.0,1.04,43.92,959.0,110.0,4831.2,467.0,255.0,127.0,20510.64,11199.6,5577.84,0.254194249343127,0.394716511690058,0.32,3.0,0.89,113.03,1696.18,637.66,348.19,1845.29,0.13,0.55,0.3,0.15,42119.28,4527.32,10.748806722242165,43.92,4.720875912408759,0,0,0.8500000000000001,16.3256657524551,0.351089238966815,Low Risk,Medium Profit,3,0
4.0,26029.0,173.0,3.0,2.0,1.05,38.48,1000.0,99.0,3809.52,496.0,270.0,135.0,19086.08,10389.6,5194.8,0.269834992289543,0.40424062886741,0.33,5.0,1.48,199.8,1241.62,-77.79,-42.34,1493.31,0.11,0.55,0.3,0.15,38480.00000000001,2614.8,6.7952182952182945,38.480000000000004,2.6148000000000002,0,0,0.8500000000000001,7.474024024024024,0.32592437884304704,Low Risk,Medium Profit,0,0
4.0,25019.0,51.0,0.0,3.0,1.04,39.08,1642.0,149.0,5822.92,821.0,448.0,224.0,32084.68,17507.84,8753.92,0.229025999736041,0.363543053902686,0.28,13.0,3.84,860.16,2372.44,4088.58,2231.04,2706.46,0.1,0.55,0.3,0.15,64169.36,11398.52,17.763181680478034,39.08,6.941851400730816,1,1,0.8500000000000001,3.146461123511905,0.40743094636127297,High Risk,High Profit,1,1
4.0,25008.0,54.0,2.0,0.0,1.0,33.6,1402.0,115.0,3864.0,708.0,386.0,193.0,23788.8,12969.6,6484.8,0.296795365330763,0.275661605480127,0.28,6.0,1.77,341.61,1652.03,3509.87,1913.57,2430.92,0.09,0.55,0.3,0.15,47107.200000000004,9506.39,20.180333367298413,33.6,6.780592011412268,1,1,0.8500000000000001,7.116068030795351,0.42754302918911,Low Risk,High Profit,3,1
4.0,25168.0,173.0,3.0,0.0,1.0,36.66,441.0,40.0,1466.4,221.0,120.0,60.0,8101.86,4399.2,2199.6,0.269316739570349,0.397792466287501,0.3,3.0,0.89,53.4,488.15,266.48,144.69,678.83,0.1,0.55,0.3,0.15,16167.06,1578.15,9.761515080664019,36.66,3.5785714285714287,0,0,0.8500000000000001,12.712172284644195,0.33289079414214995,Low Risk,Medium Profit,3,0
4.0,25575.0,151.0,2.0,1.0,1.03,46.05,1595.0,118.0,5433.9,812.0,443.0,222.0,37392.6,20400.15,10223.1,0.262201234011445,0.24523503716918582,0.31,3.0,0.89,197.58,2887.12,5891.193749999999,3234.4325,5234.11,0.08,0.55,0.3,0.15,73449.75,17246.85625,23.48116399307009,46.05,10.813076018808777,1,1,0.8500000000000001,26.491092215811314,0.49256372881936916,Low Risk,High Profit,3,1
4.0,26181.0,101.0,3.0,2.0,1.05,39.53,1365.0,167.0,6601.51,659.0,359.0,180.0,26050.27,14191.27,7115.4,0.225995636582375,0.425437678606249,0.33,8.0,2.36,424.8,2301.07,483.67,263.48,2055.39,0.14,0.55,0.3,0.15,53958.450000000004,5103.610000000001,9.458407348617316,39.53,3.7389084249084252,1,1,0.8500000000000001,4.838488700564971,0.348566684811376,Low Risk,Medium Profit,1,1
4.0,26425.0,150.0,0.0,3.0,1.04,45.01,1064.0,138.0,6211.38,509.0,278.0,139.0,22910.09,12512.78,6256.39,0.219707919154316,0.39908913038671,0.31,11.0,3.25,451.75,2367.8,1631.27,890.95,1933.2,0.15,0.55,0.3,0.15,47890.64,6823.22,14.247502225904688,45.01,6.4128007518797,1,1,0.8500000000000001,4.279358052019923,0.381202950458974,High Risk,Medium Profit,0,1
4.0,26385.0,174.0,2.0,0.0,1.0,34.19,1437.0,106.0,3624.14,732.0,399.0,200.0,25027.08,13641.81,6838.0,0.29333988414146,0.2669478087686,0.31,14.0,4.13,826.0,1593.58,3246.32,1769.51,2180.75,0.08,0.55,0.3,0.15,49131.03,8790.16,17.89125935279598,34.19,6.1170215727209465,1,1,0.8500000000000001,2.640133171912833,0.43971230708994,High Risk,High Profit,1,1
4.0,26518.0,106.0,0.0,0.0,1.0,30.07,566.0,60.0,1804.2,278.0,152.0,76.0,8359.46,4570.64,2285.32,0.250124883279204,0.39169642527122,0.32,12.0,3.54,269.04,646.23,319.15,174.5,549.51,0.12,0.55,0.3,0.15,17019.62,1689.39,9.926132310827153,30.069999999999997,2.9847879858657245,0,0,0.8500000000000001,2.0424843889384476,0.3581786914495759,High Risk,Medium Profit,0,0
4.0,26213.0,60.0,3.0,1.0,1.03,34.81,1428.0,117.0,4072.77,721.0,393.0,197.0,25098.01,13680.33,6857.57,0.224662753120065,0.401254094415344,0.27,7.0,2.07,407.79,1523.55,2612.28,1423.89,2157.51,0.09,0.55,0.3,0.15,49708.68,7717.2300000000005,15.524914361033124,34.81,5.40422268907563,1,1,0.8500000000000001,5.290737879791069,0.374083152464591,Low Risk,High Profit,1,1
4.0,26037.0,48.0,3.0,0.0,1.0,41.15,1458.0,132.0,5431.8,729.0,398.0,199.0,29998.35,16377.7,8188.85,0.272327847611159,0.424706685147248,0.28,10.0,2.95,587.05,1645.65,688.93,376.12,1893.89,0.1,0.55,0.3,0.15,59996.700000000004,4604.59,7.674738777299418,41.150000000000006,3.1581550068587108,1,0,0.8500000000000001,3.226113618942169,0.3029654672415929,Low Risk,Medium Profit,1,0
4.0,26473.0,53.0,1.0,2.0,1.05,39.32,1364.0,338.0,13290.16,564.0,308.0,154.0,22176.48,12110.56,6055.28,0.360700103011914,0.503687460254878,0.3,15.0,4.43,682.22,1802.31,-3645.54,-1990.83,138.95,0.33,0.55,0.3,0.15,53632.479999999996,-3695.11,-6.889686995641448,39.32,-2.709024926686217,1,0,0.8500000000000001,0.20367330186743277,0.135612436733208,High Risk,Low Profit,2,0
4.0,25676.0,100.0,0.0,2.0,1.05,37.75,1449.0,231.0,8720.25,670.0,365.0,183.0,25292.5,13778.75,6908.25,0.232736262306571,0.377446999866515,0.28,12.0,3.54,647.82,3399.3,2777.54,1513.14,2045.13,0.19,0.55,0.3,0.15,54699.75,9735.11,17.797357391944203,37.75,6.7185024154589374,1,1,0.8500000000000001,3.1569417430767803,0.38981673782691406,High Risk,High Profit,1,1
4.0,26202.0,99.0,2.0,1.0,1.03,39.39,742.0,48.0,1890.72,382.0,208.0,104.0,15046.98,8193.12,4096.56,0.282787777285557,0.325283242308069,0.28,10.0,2.95,306.8,741.03,1684.19,917.05,1298.76,0.07,0.55,0.3,0.15,29227.38,4641.030000000001,15.879049028684749,39.39,6.254757412398923,0,0,0.8500000000000001,4.2332464146023465,0.39192898040637403,Low Risk,High Profit,0,0
4.0,26554.0,175.0,0.0,3.0,1.04,42.93,1272.0,146.0,6267.78,619.0,338.0,169.0,26573.67,14510.34,7255.17,0.259760280065238,0.409047899232246,0.33,17.0,5.02,848.38,2075.84,31.67,17.29,1554.47,0.13,0.55,0.3,0.15,54606.95999999999,3679.2700000000004,6.737730868006571,42.92999999999999,2.8925078616352207,1,0,0.8500000000000001,1.832280346071336,0.33119182070251596,High Risk,Medium Profit,2,0
4.0,25787.0,99.0,3.0,3.0,1.04,44.71,990.0,90.0,4023.9,495.0,270.0,135.0,22131.45,12071.7,6035.85,0.263192797061056,0.371279262425378,0.29,15.0,4.43,598.05,1470.85,1671.54,911.75,1608.22,0.1,0.55,0.3,0.15,44262.9,5662.36,12.792564427545413,44.71,5.719555555555555,0,1,0.8500000000000001,2.689106262018226,0.36552794051356596,High Risk,Medium Profit,0,1
4.0,26438.0,102.0,1.0,0.0,1.0,33.54,613.0,84.0,2817.36,291.0,159.0,79.0,9760.14,5332.86,2649.66,0.360813741094898,0.505782615067437,0.27,7.0,2.07,163.53,375.85,-1333.2,-728.45,189.94,0.16,0.55,0.3,0.15,20560.02,-1495.8600000000001,-7.275576580178425,33.54,-2.4402283849918436,0,0,0.8500000000000001,1.161499419066838,0.1334036438376649,Low Risk,Low Profit,0,0
4.0,25873.0,173.0,1.0,3.0,1.04,35.04,1885.0,339.0,11878.56,850.0,464.0,232.0,29784.0,16258.56,8129.28,0.354307648574468,0.476819817721844,0.32,4.0,1.18,273.76,2005.96,-4501.18,-2457.11,1099.05,0.22,0.55,0.3,0.15,66050.4,-3853.2799999999997,-5.833848091760232,35.04,-2.044180371352785,1,0,0.8500000000000001,4.0146478667445935,0.16887253370368804,Low Risk,Low Profit,2,0
4.0,26034.0,60.0,3.0,3.0,1.04,46.27,531.0,69.0,3192.63,254.0,139.0,69.0,11752.58,6431.53,3192.63,0.209463530443609,0.448409099434502,0.29,17.0,5.02,346.38,1092.29,612.63,335.26,745.91,0.15,0.55,0.3,0.15,24569.37,2786.09,11.339688400638682,46.269999999999996,5.246873822975518,0,0,0.8500000000000001,2.1534441942375424,0.342127370121889,High Risk,Medium Profit,0,0
4.0,25184.0,46.0,3.0,1.0,1.03,41.57,1243.0,152.0,6318.64,600.0,327.0,164.0,24942.0,13593.39,6817.48,0.227811310086399,0.426582223828882,0.28,16.0,4.72,774.08,2183.76,1636.36,891.81,1582.09,0.14,0.55,0.3,0.15,51671.509999999995,6294.02,12.18083233874915,41.56999999999999,5.063572003218021,1,1,0.8500000000000001,2.0438326787928895,0.345606466084719,High Risk,Medium Profit,1,1
4.0,25348.0,158.0,0.0,2.0,1.05,39.66,1327.0,221.0,8764.86,608.0,332.0,166.0,24113.28,13167.12,6583.56,0.260996655020863,0.356645783153363,0.32,5.0,1.48,245.68,3351.31,1503.65,821.07,2271.59,0.2,0.55,0.3,0.15,52628.82,7947.62,15.101269608552881,39.66,5.989163526752073,1,1,0.8500000000000001,9.246133181374146,0.38235756182577396,Low Risk,High Profit,3,1
4.0,25643.0,150.0,2.0,0.0,1.0,43.23,1096.0,62.0,2680.26,569.0,310.0,155.0,24597.87,13401.3,6700.65,0.29654417039128,0.272076312650461,0.31,15.0,4.43,686.65,1156.21,2985.68,1626.64,2203.87,0.06,0.55,0.3,0.15,47380.079999999994,7972.4,16.826480664448017,43.23,7.274087591240876,1,1,0.8500000000000001,3.209597320323309,0.43137951695825905,High Risk,High Profit,0,1
4.0,25226.0,152.0,0.0,3.0,1.04,37.52,767.0,105.0,3939.6,364.0,199.0,99.0,13657.28,7466.48,3714.48,0.238916006330401,0.408436138019897,0.29,17.0,5.02,496.98,1389.29,855.6,467.76,812.92,0.16,0.55,0.3,0.15,28777.84,3525.5699999999997,12.250988955390675,37.52,4.596571056062581,0,0,0.8500000000000001,1.635719747273532,0.352647855649702,High Risk,Medium Profit,0,0
4.0,26365.0,103.0,3.0,1.0,1.03,38.36,864.0,78.0,2992.08,432.0,236.0,118.0,16571.52,9052.96,4526.48,0.276877369564027,0.428101296280511,0.31,11.0,3.25,383.5,882.73,-248.22,-135.6,951.91,0.1,0.55,0.3,0.15,33143.03999999999,1450.82,4.377449986482834,38.35999999999999,1.6791898148148148,0,0,0.8500000000000001,2.4821642764015643,0.29502133415546195,High Risk,Low Profit,0,0
4.0,25635.0,168.0,3.0,3.0,1.04,40.27,1232.0,101.0,4067.27,622.0,339.0,170.0,25047.94,13651.53,6845.9,0.201740783452988,0.427386291883886,0.3,11.0,3.25,552.5,1508.44,1775.22,967.52,1986.46,0.09,0.55,0.3,0.15,49612.64,6237.64,12.572683090438245,40.269999999999996,5.063019480519481,1,1,0.8500000000000001,3.595402714932127,0.37087292466312605,High Risk,Medium Profit,1,1
4.0,25080.0,46.0,3.0,2.0,1.05,43.46,1609.0,132.0,5736.72,812.0,443.0,222.0,35289.52,19252.78,9648.12,0.23662826968357,0.389586268132552,0.27,7.0,2.07,459.54,2144.3,3662.54,1998.16,3146.79,0.09,0.55,0.3,0.15,69927.14,10951.79,15.661715894572554,43.46,6.806581727781231,1,1,0.8500000000000001,6.847695521608565,0.373785462183878,Low Risk,High Profit,1,1
4.0,26660.0,169.0,1.0,2.0,1.05,38.45,1361.0,217.0,8343.65,629.0,343.0,172.0,24185.05,13188.35,6613.4,0.380893691664096,0.473209341964684,0.31,5.0,1.48,254.56,1217.31,-3968.84,-2164.25,710.31,0.19,0.55,0.3,0.15,52330.45,-4205.470000000001,-8.036372704610798,38.449999999999996,-3.089985304922852,1,0,0.8500000000000001,2.79034412319296,0.14589696637121996,Low Risk,Low Profit,2,0
4.0,26328.0,174.0,0.0,1.0,1.03,36.91,1525.0,175.0,6459.25,743.0,405.0,202.0,27424.13,14948.55,7455.82,0.226427937857807,0.432532472116873,0.28,4.0,1.18,238.36,2202.86,1673.96,912.45,2304.37,0.13,0.55,0.3,0.15,56287.75000000001,7093.64,12.602457906027508,36.910000000000004,4.651567213114754,1,1,0.8500000000000001,9.667603624769255,0.34103959002532,Low Risk,Medium Profit,3,1
4.0,26084.0,102.0,0.0,2.0,1.05,40.42,1561.0,203.0,8205.26,747.0,407.0,204.0,30193.74,16450.94,8245.68,0.224783056583256,0.39191586538218,0.31,3.0,0.89,181.56,3145.09,2213.23,1205.87,2979.02,0.15,0.55,0.3,0.15,63095.62,9543.21,15.124995998137427,40.42,6.113523382447148,1,1,0.8500000000000001,16.407909231108174,0.38330107803456404,Low Risk,High Profit,3,1
4.0,26326.0,61.0,0.0,2.0,1.05,44.18,1483.0,134.0,5920.12,742.0,405.0,202.0,32781.56,17892.9,8924.36,0.2578007145226,0.38243853955064,0.29,11.0,3.25,656.5,2129.83,2286.87,1248.22,2554.13,0.1,0.55,0.3,0.15,65518.94,8219.05,12.5445405557538,44.18,5.542178017532029,1,1,0.8500000000000001,3.890525514089871,0.35976074592676,High Risk,Medium Profit,1,1
4.0,25680.0,46.0,0.0,2.0,1.05,37.7,991.0,121.0,4561.7,479.0,261.0,130.0,18058.3,9839.7,4901.0,0.219805196989328,0.412271771416999,0.31,7.0,2.07,269.1,1678.35,1045.99,569.95,1534.09,0.14,0.55,0.3,0.15,37360.7,4828.38,12.92368719001518,37.699999999999996,4.872230070635721,0,0,0.8500000000000001,5.700817539947974,0.367923031593673,Low Risk,Medium Profit,0,0
4.0,25990.0,155.0,0.0,2.0,1.05,41.45,841.0,134.0,5554.3,389.0,212.0,106.0,16124.05,8787.4,4393.7,0.258344795964658,0.386462966701947,0.32,17.0,5.02,532.12,1972.84,567.44,309.25,1028.49,0.19,0.55,0.3,0.15,34859.45,3878.0199999999995,11.124730883591107,41.449999999999996,4.611200951248513,0,0,0.8500000000000001,1.9328159061865744,0.355192237333395,High Risk,Medium Profit,0,0
4.0,26572.0,104.0,3.0,3.0,1.04,32.31,639.0,78.0,2520.18,309.0,168.0,84.0,9983.79,5428.08,2714.04,0.222789005693048,0.391756868897937,0.32,4.0,1.18,99.12,971.41,653.48,355.29,947.02,0.14,0.55,0.3,0.15,20646.090000000004,2927.2,14.177987212106501,32.31000000000001,4.580907668231611,0,0,0.8500000000000001,9.554277643260694,0.385454125409015,Low Risk,Medium Profit,0,0
4.0,26332.0,54.0,0.0,1.0,1.03,37.55,1449.0,210.0,7885.5,681.0,372.0,186.0,25571.55,13968.6,6984.3,0.27624335212633,0.388164146267809,0.28,9.0,2.66,494.76,2646.31,1421.59,776.55,1849.12,0.17,0.55,0.3,0.15,54409.950000000004,6693.57,12.302106508092727,37.550000000000004,4.61944099378882,1,1,0.8500000000000001,3.737408036219581,0.33559250160586096,Low Risk,Medium Profit,1,1
4.0,25626.0,57.0,0.0,2.0,1.05,31.84,1549.0,178.0,5667.52,754.0,411.0,206.0,24007.36,13086.24,6559.04,0.242263051830232,0.423438486363739,0.32,10.0,2.95,607.7,1894.64,343.27,187.11,1584.98,0.13,0.55,0.3,0.15,49320.16,4010.0,8.130549454827396,31.840000000000003,2.588766946417043,1,0,0.8500000000000001,2.608161922000987,0.33429846180602896,Low Risk,Medium Profit,1,0
4.0,26162.0,170.0,3.0,1.0,1.03,43.02,901.0,74.0,3183.48,455.0,248.0,124.0,19574.1,10668.96,5334.48,0.274492172040045,0.357641595508903,0.28,10.0,2.95,365.8,1171.09,1719.9,937.44,1596.58,0.09,0.55,0.3,0.15,38761.01999999999,5425.01,13.996045511702224,43.01999999999999,6.021098779134295,0,1,0.8500000000000001,4.364625478403499,0.367866232451052,Low Risk,Medium Profit,0,1
4.0,25950.0,61.0,3.0,3.0,1.04,40.48,1417.0,163.0,6598.24,690.0,376.0,188.0,27931.2,15220.48,7610.24,0.263979020509869,0.443158024945296,0.28,18.0,5.31,998.28,1932.38,359.28,195.78,1230.48,0.13,0.55,0.3,0.15,57360.159999999996,3717.92,6.481711348085501,40.48,2.6237967537050104,1,0,0.8500000000000001,1.2326000721240533,0.292862954544835,High Risk,Medium Profit,2,0
4.0,26474.0,158.0,0.0,1.0,1.03,40.01,656.0,100.0,4001.0,306.0,167.0,83.0,12243.06,6681.67,3320.83,0.215015463903546,0.429638663143851,0.28,4.0,1.18,97.94,1421.74,922.46,503.44,1082.1,0.18,0.55,0.3,0.15,26246.559999999998,3929.74,14.972400192634769,40.01,5.9904573170731705,0,0,0.8500000000000001,11.048601184398612,0.355345872952603,Low Risk,Medium Profit,3,0
4.0,26148.0,106.0,1.0,3.0,1.04,35.97,1488.0,194.0,6978.18,712.0,388.0,194.0,25610.64,13956.36,6978.18,0.386351230600849,0.524007843225263,0.27,15.0,4.43,859.42,625.53,-4619.11,-2517.16,-233.89,0.15,0.55,0.3,0.15,53523.36,-6744.63,-12.60128287910176,35.97,-4.532681451612904,1,0,0.8500000000000001,-0.2721486583975239,0.08964092617388797,High Risk,Low Profit,2,0
4.0,25262.0,56.0,2.0,3.0,1.04,46.27,1126.0,32.0,1480.64,602.0,328.0,164.0,27854.54,15176.56,7588.28,0.28876749642659,0.316839593322948,0.32,3.0,0.89,145.96,583.95,2072.18,1129.03,2846.8,0.03,0.55,0.3,0.15,52100.02,6631.96,12.729284940773535,46.269999999999996,5.889840142095915,1,1,0.8500000000000001,19.503973691422306,0.39439291025046197,Low Risk,Medium Profit,3,1
4.0,25721.0,47.0,0.0,1.0,1.03,44.47,1361.0,207.0,9205.29,635.0,346.0,173.0,28238.45,15386.62,7693.31,0.224978579562157,0.397193155204877,0.31,10.0,2.95,510.35,3478.02,1915.37,1043.65,2396.4,0.18,0.55,0.3,0.15,60523.670000000006,8833.439999999999,14.595017123052845,44.470000000000006,6.490404114621601,1,1,0.8500000000000001,4.695601058097384,0.377828265232966,Low Risk,Medium Profit,1,1
4.0,25105.0,173.0,0.0,3.0,1.04,44.69,1238.0,132.0,5899.08,608.0,332.0,166.0,27171.52,14837.08,7418.54,0.212421130873263,0.440803884435445,0.27,4.0,1.18,195.88,2045.65,2086.09,1139.12,2376.68,0.12,0.55,0.3,0.15,55326.22,7647.539999999999,13.822632379367322,44.69,6.177334410339256,1,1,0.8500000000000001,12.133346947110475,0.346774984691292,Low Risk,Medium Profit,3,1
4.0,26663.0,173.0,3.0,2.0,1.05,43.37,818.0,94.0,4076.78,398.0,217.0,109.0,17261.26,9411.29,4727.33,0.273267864510417,0.373013900662772,0.31,7.0,2.07,225.63,1442.03,754.63,411.44,1446.51,0.13,0.55,0.3,0.15,35476.659999999996,4054.6099999999997,11.428950752410175,43.37,4.956735941320293,0,0,0.8500000000000001,6.410982582103443,0.353718234826811,Low Risk,Medium Profit,0,0
4.0,26604.0,104.0,1.0,0.0,1.0,38.61,935.0,168.0,6486.48,422.0,230.0,115.0,16293.42,8880.3,4440.15,0.395717800490093,0.463533437135629,0.28,6.0,1.77,203.55,912.96,-2268.88,-1236.59,421.4,0.22,0.55,0.3,0.15,36100.35,-2171.11,-6.014096816235854,38.61,-2.322042780748663,0,0,0.8500000000000001,2.0702530090886757,0.14074876237427802,Low Risk,Low Profit,2,0
4.0,25544.0,59.0,3.0,0.0,1.0,37.56,1331.0,153.0,5746.68,648.0,353.0,177.0,24338.88,13258.68,6648.12,0.277365746442229,0.43348258768674,0.28,18.0,5.31,939.87,1661.66,222.74,121.34,982.44,0.13,0.55,0.3,0.15,49992.36000000001,2988.1800000000003,5.97727332736442,37.56000000000001,2.245063861758077,1,0,0.8500000000000001,1.0452934980369626,0.289151665871031,High Risk,Medium Profit,2,0
4.0,25222.0,61.0,2.0,2.0,1.05,44.92,665.0,43.0,1931.56,342.0,187.0,93.0,15362.64,8400.04,4177.56,0.284354734490626,0.24523503716918582,0.29,9.0,2.66,247.38,927.94,2925.18,1599.44,1759.56,0.07,0.55,0.3,0.15,29871.800000000003,7212.119999999999,24.143573537583936,44.92,10.845293233082705,0,1,0.8500000000000001,7.112781954887218,0.4704102283401882,Low Risk,High Profit,0,1
4.0,25749.0,169.0,1.0,1.0,1.03,39.47,988.0,250.0,9867.5,406.0,221.0,111.0,16024.82,8722.87,4381.17,0.350760559691116,0.522105942294002,0.3,7.0,2.07,229.77,1254.49,-2770.15,-1507.89,327.22,0.34,0.55,0.3,0.15,38996.36,-2696.33,-6.9143120024535625,39.47,-2.729078947368421,0,0,0.8500000000000001,1.424119771945859,0.12713349801488194,Low Risk,Low Profit,2,0
4.0,26596.0,172.0,3.0,3.0,1.04,35.63,1532.0,126.0,4489.38,773.0,422.0,211.0,27541.99,15035.86,7517.93,0.213268640618771,0.39847880192101,0.31,4.0,1.18,248.98,1743.01,2155.23,1176.59,2669.88,0.09,0.55,0.3,0.15,54585.16,7744.71,14.18830685849414,35.63,5.055293733681462,1,1,0.8500000000000001,10.723270945457468,0.388252557460219,Low Risk,Medium Profit,3,1
4.0,25343.0,46.0,0.0,2.0,1.05,32.59,1588.0,219.0,7137.21,753.0,411.0,205.0,24540.27,13394.49,6680.95,0.276790069248527,0.37885438776575,0.3,14.0,4.13,846.65,2457.74,1088.5,594.12,1453.97,0.16,0.55,0.3,0.15,51752.92,5594.33,10.809689578868207,32.589999999999996,3.5228778337531486,1,1,0.8500000000000001,1.7173212071103763,0.344355542985723,High Risk,Medium Profit,1,1
4.0,25991.0,102.0,3.0,2.0,1.05,36.46,1302.0,149.0,5432.54,634.0,346.0,173.0,23115.64,12615.16,6307.58,0.217342791967094,0.380982106854208,0.27,7.0,2.07,358.11,2182.12,3043.75,1661.1,2175.49,0.13,0.55,0.3,0.15,47470.92,9062.46,19.0905505939215,36.46,6.960414746543778,1,1,0.8500000000000001,6.074921113624304,0.401675101178698,Low Risk,High Profit,1,1
4.0,26570.0,175.0,1.0,2.0,1.05,36.61,936.0,162.0,5930.82,426.0,232.0,116.0,15595.86,8493.52,4246.76,0.398264522547834,0.531748677161522,0.3,8.0,2.36,273.76,415.08,-3587.25,-1953.62,23.46,0.21,0.55,0.3,0.15,34266.96,-5102.33,-14.889940630858414,36.61,-5.451207264957265,0,0,0.8500000000000001,0.08569549970777324,0.06998680029064408,Low Risk,Low Profit,2,0
5.0,26545.0,192.0,1.0,2.0,1.05,40.05,627.0,125.0,5006.25,276.0,151.0,75.0,11053.8,6047.55,3003.75,0.36459869047394,0.529629612155259,0.33,17.0,5.02,376.5,529.52,-2478.57,-1356.03,-58.79,0.25,0.55,0.3,0.15,25111.35,-3363.87,-13.395815039812675,40.05,-5.3650239234449755,0,0,0.8500000000000001,-0.15614873837981408,0.10577169737080094,High Risk,Low Profit,0,0
5.0,26602.0,133.0,3.0,3.0,1.04,33.46,634.0,47.0,1572.62,323.0,176.0,88.0,10807.58,5888.96,2944.48,0.201225140802562,0.418291948293336,0.31,13.0,3.84,337.92,598.36,761.75,415.07,782.4,0.08,0.55,0.3,0.15,21213.64,2557.58,12.05629962608963,33.46,4.03403785488959,0,0,0.8500000000000001,2.3153409090909087,0.380482910904102,High Risk,Medium Profit,0,0
5.0,25091.0,190.0,3.0,3.0,1.04,45.92,776.0,95.0,4362.4,375.0,204.0,102.0,17220.0,9367.68,4683.84,0.277301201038063,0.378922408702783,0.3,6.0,1.77,180.54,1499.69,753.83,410.08,1429.65,0.14,0.55,0.3,0.15,35633.92,4093.25,11.486948390746795,45.919999999999995,5.274806701030927,0,0,0.8500000000000001,7.918743768693919,0.34377639025915396,Low Risk,Medium Profit,0,0
5.0,25614.0,68.0,2.0,3.0,1.04,42.6,532.0,25.0,1065.0,279.0,152.0,76.0,11885.4,6475.2,3237.6,0.266277984890621,0.24523503716918582,0.28,4.0,1.18,89.68,545.88,2764.06,1505.87,1569.78,0.05,0.55,0.3,0.15,22663.199999999997,6385.589999999999,28.176029863390873,42.599999999999994,12.00298872180451,0,1,0.8500000000000001,17.50423728813559,0.48848697794019325,Low Risk,High Profit,3,1
5.0,26105.0,192.0,1.0,2.0,1.05,40.7,1617.0,363.0,14774.1,690.0,376.0,188.0,28083.0,15303.2,7651.6,0.356935667223297,0.520855247438885,0.32,12.0,3.54,665.52,1805.53,-5554.56,-3026.83,269.58,0.29,0.55,0.3,0.15,65811.90000000001,-6506.280000000001,-9.886175600461314,40.7,-4.023673469387756,1,0,0.8500000000000001,0.4050667147493689,0.12220908533781794,High Risk,Low Profit,2,0
5.0,26223.0,193.0,3.0,0.0,1.0,31.53,1159.0,105.0,3310.65,580.0,316.0,158.0,18287.4,9963.48,4981.74,0.253054095152766,0.443018969800323,0.31,4.0,1.18,186.44,1006.2,-111.06,-60.51,1327.64,0.1,0.55,0.3,0.15,36543.270000000004,2162.2700000000004,5.9170129000497225,31.530000000000005,1.8656341673856778,0,0,0.8500000000000001,7.12100407637846,0.30392693504691093,Low Risk,Medium Profit,0,0
5.0,25024.0,181.0,2.0,3.0,1.04,35.37,1141.0,54.0,1909.98,598.0,326.0,163.0,21151.26,11530.62,5765.31,0.255490079778247,0.292746339703444,0.27,10.0,2.95,480.85,862.86,3844.53,2095.85,2123.71,0.05,0.55,0.3,0.15,40357.17,8926.95,22.119861229119884,35.37,7.823794916739702,0,1,0.8500000000000001,4.416574815431008,0.451763580518309,Low Risk,High Profit,0,1
5.0,25289.0,63.0,3.0,3.0,1.04,34.89,789.0,65.0,2267.85,398.0,217.0,109.0,13886.22,7571.13,3803.01,0.254023479968309,0.418164386041462,0.31,17.0,5.02,547.18,743.43,247.34,134.86,699.49,0.09,0.55,0.3,0.15,27528.21,1825.1200000000001,6.6299988266581815,34.89,2.3132065906210393,0,0,0.8500000000000001,1.2783544720201763,0.327812133990229,High Risk,Medium Profit,0,0
5.0,25175.0,63.0,1.0,0.0,1.0,33.4,1342.0,259.0,8650.6,596.0,325.0,162.0,19906.4,10855.0,5410.8,0.364125221897848,0.467583471233957,0.3,12.0,3.54,573.48,1455.82,-2621.85,-1429.7,337.11,0.24,0.55,0.3,0.15,44822.8,-2258.62,-5.038998009941369,33.400000000000006,-1.6830253353204172,1,0,0.8500000000000001,0.5878321824649508,0.16829130686819505,High Risk,Low Profit,2,0
5.0,25007.0,64.0,0.0,2.0,1.05,33.52,734.0,95.0,3184.4,351.0,192.0,96.0,11765.52,6435.84,3217.92,0.236895952448249,0.400437305308878,0.31,13.0,3.84,368.64,1154.88,619.65,338.95,798.39,0.15,0.55,0.3,0.15,24603.68,2911.87,11.83509946479551,33.52,3.967125340599455,0,0,0.8500000000000001,2.165771484375,0.362666742242873,High Risk,Medium Profit,0,0
5.0,26466.0,141.0,1.0,2.0,1.05,45.45,942.0,169.0,7681.05,425.0,232.0,116.0,19316.25,10544.4,5272.2,0.369745925301686,0.515077800536528,0.32,3.0,0.89,103.24,884.67,-3956.43,-2159.74,503.99,0.22,0.55,0.3,0.15,42813.899999999994,-4727.51,-11.041998042691745,45.449999999999996,-5.018588110403397,0,0,0.8500000000000001,4.881731886865556,0.11517627416178611,Low Risk,Low Profit,2,0
5.0,25305.0,182.0,1.0,3.0,1.04,41.02,789.0,167.0,6850.34,342.0,187.0,93.0,14028.84,7670.74,3814.86,0.357983699010219,0.51328998929821,0.31,13.0,3.84,357.12,881.82,-2543.06,-1390.5,133.95,0.27,0.55,0.3,0.15,32364.78,-2917.79,-9.015324683189565,41.019999999999996,-3.69808618504436,0,0,0.8500000000000001,0.37508400537634407,0.128726311691571,High Risk,Low Profit,2,0
5.0,26611.0,183.0,0.0,3.0,1.04,40.69,1066.0,79.0,3214.51,543.0,296.0,148.0,22094.67,12044.24,6022.12,0.259203197583556,0.421712190238759,0.27,16.0,4.72,698.56,1025.7,1084.51,591.19,1223.01,0.08,0.55,0.3,0.15,43375.54,3924.41,9.047518486225185,40.69,3.681435272045028,0,0,0.8500000000000001,1.7507587036188732,0.319084612177685,High Risk,Medium Profit,0,0
5.0,25980.0,136.0,0.0,1.0,1.03,43.12,1379.0,113.0,4872.56,696.0,380.0,190.0,30011.52,16385.6,8192.8,0.202285920605063,0.376177825545892,0.28,18.0,5.31,1008.9,2053.96,4247.72,2319.16,2444.66,0.09,0.55,0.3,0.15,59462.479999999996,11065.5,18.609213742850955,43.12,8.024292965917331,1,1,0.8500000000000001,2.423094459312122,0.42153625384904503,High Risk,High Profit,1,1
5.0,26125.0,178.0,3.0,2.0,1.05,45.72,739.0,85.0,3886.2,360.0,196.0,98.0,16459.2,8961.12,4480.56,0.242075206153095,0.362840295652859,0.3,17.0,5.02,491.96,1535.38,1565.01,852.06,1278.24,0.13,0.55,0.3,0.15,33787.08,5230.6900000000005,15.481331917407484,45.72,7.078064952638702,0,1,0.8500000000000001,2.59826002113993,0.395084498194046,High Risk,High Profit,0,1
5.0,26018.0,189.0,1.0,3.0,1.04,43.73,584.0,131.0,5728.63,249.0,136.0,68.0,10888.77,5947.28,2973.64,0.367173612606712,0.522325868345797,0.32,8.0,2.36,160.48,633.02,-2281.19,-1245.95,168.11,0.29,0.55,0.3,0.15,25538.32,-2726.0099999999998,-10.67419470035617,43.73,-4.667825342465753,0,0,0.8500000000000001,1.0475448654037889,0.11050051904749103,Low Risk,Low Profit,0,0
5.0,25832.0,68.0,1.0,1.0,1.03,44.16,1885.0,352.0,15544.32,843.0,460.0,230.0,37226.88,20313.6,10156.8,0.353877747489605,0.474787499988452,0.32,16.0,4.72,1085.6,2663.28,-5534.34,-3019.93,654.61,0.23,0.55,0.3,0.15,83241.59999999999,-5236.38,-6.290580671202861,44.16,-2.777920424403183,1,0,0.8500000000000001,0.6029937361827561,0.17133475252194308,High Risk,Low Profit,2,0
5.0,25713.0,138.0,1.0,0.0,1.0,35.19,1050.0,144.0,5067.36,498.0,272.0,136.0,17524.62,9571.68,4785.84,0.386786557815503,0.529788629314862,0.32,13.0,3.84,522.24,422.74,-4145.89,-2264.42,-122.98,0.16,0.55,0.3,0.15,36949.5,-6110.55,-16.537571550359274,35.19,-5.819571428571429,0,0,0.8500000000000001,-0.2354856004901961,0.08342481286963499,High Risk,Low Profit,2,0
5.0,26475.0,71.0,0.0,2.0,1.05,43.63,554.0,68.0,2966.84,267.0,146.0,73.0,11649.21,6369.98,3184.99,0.248891774062067,0.402402316173539,0.32,11.0,3.25,237.25,1034.55,334.4,182.86,873.37,0.14,0.55,0.3,0.15,24171.019999999997,2425.18,10.033420186653274,43.629999999999995,4.377581227436822,0,0,0.8500000000000001,3.681222339304531,0.348705909764394,High Risk,Medium Profit,0,0
5.0,26502.0,139.0,2.0,0.0,1.0,40.08,491.0,40.0,1603.2,248.0,135.0,68.0,9939.84,5410.8,2725.44,0.276130198792089,0.246165007574018,0.3,16.0,4.72,320.96,765.86,1766.36,961.53,981.0,0.09,0.55,0.3,0.15,19679.28,4474.75,22.738382705058317,40.08,9.113543788187373,0,0,0.8500000000000001,3.0564556331006982,0.47770479363389295,High Risk,High Profit,0,0
5.0,25288.0,139.0,3.0,3.0,1.04,45.09,1015.0,92.0,4148.28,508.0,277.0,138.0,22905.72,12489.93,6222.42,0.216415446083993,0.364264163793996,0.29,4.0,1.18,162.84,1739.46,2962.18,1615.2,2446.35,0.1,0.55,0.3,0.15,45766.35,8763.189999999999,19.147670723140468,45.089999999999996,8.633684729064038,1,1,0.8500000000000001,15.023028739867353,0.41932039012201106,Low Risk,High Profit,3,1
5.0,25773.0,186.0,1.0,0.0,1.0,37.45,1507.0,240.0,8988.0,697.0,380.0,190.0,26102.65,14231.0,7115.5,0.370961641636677,0.509873623633757,0.31,9.0,2.66,505.4,1071.05,-4981.31,-2715.78,342.52,0.19,0.55,0.3,0.15,56437.15,-6283.52,-11.133659300655685,37.45,-4.169555408095555,1,0,0.8500000000000001,0.6777206173328056,0.11916473472956601,Low Risk,Low Profit,2,0
5.0,25225.0,177.0,3.0,3.0,1.04,46.53,819.0,81.0,3768.93,406.0,221.0,111.0,18891.18,10283.13,5164.83,0.262682405784726,0.401916302880272,0.3,8.0,2.36,261.96,1264.1,668.77,364.04,1470.33,0.11,0.55,0.3,0.15,38108.07,3767.24,9.885675133902083,46.53,4.599804639804639,0,0,0.8500000000000001,5.61280348144755,0.33540129133500196,Low Risk,Medium Profit,0,0
5.0,25454.0,149.0,3.0,3.0,1.04,39.95,823.0,81.0,3235.95,408.0,223.0,111.0,16299.6,8908.85,4434.45,0.256565088704228,0.421104991156608,0.29,13.0,3.84,426.24,1043.04,526.96,288.02,1003.12,0.11,0.55,0.3,0.15,32878.85,2861.14,8.702068350930766,39.949999999999996,3.4764763061968407,0,0,0.8500000000000001,2.353415915915916,0.32232992013916406,High Risk,Medium Profit,0,0
5.0,25248.0,189.0,2.0,2.0,1.05,33.77,603.0,49.0,1654.73,305.0,166.0,83.0,10299.85,5605.82,2802.91,0.283417476492468,0.303180989366956,0.31,5.0,1.48,122.84,684.07,1065.02,579.65,1035.89,0.09,0.55,0.3,0.15,20363.31,3364.63,16.523001417745935,33.77,5.579817578772803,0,0,0.8500000000000001,8.432839465971997,0.413401534140576,Low Risk,High Profit,0,0
5.0,25371.0,144.0,0.0,0.0,1.0,35.67,711.0,64.0,2282.88,356.0,194.0,97.0,12698.52,6919.98,3459.99,0.225877578500658,0.355963769042864,0.31,14.0,4.13,400.61,954.61,1373.45,748.46,1046.21,0.1,0.55,0.3,0.15,25361.370000000003,4122.73,16.255943586643777,35.67,5.798495077355836,0,0,0.8500000000000001,2.611542397843289,0.418158652456478,High Risk,High Profit,0,0
5.0,26629.0,182.0,0.0,3.0,1.04,38.33,763.0,99.0,3794.67,365.0,199.0,100.0,13990.45,7627.67,3833.0,0.257246895227581,0.447942201863043,0.28,17.0,5.02,502.0,1118.71,207.21,112.97,628.01,0.15,0.55,0.3,0.15,29245.79,2066.9,7.067342000335774,38.33,2.7089121887287027,0,0,0.8500000000000001,1.25101593625498,0.29481090290937595,High Risk,Medium Profit,0,0
5.0,25943.0,186.0,0.0,2.0,1.05,36.29,880.0,87.0,3157.23,436.0,238.0,119.0,15822.44,8637.02,4318.51,0.251256800014526,0.375119053549133,0.28,13.0,3.84,456.96,1179.62,1481.36,808.63,1156.54,0.11,0.55,0.3,0.15,31935.200000000004,4626.15,14.48605300733986,36.290000000000006,5.256988636363636,0,0,0.8500000000000001,2.5309436274509802,0.373624146436341,High Risk,Medium Profit,0,0
5.0,25016.0,69.0,2.0,0.0,1.0,32.39,1544.0,101.0,3271.39,794.0,433.0,216.0,25717.66,14024.87,6996.24,0.253185342159122,0.264860429789405,0.31,13.0,3.84,829.44,1576.66,4422.26,2411.64,2542.43,0.07,0.55,0.3,0.15,50010.159999999996,10952.99,21.901529609183417,32.39,7.093905440414508,1,1,0.8500000000000001,3.0652367862654315,0.48195422805147303,High Risk,High Profit,1,1
5.0,25740.0,135.0,3.0,0.0,1.0,41.47,1106.0,135.0,5598.45,534.0,291.0,146.0,22144.98,12067.77,6054.62,0.242561650462449,0.398084158846177,0.29,12.0,3.54,516.84,2011.83,1535.85,836.95,1658.91,0.14,0.55,0.3,0.15,45865.82,6043.54,13.17656590463225,41.47,5.464321880650995,1,1,0.8500000000000001,3.209716740190388,0.359354190691374,High Risk,Medium Profit,0,1
5.0,25276.0,179.0,1.0,3.0,1.04,31.87,1282.0,256.0,8158.72,564.0,308.0,154.0,17974.68,9815.96,4907.98,0.393898058764171,0.48371247688774,0.32,14.0,4.13,636.02,998.54,-3551.99,-1939.74,-35.33,0.25,0.55,0.3,0.15,40857.34,-4528.5199999999995,-11.083736728822776,31.869999999999997,-3.5323868954758186,0,0,0.8500000000000001,-0.055548567655105185,0.12238946434808895,High Risk,Low Profit,2,0
5.0,26124.0,140.0,3.0,3.0,1.04,32.43,1426.0,175.0,5675.25,688.0,375.0,188.0,22311.84,12161.25,6096.84,0.25688427304849,0.368377372855321,0.29,4.0,1.18,221.84,2126.73,1890.67,1030.52,2062.88,0.14,0.55,0.3,0.15,46245.17999999999,7110.8,15.376305163046183,32.42999999999999,4.986535764375876,1,1,0.8500000000000001,9.29895420122611,0.37473835409618905,Low Risk,High Profit,3,1
5.0,25789.0,190.0,3.0,2.0,1.05,32.44,1444.0,166.0,5385.04,703.0,383.0,192.0,22805.32,12424.52,6228.48,0.273825882058591,0.4353035336826,0.31,7.0,2.07,397.44,1566.35,-436.25,-237.67,1414.24,0.13,0.55,0.3,0.15,46843.36,2306.67,4.924219782697057,32.44,1.5974168975069252,1,0,0.8500000000000001,3.5583735909822867,0.2908705842588091,Low Risk,Low Profit,2,0
5.0,26350.0,143.0,0.0,0.0,1.0,43.19,988.0,121.0,5225.99,477.0,260.0,130.0,20601.63,11229.4,5614.7,0.257561586480588,0.395663524908014,0.27,5.0,1.48,192.4,1812.24,1581.69,862.14,1754.64,0.14,0.55,0.3,0.15,42671.72,6010.710000000001,14.085933259779546,43.19,6.083714574898786,0,1,0.8500000000000001,9.11975051975052,0.34677488861139794,Low Risk,Medium Profit,3,1
5.0,25628.0,184.0,1.0,3.0,1.04,33.05,652.0,99.0,3271.95,304.0,166.0,83.0,10047.2,5486.3,2743.15,0.38492362027755,0.490895911841653,0.32,11.0,3.25,269.75,406.31,-1967.44,-1074.32,70.9,0.18,0.55,0.3,0.15,21548.600000000002,-2564.5499999999997,-11.901237203344994,33.050000000000004,-3.933358895705521,0,0,0.8500000000000001,0.26283595922150144,0.12418046788079695,High Risk,Low Profit,0,0
5.0,26383.0,191.0,2.0,0.0,1.0,43.64,909.0,75.0,3273.0,459.0,250.0,125.0,20030.76,10910.0,5455.0,0.288354203477502,0.245657608332112,0.31,11.0,3.25,406.25,1525.18,3124.56,1701.83,2135.72,0.09,0.55,0.3,0.15,39668.759999999995,8487.289999999999,21.395400309966835,43.63999999999999,9.336952695269526,0,1,0.8500000000000001,5.257156923076923,0.465988188190386,High Risk,High Profit,0,1
5.0,25265.0,188.0,0.0,0.0,1.0,44.54,1057.0,121.0,5389.34,515.0,281.0,140.0,22938.1,12515.74,6235.6,0.279153475873172,0.393721630284563,0.3,14.0,4.13,578.2,1762.99,622.19,339.49,1461.62,0.13,0.55,0.3,0.15,47078.78,4186.29,8.89209533467095,44.54,3.960539262062441,1,0,0.8500000000000001,2.5278796264268415,0.32712489384226506,High Risk,Medium Profit,0,0
5.0,26070.0,148.0,0.0,2.0,1.05,40.64,1068.0,97.0,3942.08,534.0,291.0,146.0,21701.76,11826.24,5933.44,0.23301796503365,0.408658240712248,0.33,16.0,4.72,689.12,1412.54,614.68,334.96,1436.97,0.1,0.55,0.3,0.15,43403.52,3799.1499999999996,8.753091915125779,40.63999999999999,3.557256554307116,0,0,0.8500000000000001,2.0852246343162295,0.358323794254102,High Risk,Medium Profit,0,0
5.0,26374.0,134.0,1.0,0.0,1.0,31.57,1365.0,188.0,5935.16,647.0,353.0,177.0,20425.79,11144.21,5587.89,0.371638254763093,0.458731450373307,0.3,15.0,4.43,784.11,1006.78,-2662.9,-1452.87,163.77,0.16,0.55,0.3,0.15,43093.05,-2945.22,-6.834559169053941,31.570000000000004,-2.1576703296703297,0,0,0.8500000000000001,0.20886100164517735,0.16963029486360004,High Risk,Low Profit,2,0
5.0,25996.0,140.0,1.0,2.0,1.05,35.33,1777.0,366.0,12930.78,776.0,423.0,212.0,27416.08,14944.59,7489.96,0.365926621656399,0.490341197722591,0.28,5.0,1.48,313.76,1858.57,-3735.93,-2036.47,762.79,0.26,0.55,0.3,0.15,62781.409999999996,-3151.04,-5.0190653570858,35.33,-1.773235790658413,1,0,0.8500000000000001,2.431125701172871,0.14373218062101,Low Risk,Low Profit,2,0
5.0,25955.0,136.0,0.0,2.0,1.05,43.46,1369.0,146.0,6345.16,673.0,367.0,183.0,29248.58,15949.82,7953.18,0.264182696025819,0.356815892038867,0.31,6.0,1.77,323.91,2404.82,2018.19,1100.56,2690.36,0.12,0.55,0.3,0.15,59496.740000000005,8213.93,13.805680781837795,43.46,5.999948867786705,1,1,0.8500000000000001,8.305887437868543,0.379001411935314,Low Risk,Medium Profit,3,1
5.0,26537.0,185.0,0.0,2.0,1.05,42.82,1662.0,216.0,9249.12,795.0,434.0,217.0,34041.9,18583.88,9291.94,0.239814326744527,0.414505169214681,0.28,4.0,1.18,256.06,3197.24,2235.89,1220.6,2955.98,0.15,0.55,0.3,0.15,71166.84000000001,9609.71,13.503072498371429,42.82000000000001,5.782015643802647,1,1,0.8500000000000001,11.544091228618292,0.345680504040792,Low Risk,Medium Profit,3,1
5.0,25743.0,186.0,3.0,1.0,1.03,36.61,1357.0,123.0,4503.03,679.0,370.0,185.0,24858.19,13545.7,6772.85,0.204481605421752,0.414568058564328,0.32,17.0,5.02,928.7,1715.43,1515.12,825.61,1651.42,0.1,0.55,0.3,0.15,49679.77,5707.58,11.488740789258888,36.61,4.206028002947678,1,1,0.8500000000000001,1.7782060945407558,0.38095033601392003,High Risk,Medium Profit,1,1
5.0,26540.0,138.0,0.0,0.0,1.0,37.77,1177.0,126.0,4759.02,578.0,315.0,158.0,21831.06,11897.55,5967.66,0.240826117321849,0.400244645262137,0.28,11.0,3.25,513.5,1708.15,1723.11,939.06,1628.47,0.12,0.55,0.3,0.15,44455.29000000001,5998.79,13.493984630400563,37.77000000000001,5.096677994902294,0,1,0.8500000000000001,3.1713145082765335,0.358929237416014,High Risk,Medium Profit,0,1
5.0,26662.0,180.0,3.0,0.0,1.0,41.0,992.0,106.0,4346.0,487.0,266.0,133.0,19967.0,10906.0,5453.0,0.252186945099384,0.449155660392717,0.3,9.0,2.66,353.78,1297.97,-26.81,-14.64,1274.8,0.12,0.55,0.3,0.15,40672.0,2531.3199999999997,6.2237411487018095,41.0,2.5517338709677415,0,0,0.8500000000000001,3.603369325569563,0.29865739450789897,Low Risk,Medium Profit,0,0
5.0,26243.0,140.0,1.0,2.0,1.05,33.24,865.0,138.0,4587.12,400.0,218.0,109.0,13296.0,7246.32,3623.16,0.360161935002543,0.530864983261563,0.27,18.0,5.31,578.79,499.87,-2141.01,-1166.85,-183.96,0.19,0.55,0.3,0.15,28752.6,-2991.9500000000003,-10.405841558676435,33.239999999999995,-3.4589017341040464,0,0,0.8500000000000001,-0.3178354843725704,0.10897308173589404,High Risk,Low Profit,2,0
5.0,26609.0,68.0,0.0,3.0,1.04,39.38,1192.0,146.0,5749.48,575.0,314.0,157.0,22643.5,12365.32,6182.66,0.273661237359047,0.37486298813019,0.31,14.0,4.13,648.41,2020.8,939.16,512.86,1524.65,0.14,0.55,0.3,0.15,46940.96000000001,4997.47,10.646288444036935,39.38,4.192508389261745,1,1,0.8500000000000001,2.351367190512176,0.35147577451076306,High Risk,Medium Profit,0,1
5.0,26367.0,70.0,3.0,1.0,1.03,44.94,1471.0,180.0,8089.2,710.0,387.0,194.0,31907.4,17391.78,8718.36,0.253196105267853,0.357677389797755,0.29,14.0,4.13,801.22,3147.72,3162.87,1723.99,2591.32,0.14,0.55,0.3,0.15,66106.73999999999,10625.9,16.073852681284844,44.93999999999999,7.223589394969408,1,1,0.8500000000000001,3.2342178178278127,0.38912650493439194,High Risk,High Profit,1,1
5.0,26073.0,179.0,2.0,1.0,1.03,31.72,464.0,13.0,412.36,248.0,135.0,68.0,7866.56,4282.2,2156.96,0.286935223895125,0.337176509120036,0.3,13.0,3.84,261.12,155.0,596.98,324.97,549.66,0.03,0.55,0.3,0.15,14718.079999999998,1626.6100000000001,11.051781210592688,31.719999999999995,3.505625,0,0,0.8500000000000001,2.1050091911764706,0.375888266984839,High Risk,Medium Profit,0,0
5.0,25415.0,71.0,3.0,2.0,1.05,33.05,1029.0,76.0,2511.8,524.0,286.0,143.0,17318.2,9452.3,4726.15,0.257650163397193,0.444915941148065,0.29,12.0,3.54,506.22,747.09,128.74,70.27,899.5,0.08,0.55,0.3,0.15,34008.45,1845.6,5.426886553194868,33.05,1.7935860058309037,0,0,0.8500000000000001,1.7768954209632175,0.29743389545474197,High Risk,Medium Profit,0,0
5.0,26389.0,141.0,3.0,0.0,1.0,44.53,799.0,98.0,4363.94,386.0,210.0,105.0,17188.58,9351.3,4675.65,0.237571332715452,0.408935232157819,0.32,10.0,2.95,309.75,1542.62,575.7,313.21,1343.06,0.14,0.55,0.3,0.15,35579.47,3774.5899999999997,10.60889889590823,44.53,4.724142678347935,0,0,0.8500000000000001,4.335948345439871,0.3534934351267289,Low Risk,Medium Profit,0,0
5.0,25011.0,64.0,2.0,0.0,1.0,44.49,584.0,38.0,1690.62,300.0,164.0,82.0,13347.0,7296.36,3648.18,0.256190317415167,0.24788753275061,0.3,6.0,1.77,145.14,838.42,2614.97,1429.52,1664.07,0.07,0.55,0.3,0.15,25982.16,6546.98,25.19798199995689,44.49,11.210582191780821,0,1,0.8500000000000001,11.465274906986359,0.495922149834223,Low Risk,High Profit,3,1
5.0,25079.0,188.0,0.0,2.0,1.05,33.15,1159.0,133.0,4408.95,564.0,308.0,154.0,18696.6,10210.2,5105.1,0.221820098869503,0.397894586995244,0.27,13.0,3.84,591.36,1676.66,2061.96,1126.04,1350.03,0.13,0.55,0.3,0.15,38420.85,6214.69,16.17530585606513,33.15,5.362113891285591,0,1,0.8500000000000001,2.282924107142857,0.380285314135253,High Risk,High Profit,0,1
5.0,25805.0,66.0,3.0,1.0,1.03,37.52,827.0,88.0,3301.76,406.0,222.0,111.0,15233.12,8329.44,4164.72,0.268282534554601,0.427071230439469,0.27,13.0,3.84,426.24,1005.87,527.77,288.58,842.53,0.12,0.55,0.3,0.15,31029.04,2664.75,8.587922797482616,37.52,3.2221886336154775,0,0,0.8500000000000001,1.9766563438438438,0.30464623500593,High Risk,Medium Profit,0,0
5.0,25339.0,144.0,1.0,2.0,1.05,46.26,1762.0,229.0,10593.54,843.0,460.0,230.0,38752.8825,21279.6,10639.8,0.355174614931457,0.535524720861577,0.3,15.0,4.43,1018.9,1157.88,-5601.13625,-3090.4475,144.04,0.15,0.55,0.3,0.15,81265.8225,-7389.66375,-9.093199973457477,46.12135215664018,-4.1939067820658344,1,0,0.8500000000000001,0.14136814211404455,0.10930066420696605,High Risk,Low Profit,2,0
5.0,26092.0,134.0,3.0,2.0,1.05,33.15,656.0,65.0,2154.75,325.0,177.0,89.0,10773.75,5867.55,2950.35,0.200747563447803,0.442062316881493,0.3,18.0,5.31,472.59,769.66,616.15,335.57,581.25,0.11,0.55,0.3,0.15,21746.399999999998,2302.63,10.588557186476844,33.15,3.5101067073170733,0,0,0.8500000000000001,1.229924458833238,0.357190119670704,High Risk,Medium Profit,0,0
5.0,25985.0,69.0,2.0,3.0,1.04,34.05,1044.0,86.0,2928.3,527.0,287.0,144.0,17944.35,9772.35,4903.2,0.270674161799252,0.24523503716918582,0.28,18.0,5.31,764.64,1431.13,3745.4,2039.71,1631.67,0.09,0.55,0.3,0.15,35548.2,8847.91,24.889895972229255,34.05,8.47500957854406,0,1,0.8500000000000001,2.1339061519146267,0.4840908010315621,High Risk,High Profit,0,1
5.0,25583.0,69.0,1.0,3.0,1.04,33.6,963.0,173.0,5812.8,435.0,237.0,118.0,14616.0,7963.2,3964.8,0.371883250121027,0.545719661866315,0.31,7.0,2.07,244.26,478.96,-3326.64,-1812.45,82.43,0.22,0.55,0.3,0.15,32356.8,-4577.7,-14.14756712653909,33.6,-4.753582554517134,0,0,0.8500000000000001,0.3374682715139606,0.08239708801265788,Low Risk,Low Profit,2,0
5.0,25489.0,139.0,0.0,3.0,1.04,38.23,1011.0,108.0,4128.84,497.0,271.0,135.0,19000.31,10360.33,5161.05,0.257329107895494,0.440343453921378,0.31,14.0,4.13,557.55,1248.26,-145.78,-79.49,1002.78,0.12,0.55,0.3,0.15,38650.530000000006,2025.77,5.241247662063107,38.230000000000004,2.003728981206726,0,0,0.8500000000000001,1.7985472154963682,0.302327438183128,High Risk,Medium Profit,0,0
5.0,26622.0,177.0,3.0,2.0,1.05,41.47,1412.0,116.0,4810.52,713.0,389.0,194.0,29568.11,16131.83,8045.18,0.205360204614699,0.447295912401751,0.32,11.0,3.25,630.5,1670.9,808.51,441.11,2163.94,0.09,0.55,0.3,0.15,58555.64000000001,5084.46,8.68312599776896,41.470000000000006,3.6008923512747875,1,1,0.8500000000000001,3.432101506740682,0.34734388298355,High Risk,Medium Profit,1,1
5.0,26623.0,182.0,3.0,3.0,1.04,36.11,1464.0,133.0,4802.63,732.0,399.0,200.0,26432.52,14407.89,7222.0,0.202095478307456,0.434590043663047,0.31,10.0,2.95,590.0,1744.87,1409.24,768.15,2033.86,0.1,0.55,0.3,0.15,52865.04,5956.12,11.266651836449949,36.11,4.068387978142076,1,1,0.8500000000000001,3.4472203389830507,0.363314478029497,Low Risk,Medium Profit,1,1
5.0,25208.0,135.0,3.0,1.0,1.03,35.47,1588.0,182.0,6455.54,773.0,422.0,211.0,27418.31,14968.34,7484.17,0.269747045896947,0.405974163813516,0.29,11.0,3.25,685.75,2093.39,939.87,513.1,1741.21,0.13,0.55,0.3,0.15,56326.36,5287.57,9.387380970472794,35.47,3.3297040302267003,1,1,0.8500000000000001,2.539132336857455,0.324278790289537,High Risk,Medium Profit,1,1
5.0,25143.0,184.0,3.0,3.0,1.04,39.69,520.0,38.0,1508.22,265.0,145.0,72.0,10517.85,5755.05,2857.68,0.275556911025196,0.428960547875613,0.32,15.0,4.43,318.96,445.65,-257.87,-141.1,525.43,0.08,0.55,0.3,0.15,20638.8,572.1099999999999,2.772011938678605,39.69,1.1002115384615383,0,0,0.8500000000000001,1.6473225482819163,0.29548254109919103,High Risk,Low Profit,0,0
5.0,25331.0,182.0,1.0,1.0,1.03,39.06,579.0,88.0,3437.28,270.0,147.0,74.0,10546.2,5741.82,2890.44,0.384023830154911,0.486284907977097,0.3,18.0,5.31,392.94,445.79,-1796.11,-977.88,-18.08,0.18,0.55,0.3,0.15,22615.74,-2346.2799999999997,-10.374544454437483,39.06,-4.052297063903281,0,0,0.8500000000000001,-0.04601211380872398,0.12969126186799196,High Risk,Low Profit,0,0
5.0,26254.0,187.0,3.0,3.0,1.04,34.29,608.0,74.0,2537.46,294.0,160.0,80.0,10081.26,5486.4,2743.2,0.237473687045276,0.368509922153316,0.27,18.0,5.31,424.8,999.8,1250.24,680.4,656.07,0.14,0.55,0.3,0.15,20848.320000000003,3586.51,17.20287294132093,34.290000000000006,5.8988651315789475,0,0,0.8500000000000001,1.5444209039548022,0.39401639080140805,High Risk,High Profit,0,0
5.0,26424.0,141.0,2.0,0.0,1.0,32.39,796.0,45.0,1457.55,413.0,225.0,113.0,13377.07,7287.75,3660.07,0.27839814517647,0.340822783473413,0.3,5.0,1.48,167.24,555.0,1080.59,588.7,1226.44,0.06,0.55,0.3,0.15,25782.44,3450.73,13.384031922502293,32.39,4.335087939698492,0,0,0.8500000000000001,7.333413059076776,0.380779071350117,Low Risk,Medium Profit,0,0
5.0,25577.0,148.0,0.0,0.0,1.0,31.07,1652.0,215.0,6680.05,790.0,431.0,216.0,24545.3,13391.17,6711.12,0.217699735164642,0.435264082648791,0.31,8.0,2.36,509.76,2318.22,909.06,495.96,1819.24,0.15,0.55,0.3,0.15,51327.64,5542.48,10.798236583641874,31.07,3.35501210653753,1,1,0.8500000000000001,3.568816698053986,0.34703618218656695,Low Risk,Medium Profit,1,1
5.0,25088.0,142.0,2.0,3.0,1.04,46.15,565.0,26.0,1199.9,296.0,162.0,81.0,13660.4,7476.3,3738.15,0.280667682609055,0.34339370484231,0.27,14.0,4.13,334.53,451.09,1447.16,792.03,1070.78,0.05,0.55,0.3,0.15,26074.75,3761.0599999999995,14.424145964966106,46.15,6.6567433628318575,0,0,0.8500000000000001,3.200848952261382,0.37593861254863503,High Risk,Medium Profit,0,0
5.0,25660.0,138.0,0.0,3.0,1.04,36.99,1507.0,111.0,4105.89,768.0,419.0,209.0,28408.32,15498.81,7730.91,0.205301464088261,0.408271908969618,0.28,17.0,5.02,1049.18,1586.63,3023.4,1649.49,1938.25,0.08,0.55,0.3,0.15,55743.92999999999,8197.77,14.706121366039318,36.989999999999995,5.439794293297943,1,1,0.8500000000000001,1.8473951085609712,0.38642662694212104,High Risk,Medium Profit,1,1
5.0,25893.0,64.0,1.0,3.0,1.04,41.6,1471.0,255.0,10608.0,669.0,365.0,182.0,27830.4,15184.0,7571.2,0.376654151978437,0.451380671747029,0.33,11.0,3.25,591.5,1824.21,-4398.17,-2399.6,710.48,0.21,0.55,0.3,0.15,61193.6,-4263.08,-6.966545521100246,41.6,-2.898082936777702,1,0,0.8500000000000001,1.2011496196111582,0.171965176274534,High Risk,Low Profit,2,0
5.0,25516.0,63.0,3.0,3.0,1.04,36.17,673.0,66.0,2387.22,334.0,182.0,91.0,12080.78,6582.94,3291.47,0.253818253427744,0.432756472099572,0.3,9.0,2.66,242.06,748.22,162.19,88.38,789.57,0.11,0.55,0.3,0.15,24342.41,1788.3600000000001,7.346684243671847,36.17,2.657295690936107,0,0,0.8500000000000001,3.261877220523837,0.313425274472684,Low Risk,Medium Profit,0,0
5.0,25864.0,189.0,0.0,3.0,1.04,41.04,1337.0,153.0,6279.12,651.0,355.0,178.0,26717.04,14569.2,7305.12,0.218600019551814,0.442531745252199,0.29,17.0,5.02,893.56,2127.79,1305.61,711.97,1581.91,0.13,0.55,0.3,0.15,54870.48,5727.28,10.437816472536781,41.04,4.283679880329095,1,1,0.8500000000000001,1.7703455839563098,0.33886823519598697,High Risk,Medium Profit,1,1
5.0,25704.0,186.0,1.0,3.0,1.04,38.81,1556.0,237.0,9197.97,725.0,396.0,198.0,28137.25,15368.76,7684.38,0.395055399031844,0.50886247237213,0.27,6.0,1.77,350.46,883.76,-4893.57,-2672.9,387.87,0.18,0.55,0.3,0.15,60388.36,-6294.839999999999,-10.423929379767888,38.81,-4.045526992287917,1,0,0.8500000000000001,1.1067454203047424,0.09608212859602605,Low Risk,Low Profit,2,0
5.0,25060.0,69.0,0.0,2.0,1.05,40.41,721.0,88.0,3556.08,348.0,190.0,95.0,14062.68,7677.9,3838.95,0.239993479251862,0.380987292970531,0.33,4.0,1.18,112.1,1347.82,689.34,376.36,1342.94,0.14,0.55,0.3,0.15,29135.610000000004,3756.46,12.893019916178172,40.410000000000004,5.2100693481276,0,0,0.8500000000000001,11.979839429081178,0.379019227777607,Low Risk,Medium Profit,3,0
5.0,26517.0,70.0,3.0,1.0,1.03,43.4,1185.0,145.0,6293.0,572.0,312.0,156.0,24824.8,13540.8,6770.4,0.279472619239241,0.418630881235003,0.33,3.0,0.89,138.84,1899.83,-697.66,-380.54,1905.12,0.14,0.55,0.3,0.15,51429.0,2726.75,5.301969705808007,43.4,2.301054852320675,1,0,0.8500000000000001,13.721694036300777,0.30189649952575603,Low Risk,Medium Profit,3,0
5.0,26626.0,141.0,1.0,0.0,1.0,35.08,1486.0,247.0,8664.76,681.0,372.0,186.0,23889.48,13049.76,6524.88,0.372619958070572,0.481398151279427,0.3,8.0,2.36,438.96,1264.9,-3679.41,-2009.9,513.55,0.2,0.55,0.3,0.15,52128.88,-3910.8599999999997,-7.502290476987036,35.08,-2.6318034993270523,1,0,0.8500000000000001,1.1699243666848915,0.145981890650001,Low Risk,Low Profit,2,0
5.0,26681.0,179.0,3.0,1.0,1.03,37.43,924.0,106.0,3967.58,450.0,245.0,123.0,16843.5,9170.35,4603.89,0.207171428818256,0.405437179538421,0.3,4.0,1.18,145.14,1537.01,1471.98,801.41,1638.37,0.13,0.55,0.3,0.15,34585.32,5448.7699999999995,15.754574484203124,37.43,5.896937229437229,0,1,0.8500000000000001,11.288204492214414,0.3873913916433229,Low Risk,High Profit,3,1
5.0,26422.0,70.0,0.0,2.0,1.05,44.39,682.0,62.0,2752.18,341.0,186.0,93.0,15136.99,8256.54,4128.27,0.275345340315253,0.3684627242852,0.28,6.0,1.77,164.61,980.3,1153.32,629.08,1305.85,0.1,0.55,0.3,0.15,30273.98,4068.5499999999997,13.439098526193119,44.39,5.965615835777125,0,0,0.8500000000000001,7.932993135289471,0.3561919353995471,Low Risk,Medium Profit,0,0
5.0,25671.0,188.0,3.0,3.0,1.04,44.33,923.0,76.0,3369.08,466.0,254.0,127.0,20657.78,11259.82,5629.91,0.225593500826508,0.384164906456135,0.33,9.0,2.66,337.82,1314.76,1244.46,678.31,1859.21,0.09,0.55,0.3,0.15,40916.59,5096.74,12.456414378617573,44.33,5.52192849404117,0,1,0.8500000000000001,5.503552187555504,0.39024159271735703,Low Risk,Medium Profit,0,1
5.0,25470.0,69.0,1.0,2.0,1.05,38.28,1920.0,371.0,14201.88,852.0,465.0,232.0,32614.56,17800.2,8880.96,0.399825813563075,0.504695398081094,0.3,16.0,4.72,1095.04,1355.98,-5601.13625,-3090.4475,-247.1,0.24,0.55,0.3,0.15,73497.6,-7582.703750000001,-10.316940621190351,38.28,-3.949324869791667,1,0,0.8500000000000001,-0.22565385739333724,0.09547878835583101,High Risk,Low Profit,2,0
5.0,25429.0,185.0,3.0,1.0,1.03,45.07,1131.0,130.0,5859.1,551.0,300.0,150.0,24833.57,13521.0,6760.5,0.269425453692675,0.449281737883575,0.27,9.0,2.66,399.0,1648.12,280.44,152.69,1502.68,0.13,0.55,0.3,0.15,50974.17,3583.9300000000003,7.030874656713391,45.07,3.1688152077807255,1,0,0.8500000000000001,3.7661152882205515,0.28129280842375004,Low Risk,Medium Profit,0,0
5.0,25834.0,139.0,1.0,2.0,1.05,40.78,657.0,151.0,6157.78,278.0,152.0,76.0,11336.84,6198.56,3099.28,0.397486199683044,0.493230695067905,0.32,10.0,2.95,224.2,672.94,-2388.86,-1306.14,114.5,0.3,0.55,0.3,0.15,26792.46,-2907.5600000000004,-10.852157659281755,40.78,-4.425509893455099,0,0,0.8500000000000001,0.5107047279214987,0.10928310524905105,Low Risk,Low Profit,0,0
5.0,25903.0,184.0,1.0,2.0,1.05,32.9,714.0,128.0,4211.2,322.0,176.0,88.0,10593.8,5790.4,2895.2,0.390908956748899,0.513051022286527,0.28,16.0,4.72,415.36,404.44,-1948.84,-1065.2,-137.3,0.22,0.55,0.3,0.15,23490.600000000002,-2746.9,-11.693613615659029,32.900000000000006,-3.847198879551821,0,0,0.8500000000000001,-0.330556625577812,0.09604002096457398,High Risk,Low Profit,0,0
5.0,26014.0,139.0,0.0,1.0,1.03,35.99,1590.0,117.0,4210.83,810.0,442.0,221.0,29151.9,15907.58,7953.79,0.233368135225028,0.403894891683012,0.31,7.0,2.07,457.47,1527.42,1537.38,838.92,2427.66,0.08,0.55,0.3,0.15,57224.100000000006,6331.38,11.064184495693247,35.99,3.982,1,1,0.8500000000000001,5.306708636631909,0.36273697309195996,Low Risk,Medium Profit,1,1
5.0,26649.0,69.0,0.0,0.0,1.0,41.86,689.0,56.0,2344.16,348.0,190.0,95.0,14567.28,7953.4,3976.7,0.238853206820786,0.439306590589695,0.28,10.0,2.95,280.25,754.44,609.5,332.77,999.61,0.09,0.55,0.3,0.15,28841.540000000005,2696.32,9.34873796614189,41.86000000000001,3.913381712626996,0,0,0.8500000000000001,3.566851025869759,0.32184020258951895,Low Risk,Medium Profit,0,0
5.0,26123.0,134.0,1.0,1.0,1.03,34.34,1845.0,332.0,11400.88,832.0,454.0,227.0,28570.88,15590.36,7795.18,0.369473967689555,0.489278899366036,0.32,13.0,3.84,871.68,1610.34,-5107.13,-2786.82,229.37,0.22,0.55,0.3,0.15,63357.3,-6054.240000000001,-9.555710233864133,34.34,-3.2814308943089436,1,0,0.8500000000000001,0.2631355543318649,0.14124713294440894,High Risk,Low Profit,2,0
5.0,25719.0,185.0,2.0,3.0,1.04,46.01,753.0,49.0,2254.49,387.0,211.0,106.0,17805.87,9708.11,4877.06,0.293303401372395,0.298239881719928,0.32,9.0,2.66,281.96,920.86,1575.05,858.75,1710.11,0.07,0.55,0.3,0.15,34645.53,5064.7699999999995,14.618826728873824,46.01,6.726122177954847,0,1,0.8500000000000001,6.065080153213222,0.40845671690767693,Low Risk,Medium Profit,0,1
5.0,26205.0,143.0,0.0,0.0,1.0,41.95,570.0,47.0,1971.65,288.0,157.0,78.0,12081.6,6586.15,3272.1,0.277430752050132,0.375839569745585,0.28,13.0,3.84,299.52,683.63,806.2,439.49,835.01,0.09,0.55,0.3,0.15,23911.5,2764.33,11.560671643351524,41.95,4.849701754385965,0,0,0.8500000000000001,2.7878271901709404,0.346729678204283,High Risk,Medium Profit,0,0
5.0,25667.0,145.0,2.0,0.0,1.0,33.69,881.0,65.0,2189.85,449.0,245.0,122.0,15126.81,8254.05,4110.18,0.261999705433846,0.24523503716918582,0.28,15.0,4.43,540.46,1135.63,3609.05,1969.3,1591.02,0.08,0.55,0.3,0.15,29680.89,8305.0,27.98096687801478,33.69,9.426787741203178,0,1,0.8500000000000001,2.9438256300188725,0.4927652573969682,High Risk,High Profit,0,1
5.0,26668.0,186.0,0.0,0.0,1.0,33.93,468.0,61.0,2069.73,224.0,122.0,61.0,7600.32,4139.46,2069.73,0.268982095532119,0.400547484937124,0.3,14.0,4.13,251.93,683.98,231.58,126.13,432.05,0.15,0.55,0.3,0.15,15879.239999999998,1473.74,9.28092276456556,33.92999999999999,3.149017094017094,0,0,0.8500000000000001,1.7149605049021555,0.33047041953075706,High Risk,Medium Profit,0,0
5.0,26235.0,134.0,3.0,3.0,1.04,39.26,1112.0,101.0,3965.26,556.0,303.0,152.0,21828.56,11895.78,5967.52,0.233601733949035,0.360939597059041,0.32,4.0,1.18,179.36,1607.75,1865.44,1016.6,2240.22,0.1,0.55,0.3,0.15,43657.119999999995,6730.01,15.415606892987904,39.26,6.052167266187051,0,1,0.8500000000000001,12.490075825156108,0.40545866899192395,Low Risk,High Profit,3,1
5.0,25401.0,190.0,2.0,2.0,1.05,31.67,1368.0,77.0,2438.59,710.0,387.0,194.0,22485.7,12256.29,6143.98,0.298004610615317,0.265996309404727,0.32,4.0,1.18,228.92,1063.22,2608.32,1421.72,2449.85,0.06,0.55,0.3,0.15,43324.56,7543.110000000001,17.41070192057346,31.669999999999998,5.513969298245614,0,1,0.8500000000000001,10.701773545343352,0.435999079979956,Low Risk,High Profit,3,1
5.0,25725.0,63.0,0.0,1.0,1.03,35.06,1266.0,145.0,5083.7,617.0,336.0,168.0,21632.02,11780.16,5890.08,0.246398248225451,0.40864784498699,0.32,14.0,4.13,693.84,1753.64,539.8,293.96,1337.97,0.13,0.55,0.3,0.15,44385.96000000001,3925.37,8.84371995108363,35.06,3.1006082148499208,0,0,0.8500000000000001,1.9283552404012452,0.344953906787559,High Risk,Medium Profit,0,0
5.0,25603.0,147.0,3.0,0.0,1.0,30.94,675.0,55.0,1701.7,341.0,186.0,93.0,10550.54,5754.84,2877.42,0.249525798000395,0.410928148590028,0.3,12.0,3.54,329.22,577.81,417.23,227.58,647.8,0.09,0.55,0.3,0.15,20884.5,1870.4199999999998,8.956020014843544,30.94,2.7709925925925925,0,0,0.8500000000000001,1.967681185833181,0.339546053409577,High Risk,Medium Profit,0,0
5.0,26334.0,141.0,1.0,3.0,1.04,37.32,1299.0,179.0,6680.28,616.0,336.0,168.0,22989.12,12539.52,6269.76,0.397531598329078,0.52718163842801,0.32,17.0,5.02,843.36,502.94,-5601.13625,-3068.59,-371.33,0.16,0.55,0.3,0.15,48478.68,-8538.116250000001,-17.612105465742882,37.32,-6.572837759815243,1,0,0.8500000000000001,-0.4402983304875735,0.07528676324291195,High Risk,Low Profit,2,0
5.0,26411.0,186.0,1.0,1.0,1.03,31.34,748.0,124.0,3886.16,343.0,187.0,94.0,10749.62,5860.58,2945.96,0.391423791169655,0.479758920124732,0.29,12.0,3.54,332.76,500.6,-1732.65,-944.62,46.73,0.2,0.55,0.3,0.15,23442.32,-2129.94,-9.085875459425518,31.34,-2.8475133689839573,0,0,0.8500000000000001,0.1404315422526746,0.12881728870561304,High Risk,Low Profit,0,0
5.0,25849.0,186.0,3.0,3.0,1.04,38.94,613.0,55.0,2141.7,307.0,167.0,84.0,11954.58,6502.98,3270.96,0.252865558993071,0.398101906129159,0.28,4.0,1.18,99.12,747.52,825.25,448.92,1042.55,0.1,0.55,0.3,0.15,23870.219999999998,3064.24,12.83708319403843,38.94,4.998760195758564,0,0,0.8500000000000001,10.518058918482646,0.34903253487777,Low Risk,Medium Profit,3,0
5.0,25084.0,186.0,1.0,3.0,1.04,32.92,1840.0,391.0,12871.72,797.0,435.0,217.0,26237.24,14320.2,7143.64,0.373599658056628,0.513019679486752,0.32,14.0,4.13,896.21,1459.4,-5421.12,-2958.83,-86.26,0.27,0.55,0.3,0.15,60572.8,-7006.8099999999995,-11.567584790533044,32.92,-3.808048913043478,1,0,0.8500000000000001,-0.096249762890394,0.11338066245662004,High Risk,Low Profit,2,0
5.0,26054.0,66.0,0.0,1.0,1.03,42.88,1646.0,163.0,6989.44,816.0,445.0,222.0,34990.08,19081.6,9519.36,0.242294241636992,0.367491170321591,0.32,7.0,2.07,459.54,2727.38,2456.81,1339.81,3255.05,0.11,0.55,0.3,0.15,70580.48000000001,9779.05,13.85517638871257,42.88000000000001,5.941099635479951,1,1,0.8500000000000001,7.083278931105018,0.39021458804141695,Low Risk,Medium Profit,1,1
5.0,25609.0,71.0,0.0,1.0,1.03,43.86,1517.0,186.0,8157.96,732.0,399.0,200.0,32105.52,17500.14,8772.0,0.257820842377841,0.380446418491192,0.29,13.0,3.84,768.0,2951.0,2303.02,1255.33,2405.12,0.14,0.55,0.3,0.15,66535.62,8914.470000000001,13.398041530235988,43.86,5.8763810151615035,1,1,0.8500000000000001,3.1316666666666664,0.36173273913096704,High Risk,Medium Profit,1,1
5.0,25450.0,190.0,1.0,1.0,1.03,37.3,1827.0,410.0,15293.0,779.0,425.0,213.0,29056.7,15852.5,7944.9,0.354963585932273,0.480075407074764,0.31,7.0,2.07,440.91,2522.75,-4214.35,-2299.23,869.69,0.29,0.55,0.3,0.15,68147.09999999999,-3121.1400000000003,-4.5800041381071255,37.3,-1.7083415435139575,1,0,0.8500000000000001,1.9724887165181102,0.164961006992963,Low Risk,Low Profit,2,0
5.0,26016.0,63.0,1.0,0.0,1.0,36.31,1353.0,253.0,9186.43,605.0,330.0,165.0,21967.55,11982.3,5991.15,0.374968182994053,0.519868462905288,0.31,6.0,1.77,292.05,966.08,-4499.76,-2454.41,338.0,0.23,0.55,0.3,0.15,49127.43,-5650.09,-11.500886571921226,36.31,-4.175971914264597,1,0,0.8500000000000001,1.15733607259031,0.10516335410065902,Low Risk,Low Profit,2,0
5.0,25911.0,177.0,3.0,3.0,1.04,37.78,1467.0,133.0,5024.74,734.0,400.0,200.0,27730.52,15112.0,7556.0,0.251077002063394,0.444886948587373,0.31,10.0,2.95,590.0,1527.7,-165.38,-90.13,1707.3,0.1,0.55,0.3,0.15,55423.26,2979.49,5.375883699370985,37.78,2.0310088616223583,1,0,0.8500000000000001,2.893728813559322,0.304036049349233,Low Risk,Medium Profit,2,0
5.0,25644.0,185.0,0.0,3.0,1.04,38.67,1014.0,100.0,3867.0,503.0,274.0,137.0,19451.01,10595.58,5297.79,0.273716123327613,0.442389308963902,0.31,7.0,2.07,283.59,1097.82,-507.78,-276.6,1220.42,0.11,0.55,0.3,0.15,39211.38,1533.8600000000001,3.9117725517439075,38.669999999999995,1.512682445759369,0,0,0.8500000000000001,4.303466271730316,0.283894567708485,Low Risk,Low Profit,0,0
5.0,26680.0,67.0,3.0,0.0,1.0,33.11,1363.0,112.0,3708.32,688.0,375.0,188.0,22779.68,12416.25,6224.68,0.27217332419008,0.400781290768646,0.28,17.0,5.02,943.76,1212.79,1071.68,584.13,1091.99,0.09,0.55,0.3,0.15,45128.93,3960.59,8.77616641919053,33.11,2.905788701393984,1,0,0.8500000000000001,1.157063236416038,0.327045385041274,High Risk,Medium Profit,0,0
5.0,26437.0,181.0,1.0,0.0,1.0,44.03,1489.0,316.0,13913.48,645.0,352.0,176.0,28399.35,15498.56,7749.28,0.390991957182996,0.452206422062591,0.31,13.0,3.84,675.84,2181.66,-4350.73,-2374.35,539.26,0.27,0.55,0.3,0.15,65560.67,-4004.16,-6.107564184441678,44.03,-2.6891605104096707,1,0,0.8500000000000001,0.7979107481060606,0.15680162075441295,High Risk,Low Profit,2,0
5.0,26507.0,133.0,0.0,1.0,1.03,33.64,962.0,118.0,3969.52,464.0,253.0,127.0,15608.96,8510.92,4272.28,0.259540246576071,0.399806735711172,0.3,13.0,3.84,487.68,1352.23,634.55,345.99,967.69,0.14,0.55,0.3,0.15,32361.68,3300.46,10.198667065492275,33.64,3.430831600831601,0,0,0.8500000000000001,1.9842724737532809,0.340653017712757,High Risk,Medium Profit,0,0
5.0,25063.0,69.0,0.0,0.0,1.0,41.39,1198.0,137.0,5670.43,584.0,318.0,159.0,24171.76,13162.02,6581.01,0.235803328771144,0.364087493950501,0.29,3.0,0.89,141.51,2268.79,2661.53,1449.26,2491.61,0.13,0.55,0.3,0.15,49585.22,8871.19,17.890794877989855,41.39,7.405,1,1,0.8500000000000001,17.60730690410572,0.40010917727835504,Low Risk,High Profit,3,1
5.0,26549.0,66.0,1.0,1.0,1.03,40.97,1475.0,322.0,13192.34,634.0,346.0,173.0,25974.98,14175.62,7087.81,0.388467159692664,0.459206325793639,0.3,16.0,4.72,816.56,2009.54,-3835.82,-2093.36,263.1,0.28,0.55,0.3,0.15,60430.75,-3656.5400000000004,-6.050793677060106,40.97,-2.479010169491526,1,0,0.8500000000000001,0.3222053492701088,0.15232651451369694,High Risk,Low Profit,2,0
5.0,26672.0,148.0,0.0,2.0,1.05,36.54,497.0,53.0,1936.62,244.0,133.0,67.0,8915.76,4859.82,2448.18,0.237105827983469,0.373191292746924,0.29,17.0,5.02,336.34,754.71,888.93,484.54,617.72,0.12,0.55,0.3,0.15,18160.38,2745.8999999999996,15.120278320167307,36.54,5.524949698189134,0,0,0.8500000000000001,1.836593922816198,0.389702879269607,High Risk,High Profit,0,0
5.0,25883.0,64.0,1.0,3.0,1.04,33.35,513.0,89.0,2968.15,233.0,127.0,64.0,7770.55,4235.45,2134.4,0.368076554767322,0.464466112712398,0.27,5.0,1.48,94.72,497.04,-796.81,-434.31,262.7,0.21,0.55,0.3,0.15,17108.550000000003,-471.37999999999994,-2.755230571848578,33.35000000000001,-0.9188693957115008,0,0,0.8500000000000001,2.7734375,0.16745733252027994,Low Risk,Low Profit,0,0
5.0,25703.0,178.0,3.0,2.0,1.05,36.98,1086.0,89.0,3291.22,548.0,299.0,150.0,20265.04,11057.02,5547.0,0.251631429791451,0.399161982000805,0.31,3.0,0.89,133.5,1149.32,794.52,433.51,1803.55,0.09,0.55,0.3,0.15,40160.28,4180.9,10.410534986309857,36.98,3.8498158379373844,0,0,0.8500000000000001,13.509737827715355,0.349206588207744,Low Risk,Medium Profit,3,0
5.0,26041.0,71.0,1.0,0.0,1.0,36.6,1297.0,283.0,10357.8,558.0,304.0,152.0,20422.8,11126.4,5563.2,0.383930154866539,0.525889388471842,0.29,7.0,2.07,314.64,934.07,-4080.87,-2223.27,187.05,0.28,0.55,0.3,0.15,47470.2,-5183.0199999999995,-10.918470956515877,36.599999999999994,-3.996160370084811,1,0,0.8500000000000001,0.5944889397406561,0.09018045666161911,Low Risk,Low Profit,2,0
5.0,25947.0,194.0,0.0,1.0,1.03,42.02,1115.0,128.0,5378.56,543.0,296.0,148.0,22816.86,12437.92,6218.96,0.201845737956464,0.396769915008917,0.33,12.0,3.54,523.92,2158.87,1628.77,887.87,1972.27,0.13,0.55,0.3,0.15,46852.3,6647.780000000001,14.188801830433084,42.02,5.962134529147983,1,1,0.8500000000000001,3.7644487708047034,0.401384347034619,High Risk,Medium Profit,0,1
5.0,25463.0,136.0,0.0,1.0,1.03,36.44,1068.0,105.0,3826.2,530.0,289.0,144.0,19313.2,10531.16,5247.36,0.218603148069233,0.404059751145542,0.3,9.0,2.66,383.04,1443.77,1493.63,814.45,1596.98,0.11,0.55,0.3,0.15,38917.92,5348.83,13.743874287217817,36.44,5.008267790262172,0,1,0.8500000000000001,4.16922514619883,0.377337100785225,Low Risk,Medium Profit,0,1
5.0,26340.0,184.0,0.0,3.0,1.04,45.57,1443.0,143.0,6516.51,715.0,390.0,195.0,32582.55,17772.3,8886.15,0.235606228038669,0.44064777395688,0.31,14.0,4.13,805.35,2109.69,447.88,244.3,2071.51,0.11,0.55,0.3,0.15,65757.51,4873.380000000001,7.411138286714326,45.56999999999999,3.377255717255718,1,0,0.8500000000000001,2.5721860060843116,0.32374599800445103,High Risk,Medium Profit,1,0
5.0,25466.0,149.0,3.0,3.0,1.04,32.89,1160.0,124.0,4078.36,570.0,311.0,155.0,18747.3,10228.79,5097.95,0.209953659679741,0.361114417947829,0.3,11.0,3.25,503.75,1749.34,2417.13,1318.82,1682.92,0.12,0.55,0.3,0.15,38152.399999999994,7168.21,18.788359316845078,32.88999999999999,6.1794913793103445,0,1,0.8500000000000001,3.3407841191067,0.42893192237242994,High Risk,High Profit,0,1
5.0,25560.0,139.0,3.0,2.0,1.05,32.09,530.0,39.0,1251.51,270.0,147.0,74.0,8664.3,4717.23,2374.66,0.218899107780308,0.449125871900469,0.31,17.0,5.02,371.48,415.47,190.4,103.66,416.85,0.08,0.55,0.3,0.15,17007.699999999997,1126.38,6.622764982919503,32.089999999999996,2.125245283018868,0,0,0.8500000000000001,1.1221330892645633,0.331975020319223,High Risk,Medium Profit,0,0
5.0,26329.0,146.0,3.0,3.0,1.04,34.47,1703.0,209.0,7204.23,822.0,448.0,224.0,28334.34,15442.56,7721.28,0.262141120154411,0.415714754699729,0.28,13.0,3.84,860.16,2320.8,1194.13,650.81,1627.2,0.14,0.55,0.3,0.15,58702.409999999996,5792.94,9.868317161084187,34.47,3.401608925425719,1,1,0.8500000000000001,1.8917410714285716,0.32214412514586,High Risk,Medium Profit,1,1
5.0,25065.0,185.0,1.0,2.0,1.05,41.52,641.0,140.0,5812.8,276.0,150.0,75.0,11459.52,6228.0,3114.0,0.384166609868407,0.464036545413546,0.29,5.0,1.48,111.0,882.36,-1583.74,-860.73,361.7,0.28,0.55,0.3,0.15,26614.32,-1200.41,-4.510391398314892,41.519999999999996,-1.8727145085803434,0,0,0.8500000000000001,3.2585585585585584,0.151796844718047,Low Risk,Low Profit,0,0
5.0,25279.0,193.0,3.0,1.0,1.03,33.8,613.0,70.0,2366.0,299.0,163.0,81.0,10106.2,5509.4,2737.8,0.262751853913069,0.429612299380824,0.3,9.0,2.66,215.46,727.87,77.17,42.07,626.79,0.13,0.55,0.3,0.15,20719.399999999998,1473.9,7.113622981360465,33.8,2.404404567699837,0,0,0.8500000000000001,2.909078251183514,0.307635846706107,Low Risk,Medium Profit,0,0
5.0,25469.0,136.0,3.0,3.0,1.04,32.62,735.0,66.0,2152.92,368.0,201.0,100.0,12004.16,6556.62,3262.0,0.247296022735536,0.392234466527589,0.31,13.0,3.84,384.0,776.06,605.84,330.91,791.85,0.1,0.55,0.3,0.15,23975.7,2504.6600000000003,10.446660577167718,32.62,3.4077006802721095,0,0,0.8500000000000001,2.062109375,0.36046951073687505,High Risk,Medium Profit,0,0
5.0,26670.0,192.0,3.0,3.0,1.04,32.25,872.0,79.0,2547.75,436.0,238.0,119.0,14061.0,7675.5,3837.75,0.239035085570067,0.432449588412419,0.33,5.0,1.48,176.12,836.97,-20.88,-11.4,1084.64,0.1,0.55,0.3,0.15,28122.0,1889.3300000000002,6.71833440011379,32.25,2.1666628440366975,0,0,0.8500000000000001,6.1585282761753355,0.328515326017514,Low Risk,Medium Profit,0,0
5.0,25471.0,147.0,3.0,1.0,1.03,31.09,987.0,89.0,2767.01,494.0,269.0,135.0,15358.46,8363.21,4197.15,0.203626888114959,0.438051883736625,0.28,8.0,2.36,318.6,991.48,1202.89,655.02,1185.33,0.1,0.55,0.3,0.15,30685.83,4034.72,13.148479281805315,31.090000000000003,4.087862208713273,0,0,0.8500000000000001,3.720433145009416,0.35832122814841605,Low Risk,Medium Profit,0,0
5.0,25433.0,140.0,0.0,0.0,1.0,43.23,1091.0,108.0,4668.84,541.0,295.0,147.0,23387.43,12752.85,6354.81,0.23483701614663,0.434873548895121,0.31,8.0,2.36,346.92,1542.07,474.52,258.75,1752.01,0.11,0.55,0.3,0.15,47163.93,4027.3500000000004,8.539046682496561,43.23,3.6914298808432635,1,0,0.8500000000000001,5.05018448057189,0.33028943495824903,Low Risk,Medium Profit,0,0
5.0,25447.0,185.0,1.0,1.0,1.03,37.88,1683.0,303.0,11477.64,759.0,414.0,207.0,28750.92,15682.32,7841.16,0.367748347355518,0.525368609069847,0.33,18.0,5.31,1099.17,1226.77,-5601.13625,-3090.4475,-261.08,0.22,0.55,0.3,0.15,63752.03999999999,-7725.893749999999,-12.118661222448726,37.879999999999995,-4.590548871063577,1,0,0.8500000000000001,-0.237524677711364,0.10688304357463507,High Risk,Low Profit,2,0
5.0,25811.0,68.0,3.0,3.0,1.04,44.79,827.0,88.0,3941.52,406.0,222.0,111.0,18184.74,9943.38,4971.69,0.2520226345025,0.415092546655796,0.33,5.0,1.48,164.28,1312.07,52.46,28.68,1490.72,0.12,0.55,0.3,0.15,37041.33,2883.9300000000003,7.785708558520982,44.79,3.487218863361548,0,0,0.8500000000000001,9.074263452641832,0.33288481884170396,Low Risk,Medium Profit,0,0
5.0,25638.0,177.0,1.0,2.0,1.05,41.18,1305.0,244.0,10047.92,584.0,318.0,159.0,24049.12,13095.24,6547.62,0.385848688555416,0.517105757305399,0.31,9.0,2.66,422.94,975.11,-5121.37,-2788.69,212.48,0.23,0.55,0.3,0.15,53739.9,-6722.470000000001,-12.509271509623204,41.18,-5.151318007662836,1,0,0.8500000000000001,0.5023880455856623,0.09704555413918503,Low Risk,Low Profit,2,0
5.0,26193.0,71.0,0.0,1.0,1.03,44.29,1048.0,95.0,4207.55,524.0,286.0,143.0,23207.96,12666.94,6333.47,0.250680610146374,0.44484563623555,0.33,17.0,5.02,717.86,1281.09,-592.41,-323.34,1210.52,0.1,0.55,0.3,0.15,46415.92,1575.86,3.395085134583134,44.29,1.5036832061068701,1,0,0.8500000000000001,1.6862898058117182,0.30447375361807594,High Risk,Low Profit,0,0
5.0,26420.0,184.0,0.0,1.0,1.03,33.61,714.0,76.0,2554.36,351.0,191.0,96.0,11797.11,6419.51,3226.56,0.278361918777227,0.36048933903221,0.28,10.0,2.95,283.2,922.5,957.32,520.94,882.07,0.12,0.55,0.3,0.15,23997.540000000005,3282.8300000000004,13.679860519036533,33.61000000000001,4.59780112044818,0,0,0.8500000000000001,3.11465395480226,0.36114874219056303,Low Risk,Medium Profit,0,0
5.0,25384.0,191.0,1.0,3.0,1.04,40.74,1142.0,228.0,9288.72,503.0,274.0,137.0,20492.22,11162.76,5581.38,0.352449277031701,0.531841292907484,0.28,16.0,4.72,646.64,1074.79,-3366.68,-1833.94,-0.82,0.25,0.55,0.3,0.15,46525.08,-4126.65,-8.869732196054256,40.74,-3.613528896672504,1,0,0.8500000000000001,-0.0012680935296300877,0.11570943006081502,High Risk,Low Profit,2,0
5.0,25506.0,140.0,3.0,1.0,1.03,35.5,1534.0,200.0,7100.0,734.0,400.0,200.0,26057.0,14200.0,7100.0,0.257337637785822,0.367578424094245,0.32,16.0,4.72,944.0,2663.1,1435.32,782.19,1719.1,0.15,0.55,0.3,0.15,54457.0,6599.710000000001,12.119121508713299,35.5,4.302288135593221,1,1,0.8500000000000001,1.8210805084745763,0.3750839381199329,High Risk,Medium Profit,1,1
5.0,26614.0,186.0,2.0,2.0,1.05,46.63,479.0,13.0,606.19,256.0,140.0,70.0,11937.28,6528.2,3264.1,0.27543445203919,0.24523503716918582,0.31,15.0,4.43,310.1,310.09,2405.92,1315.74,1359.64,0.03,0.55,0.3,0.15,22335.77,5391.39,24.137918683797334,46.63,11.255511482254699,0,1,0.8500000000000001,4.384521122218639,0.47933051079162414,High Risk,High Profit,0,1
5.0,25695.0,135.0,3.0,2.0,1.05,40.68,714.0,52.0,2115.36,364.0,199.0,99.0,14807.52,8095.32,4027.32,0.245256641600281,0.387817745283246,0.33,17.0,5.02,496.98,776.18,546.78,298.92,980.75,0.08,0.55,0.3,0.15,29045.52,2602.63,8.960521278324505,40.68,3.645140056022409,0,0,0.8500000000000001,1.9734194534991347,0.3669256131164731,High Risk,Medium Profit,0,0
5.0,26292.0,183.0,0.0,1.0,1.03,33.25,955.0,86.0,2859.5,478.0,261.0,130.0,15893.5,8678.25,4322.5,0.224801994282752,0.420380583149381,0.32,12.0,3.54,460.2,1014.6,553.37,302.15,1073.5,0.1,0.55,0.3,0.15,31753.75,2943.62,9.27014919497697,33.25,3.0823246073298427,0,0,0.8500000000000001,2.3326814428509346,0.3548174225678671,High Risk,Medium Profit,0,0
5.0,26641.0,67.0,3.0,1.0,1.03,35.78,1539.0,165.0,5903.7,756.0,412.0,206.0,27049.68,14741.36,7370.68,0.253460129015148,0.411339162755758,0.29,15.0,4.43,912.58,1978.92,1222.66,666.32,1558.08,0.12,0.55,0.3,0.15,55065.42,5425.98,9.853697656351299,35.78,3.525653021442495,1,1,0.8500000000000001,1.7073352473207828,0.335200708229094,High Risk,Medium Profit,1,1
5.0,25611.0,179.0,1.0,3.0,1.04,35.8,771.0,144.0,5155.2,345.0,188.0,94.0,12351.0,6730.4,3365.2,0.378435775113758,0.509364750841632,0.29,16.0,4.72,443.68,578.41,-2196.01,-1196.67,-66.11,0.23,0.55,0.3,0.15,27601.8,-2880.3800000000006,-10.435478845582537,35.8,-3.735901426718548,0,0,0.8500000000000001,-0.14900378651280202,0.11219947404460995,High Risk,Low Profit,0,0
5.0,26338.0,66.0,1.0,0.0,1.0,34.18,1498.0,309.0,10561.62,654.0,357.0,178.0,22353.72,12202.26,6084.04,0.360528337280266,0.53881488875486,0.3,14.0,4.13,735.14,1063.1,-4456.06,-2432.44,-122.74,0.26,0.55,0.3,0.15,51201.64000000001,-5948.14,-11.61708882762349,34.18000000000001,-3.9707209612817094,1,0,0.8500000000000001,-0.1669613951084147,0.10065677396487394,High Risk,Low Profit,2,0
5.0,26415.0,192.0,3.0,0.0,1.0,36.99,1429.0,105.0,3883.95,728.0,397.0,199.0,26928.72,14685.03,7361.01,0.207761437240988,0.384028044389561,0.27,10.0,2.95,587.05,1585.47,3721.83,2029.63,2417.79,0.08,0.55,0.3,0.15,52858.71000000001,9754.720000000001,18.45432852977305,36.99,6.826256123163052,1,1,0.8500000000000001,4.118541861851631,0.408210518369451,Low Risk,High Profit,1,1
5.0,25716.0,178.0,0.0,0.0,1.0,34.7,1218.0,100.0,3470.0,615.0,335.0,168.0,21340.5,11624.5,5829.6,0.254000046662986,0.421319737914018,0.28,11.0,3.25,546.0,1126.64,953.5,519.39,1346.76,0.09,0.55,0.3,0.15,42264.6,3946.29,9.337104811118525,34.699999999999996,3.239975369458128,0,0,0.8500000000000001,2.4665934065934065,0.32468021542299597,High Risk,Medium Profit,0,0
5.0,25074.0,180.0,3.0,2.0,1.05,42.51,1358.0,100.0,4251.0,692.0,377.0,189.0,29416.92,16026.27,8034.39,0.272697974964976,0.440672687697224,0.3,4.0,1.18,223.02,1218.46,-393.32,-214.28,2079.87,0.08,0.55,0.3,0.15,57728.58,2690.73,4.661001535114843,42.51,1.9813917525773197,1,0,0.8500000000000001,9.325934893731503,0.28662933733779994,Low Risk,Low Profit,3,0
5.0,25692.0,68.0,1.0,1.0,1.03,38.68,1742.0,381.0,14737.08,749.0,408.0,204.0,28971.32,15781.44,7890.72,0.389718009717762,0.534242850425653,0.3,12.0,3.54,722.16,1120.59,-5601.13625,-3090.4475,-122.16,0.28,0.55,0.3,0.15,67380.56,-7693.1537499999995,-11.417467812674753,38.68,-4.416276549942594,1,0,0.8500000000000001,-0.16915918909936856,0.07603913985658495,High Risk,Low Profit,2,0
5.0,25303.0,149.0,1.0,0.0,1.0,37.81,1046.0,159.0,6011.79,488.0,266.0,133.0,18451.28,10057.46,5028.73,0.370080332399812,0.466449171002023,0.3,6.0,1.77,235.41,982.75,-2519.14,-1373.14,586.64,0.18,0.55,0.3,0.15,39549.259999999995,-2322.89,-5.873409515121144,37.809999999999995,-2.220736137667304,0,0,0.8500000000000001,2.491992693598403,0.16347049659816504,Low Risk,Low Profit,2,0
5.0,26569.0,184.0,3.0,2.0,1.05,46.38,900.0,89.0,4127.82,446.0,243.0,122.0,20685.48,11270.34,5658.36,0.207854159921408,0.440306167863309,0.29,4.0,1.18,143.96,1452.33,1279.18,696.95,1846.88,0.11,0.55,0.3,0.15,41742.0,5275.34,12.63796655646591,46.38,5.861488888888889,0,1,0.8500000000000001,12.829119199777717,0.351839672215283,Low Risk,Medium Profit,3,1
5.0,26693.0,69.0,3.0,2.0,1.05,36.8,1216.0,110.0,4048.0,608.0,332.0,166.0,22374.4,12217.6,6108.8,0.226574461422861,0.353757500462234,0.32,18.0,5.31,881.46,1698.82,2230.01,1217.7,1682.21,0.1,0.55,0.3,0.15,44748.8,6828.74,15.260163401029747,36.800000000000004,5.6157401315789475,1,1,0.8500000000000001,1.908436003902616,0.41966803811490505,High Risk,High Profit,0,1
5.0,26435.0,69.0,0.0,2.0,1.05,42.64,1467.0,108.0,4605.12,747.0,408.0,204.0,31852.08,17397.12,8698.56,0.209985647685826,0.44281000609044,0.33,4.0,1.18,240.72,1598.92,547.99,299.31,2779.46,0.08,0.55,0.3,0.15,62552.880000000005,5225.68,8.354019830901471,42.64,3.5621540558963876,1,1,0.8500000000000001,11.546444001329345,0.347204346223734,Low Risk,Medium Profit,3,1
5.0,26032.0,190.0,0.0,1.0,1.03,45.93,1535.0,164.0,7532.52,754.0,411.0,206.0,34631.22,18877.23,9461.58,0.213373685609549,0.426120710535906,0.29,9.0,2.66,547.96,2715.52,2441.7,1330.95,2862.99,0.12,0.55,0.3,0.15,70502.55,9351.16,13.263576991186843,45.93,6.091960912052117,1,1,0.8500000000000001,5.22481567997664,0.360505603854545,Low Risk,Medium Profit,1,1
5.0,26692.0,64.0,3.0,1.0,1.03,32.39,1305.0,139.0,4502.21,641.0,350.0,175.0,20761.99,11336.5,5668.25,0.215522291325033,0.394629188580438,0.28,9.0,2.66,465.5,1755.18,2280.67,1245.3,1744.26,0.12,0.55,0.3,0.15,42268.95,7025.410000000001,16.6207346054255,32.39,5.383455938697319,0,1,0.8500000000000001,3.747067669172932,0.38984852009452897,Low Risk,High Profit,1,1
5.0,25188.0,145.0,0.0,0.0,1.0,39.88,1076.0,123.0,4905.24,524.0,286.0,143.0,20897.12,11405.68,5702.84,0.219640405401587,0.369246097211726,0.28,18.0,5.31,759.33,2016.61,2739.89,1495.44,1585.18,0.13,0.55,0.3,0.15,42910.880000000005,7837.120000000001,18.26371307230241,39.88,7.283568773234202,0,1,0.8500000000000001,2.087603545230664,0.411113497386687,High Risk,High Profit,0,1
5.0,26431.0,188.0,1.0,3.0,1.04,34.12,1357.0,197.0,6721.64,638.0,348.0,174.0,21768.56,11873.76,5936.88,0.385203610151075,0.470712219574489,0.3,8.0,2.36,410.64,968.48,-3394.06,-1851.31,444.77,0.17,0.55,0.3,0.15,46300.84,-3832.1199999999994,-8.276566904617713,34.12,-2.8239646278555632,1,0,0.8500000000000001,1.0831141632573544,0.14408417027443599,Low Risk,Low Profit,2,0
5.0,25031.0,187.0,2.0,3.0,1.04,34.63,488.0,31.0,1073.53,251.0,137.0,69.0,8692.13,4744.31,2389.47,0.259661736420821,0.349253115220927,0.27,18.0,5.31,366.39,419.84,1052.49,574.47,568.1,0.07,0.55,0.3,0.15,16899.440000000002,2614.9,15.473293789616696,34.63,5.358401639344263,0,0,0.8500000000000001,1.5505335844318897,0.39108514835825203,High Risk,High Profit,0,0
5.0,25675.0,183.0,0.0,0.0,1.0,32.2,980.0,120.0,3864.0,473.0,258.0,129.0,15230.6,8307.6,4153.8,0.27029560610652,0.429420872707851,0.27,6.0,1.77,228.33,1160.3,461.24,251.58,1018.99,0.14,0.55,0.3,0.15,31555.999999999996,2892.1099999999997,9.165008239320573,32.199999999999996,2.951132653061224,0,0,0.8500000000000001,4.462795077300398,0.30028352118562895,Low Risk,Medium Profit,0,0
5.0,25826.0,141.0,3.0,0.0,1.0,38.14,570.0,70.0,2669.8,275.0,150.0,75.0,10488.5,5721.0,2860.5,0.250799133498222,0.372224805108272,0.29,9.0,2.66,199.5,1006.45,912.25,497.59,878.84,0.14,0.55,0.3,0.15,21739.8,3295.13,15.157131160360263,38.14,5.780929824561404,0,0,0.8500000000000001,4.405213032581454,0.37697606139350603,Low Risk,High Profit,0,0
5.0,26516.0,183.0,0.0,0.0,1.0,36.82,1405.0,161.0,5928.02,684.0,373.0,187.0,25184.88,13733.86,6885.34,0.203489521797746,0.444077751017176,0.32,15.0,4.43,828.41,2089.23,816.81,445.43,1598.21,0.13,0.55,0.3,0.15,51732.100000000006,4949.68,9.567908513282855,36.82000000000001,3.5229039145907475,1,1,0.8500000000000001,1.929250009053488,0.352432727185078,High Risk,Medium Profit,1,1
5.0,26552.0,141.0,3.0,0.0,1.0,38.09,574.0,47.0,1790.23,290.0,158.0,79.0,11046.1,6018.22,3009.11,0.248063210938126,0.365854865894653,0.27,5.0,1.48,116.92,691.18,1282.25,698.61,1044.84,0.09,0.55,0.3,0.15,21863.66,3716.88,17.000264365618566,38.089999999999996,6.475400696864112,0,0,0.8500000000000001,8.936366746493327,0.386081923167221,Low Risk,High Profit,0,0
5.0,25718.0,138.0,3.0,3.0,1.04,31.23,1671.0,205.0,6402.15,806.0,440.0,220.0,25171.38,13741.2,6870.6,0.200967224538326,0.431224536173977,0.31,6.0,1.77,389.4,2354.76,1455.11,794.35,2137.66,0.14,0.55,0.3,0.15,52185.329999999994,6741.88,12.91910964249915,31.229999999999997,4.034637941352484,1,1,0.8500000000000001,5.489625064201335,0.367808239287697,Low Risk,Medium Profit,1,1
5.0,25568.0,65.0,1.0,3.0,1.04,31.98,1032.0,172.0,5500.56,473.0,258.0,129.0,15126.54,8250.84,4125.42,0.356301359925419,0.467378633026965,0.29,10.0,2.95,380.55,969.86,-1719.58,-937.96,346.84,0.2,0.55,0.3,0.15,33003.36,-1340.84,-4.062737854569959,31.98,-1.2992635658914728,0,0,0.8500000000000001,0.9114176849297069,0.17632000704761608,Low Risk,Low Profit,0,0
5.0,25880.0,189.0,1.0,3.0,1.04,35.91,1569.0,343.0,12317.13,674.0,368.0,184.0,24203.34,13214.88,6607.44,0.351554542139638,0.533320125006139,0.29,10.0,2.95,542.8,1418.01,-4232.55,-2310.95,217.88,0.28,0.55,0.3,0.15,56342.79,-4907.61,-8.710271536074092,35.910000000000004,-3.127858508604206,1,0,0.8500000000000001,0.4014001473839352,0.115125332854223,Low Risk,Low Profit,2,0
5.0,26250.0,178.0,1.0,1.0,1.03,46.15,1328.0,282.0,13014.3,575.0,314.0,157.0,26536.25,14491.1,7245.55,0.396782761567738,0.455687405145727,0.31,5.0,1.48,232.36,1920.0,-4311.35,-2354.37,836.57,0.27,0.55,0.3,0.15,61287.200000000004,-3909.15,-6.378411805401455,46.150000000000006,-2.943637048192771,1,0,0.8500000000000001,3.6003184713375798,0.14752983328653502,Low Risk,Low Profit,2,0
5.0,26047.0,177.0,0.0,3.0,1.04,39.38,955.0,109.0,4292.42,465.0,254.0,127.0,18311.7,10002.52,5001.26,0.207481613606215,0.44197449288331,0.32,18.0,5.31,674.37,1504.68,559.31,305.52,1078.79,0.13,0.55,0.3,0.15,37607.9,3448.2999999999997,9.169084155190797,39.38,3.610785340314136,0,0,0.8500000000000001,1.5997004611711672,0.350543893510475,High Risk,Medium Profit,0,0
5.0,25360.0,148.0,1.0,0.0,1.0,35.42,1344.0,251.0,8890.42,601.0,328.0,164.0,21287.42,11617.76,5808.88,0.356388753640931,0.497181930672377,0.27,11.0,3.25,533.0,1301.82,-2630.5,-1435.61,317.59,0.23,0.55,0.3,0.15,47604.479999999996,-2446.7,-5.1396423193783445,35.419999999999995,-1.8204613095238094,1,0,0.8500000000000001,0.5958536585365853,0.14642931568669204,High Risk,Low Profit,2,0
5.0,26295.0,144.0,0.0,2.0,1.05,36.84,1234.0,151.0,5562.84,596.0,325.0,162.0,21956.64,11973.0,5968.08,0.246793070137501,0.430129933496937,0.28,15.0,4.43,717.66,1797.23,945.83,515.76,1210.49,0.14,0.55,0.3,0.15,45460.56,4469.3099999999995,9.831181138111804,36.839999999999996,3.621807131280389,1,0,0.8500000000000001,1.6867179444305103,0.323076996365562,High Risk,Medium Profit,0,0
5.0,26319.0,137.0,0.0,3.0,1.04,45.02,1223.0,150.0,6753.0,590.0,322.0,161.0,26561.8,14496.44,7248.22,0.215267715398222,0.423388046748005,0.31,13.0,3.84,618.24,2440.16,1363.8,744.31,2000.86,0.14,0.55,0.3,0.15,55059.46000000001,6549.13,11.894649893042903,45.02,5.354971381847915,1,1,0.8500000000000001,3.2363806935817805,0.361344237853773,High Risk,Medium Profit,1,1
5.0,25043.0,186.0,0.0,2.0,1.05,39.49,1499.0,160.0,6318.4,736.0,402.0,201.0,29064.64,15874.98,7937.49,0.276171390805393,0.366074593015946,0.28,12.0,3.54,711.54,2260.43,2259.89,1234.34,2128.13,0.12,0.55,0.3,0.15,59195.51,7882.79,13.316533635743658,39.49,5.25869913275517,1,1,0.8500000000000001,2.990878938640133,0.357754016178661,High Risk,Medium Profit,1,1
5.0,25558.0,187.0,0.0,1.0,1.03,31.21,1210.0,139.0,4338.19,589.0,321.0,161.0,18382.69,10018.41,5024.81,0.260982005298138,0.377487498149276,0.33,12.0,3.54,569.94,1568.39,579.62,315.89,1246.68,0.13,0.55,0.3,0.15,37764.1,3710.58,9.825681003916419,31.209999999999997,3.066595041322314,0,0,0.8500000000000001,2.1873881461206444,0.36153049655258607,High Risk,Medium Profit,0,0
5.0,25475.0,145.0,1.0,2.0,1.05,32.63,556.0,96.0,3132.48,253.0,138.0,69.0,8255.39,4502.94,2251.47,0.357650327438023,0.46010667392984,0.29,13.0,3.84,264.96,570.87,-889.58,-485.22,145.35,0.21,0.55,0.3,0.15,18142.28,-658.58,-3.6300839806242657,32.629999999999995,-1.1844964028776979,0,0,0.8500000000000001,0.5485733695652174,0.182242998632137,High Risk,Low Profit,0,0
5.0,25344.0,191.0,3.0,1.0,1.03,31.78,992.0,121.0,3845.38,479.0,261.0,131.0,15222.62,8294.58,4163.18,0.259586884006858,0.444023559708148,0.28,6.0,1.77,231.87,1139.73,249.49,135.94,1002.05,0.14,0.55,0.3,0.15,31525.760000000002,2527.21,8.016333309648997,31.78,2.547590725806452,0,0,0.8500000000000001,4.321602622158968,0.2963895562849941,Low Risk,Medium Profit,0,0
6.0,26112.0,129.0,1.0,2.0,1.05,38.94,1136.0,352.0,13706.88,274.0,157.0,353.0,10669.56,6113.58,13745.82,0.395483180938754,0.512464524642564,0.3,12.0,3.54,1249.62,1261.75,-2218.71,-1271.3,15.71,0.45,0.35,0.2,0.45,44235.84,-2212.55,-5.001713542683942,38.94,-1.947667253521127,0,0,0.55,0.012571821833837489,0.09205229441868201,High Risk,Low Profit,2,0
6.0,25380.0,222.0,2.0,3.0,1.04,44.93,1280.0,105.0,4717.65,411.0,235.0,529.0,18466.23,10558.55,21184.489999999998,0.288379963859916,0.343913668871392,0.31,16.0,4.72,1974.58125,1734.71,1065.62,609.3,6242.75,0.09,0.35,0.2,0.45,54926.91999999999,9652.380000000001,17.573131717562177,42.91165624999999,7.540921875,1,1,0.55,3.1615564059468304,0.367706367268692,High Risk,High Profit,1,1
6.0,25774.0,252.0,1.0,1.0,1.03,36.86,1156.0,385.0,14191.1,270.0,154.0,347.0,9952.2,5676.44,12790.42,0.35236691699829,0.470903452159837,0.29,4.0,1.18,409.46,2507.99,-1127.29,-642.97,1850.99,0.5,0.35,0.2,0.45,42610.16,2588.72,6.075358552983607,36.86000000000001,2.239377162629758,0,0,0.55,4.520563669222879,0.1767296308418731,Low Risk,Medium Profit,0,0
6.0,26463.0,89.0,1.0,2.0,1.05,43.67,1315.0,395.0,17249.65,322.0,184.0,414.0,14061.74,8035.28,18079.38,0.365248476399574,0.474028118723072,0.28,4.0,1.18,488.52,2772.42,-1677.24,-958.42,2417.26,0.43,0.35,0.2,0.45,57426.05,2554.0200000000004,4.447493776779006,43.67,1.942220532319392,1,0,0.55,4.948129042823222,0.16072340487735404,Low Risk,Low Profit,1,0
6.0,25086.0,251.0,0.0,0.0,1.0,37.54,1551.0,481.0,18056.74,374.0,214.0,482.0,14039.96,8033.56,18094.28,0.221766426768154,0.386539075057954,0.31,5.0,1.48,713.36,5436.3550000000005,1146.99,656.3,6276.405000000001,0.45,0.35,0.2,0.45,58224.54,13516.050000000001,23.213665578122217,37.54,8.71441005802708,1,1,0.55,8.798369687114501,0.391694498173892,Low Risk,High Profit,1,1
6.0,25882.0,32.0,2.0,3.0,1.04,42.19,1058.0,69.0,2911.11,346.0,198.0,445.0,14597.74,8353.62,18774.55,0.253875967266504,0.27200572937727,0.27,9.0,2.66,1183.7,1380.21,2979.67,1705.13,6276.405000000001,0.07,0.35,0.2,0.45,44637.020000000004,12341.415,27.648384681593885,42.190000000000005,11.664853497164462,0,1,0.55,5.3023612401791,0.47411830335622596,Low Risk,High Profit,1,1
6.0,25780.0,128.0,1.0,3.0,1.04,32.31,1698.0,602.0,19450.62,384.0,219.0,493.0,12407.04,7075.89,15928.83,0.37472741433885,0.536548694083467,0.31,12.0,3.54,1745.22,1725.73,-2745.38,-1565.73,-331.95,0.55,0.35,0.2,0.45,54862.380000000005,-2917.33,-5.317541820096029,32.31,-1.7180977620730271,1,0,0.55,-0.19020524632997557,0.08872389157768312,High Risk,Low Profit,2,0
6.0,25449.0,97.0,0.0,0.0,1.0,33.24,1773.0,469.0,15589.56,456.0,261.0,546.625,15157.44,8675.64,19511.88,0.212204296216369,0.350974699202925,0.32,9.0,2.66,1561.42,5436.3550000000005,1770.71,1013.5,6276.405000000001,0.36,0.35,0.2,0.45,58934.520000000004,14496.970000000001,24.598435687607196,33.24,8.176520022560632,1,1,0.55,4.0196776011579205,0.43682100458070594,Low Risk,High Profit,1,1
6.0,25373.0,229.0,1.0,0.0,1.0,37.38,1251.0,422.0,15774.36,290.0,166.0,373.0,10840.2,6205.08,13942.74,0.391263067803811,0.527080510440283,0.28,13.0,3.84,1432.32,1288.08,-2150.08,-1230.74,-293.81,0.51,0.35,0.2,0.45,46762.38,-2386.5499999999997,-5.10356829571121,37.379999999999995,-1.9077138289368503,1,0,0.55,-0.20512874218051833,0.08165642175590593,High Risk,Low Profit,2,0
6.0,25038.0,94.0,3.0,3.0,1.04,37.49,578.0,100.0,3749.0,167.0,96.0,215.0,6260.83,3599.04,8060.35,0.274961324650794,0.424550715275109,0.32,15.0,4.43,952.45,1126.53,-122.16,-70.22,1469.59,0.21,0.35,0.2,0.45,21669.22,2403.74,11.092877362452363,37.49,4.158719723183391,0,0,0.55,1.542957635571421,0.30048796007409706,High Risk,Medium Profit,0,0
6.0,25006.0,125.0,3.0,3.0,1.04,36.59,617.0,111.0,4061.49,177.0,101.0,228.0,6476.43,3695.59,8342.52,0.206805597655475,0.410740737128071,0.28,5.0,1.48,337.44,1553.33,663.53,378.63,2853.19,0.22,0.35,0.2,0.45,22576.03,5448.68,24.13480138004778,36.589999999999996,8.830923824959482,0,1,0.55,8.455399478425795,0.38245366521645396,Low Risk,High Profit,3,1
6.0,26142.0,225.0,0.0,0.0,1.0,35.99,893.0,178.0,6406.22,250.0,143.0,322.0,8997.5,5146.57,11588.78,0.241009941715747,0.441597330896184,0.29,12.0,3.54,1139.88,2033.29,246.47,140.98,2538.31,0.25,0.35,0.2,0.45,32139.07,4959.049999999999,15.429973549327967,35.99,5.553247480403135,0,1,0.55,2.226822121626838,0.317392727388069,High Risk,High Profit,0,1
6.0,25392.0,249.0,3.0,2.0,1.05,46.88,1499.0,270.0,12657.6,430.0,246.0,546.625,20158.4,11532.48,21184.489999999998,0.279234420564026,0.354903346952051,0.3,5.0,1.48,818.44,4630.94,1327.68,759.55,6276.405000000001,0.22,0.35,0.2,0.45,65532.969999999994,12994.575,19.829064667754263,43.717791861240826,8.668829219479653,1,1,0.55,7.668741752602513,0.365862232483923,Low Risk,High Profit,1,1
6.0,26564.0,253.0,3.0,0.0,1.0,35.24,1210.0,264.0,9303.36,331.0,189.0,426.0,11664.44,6660.36,15012.24,0.240514187514782,0.418890317482874,0.3,11.0,3.25,1384.5,3168.68,473.52,270.38,3728.6,0.28,0.35,0.2,0.45,42640.4,7641.18,17.9200476543372,35.24,6.31502479338843,0,1,0.55,2.6931022029613576,0.340595495002344,High Risk,High Profit,1,1
6.0,25025.0,226.0,1.0,1.0,1.03,31.92,1930.0,510.0,16279.2,497.0,284.0,546.625,15864.24,9065.28,20396.88,0.390945377526805,0.534093063115142,0.3,12.0,3.54,1974.58125,1220.31,-3570.06,-2040.04,-733.08,0.36,0.35,0.2,0.45,61605.600000000006,-5122.87,-8.315591439739244,31.92,-2.654336787564767,1,0,0.55,-0.37125846302855353,0.07496155935805293,High Risk,Low Profit,2,0
6.0,25106.0,250.0,2.0,3.0,1.04,34.66,648.0,30.0,1039.8,216.0,124.0,278.0,7486.56,4297.84,9635.48,0.292292550276034,0.295013707689941,0.28,13.0,3.84,1067.52,429.12,993.42,570.3,2908.98,0.05,0.35,0.2,0.45,22459.68,4901.82,21.824977025496352,34.660000000000004,7.564537037037036,0,0,0.55,2.7249887589928057,0.412693742034025,High Risk,High Profit,0,0
6.0,25139.0,252.0,2.0,2.0,1.05,32.66,744.0,35.0,1143.1,248.0,142.0,319.0,8099.68,4637.72,10418.54,0.251355279691052,0.24523503716918582,0.32,15.0,4.43,1413.17,607.96,1715.96,982.53,4127.99,0.05,0.35,0.2,0.45,24299.04,7434.44,30.595612007717175,32.660000000000004,9.99252688172043,0,1,0.55,2.9210852197541692,0.5034096831397622,High Risk,High Profit,0,1
6.0,26257.0,31.0,3.0,3.0,1.04,35.1,1333.0,275.0,9652.5,370.0,212.0,476.0,12987.0,7441.2,16707.6,0.269191359058023,0.41315082681831,0.31,8.0,2.36,1123.36,3066.19,99.45,56.98,4183.94,0.26,0.35,0.2,0.45,46788.3,7406.5599999999995,15.829940391080674,35.1,5.556309077269317,1,1,0.55,3.72448725252813,0.317657814123667,Low Risk,High Profit,1,1
6.0,25369.0,124.0,0.0,2.0,1.05,38.81,1624.0,355.0,13777.55,444.0,254.0,546.625,17231.64,9857.74,21184.489999999998,0.213594257980585,0.397822910523973,0.33,10.0,2.95,1684.45,5353.72,1009.48,577.49,6276.405000000001,0.28,0.35,0.2,0.45,62051.42,13217.095000000001,21.300229712712458,38.20900246305418,8.138605295566503,1,1,0.55,3.7260856659443737,0.38858283149544204,Low Risk,High Profit,1,1
6.0,26111.0,254.0,3.0,1.0,1.03,42.32,1855.0,346.0,14642.72,528.0,302.0,546.625,22344.96,12780.64,21184.489999999998,0.226639509219676,0.395567658729851,0.27,3.0,0.89,604.31,5436.3550000000005,2408.63,1377.66,6276.405000000001,0.23,0.35,0.2,0.45,70952.81,15499.050000000001,21.844166566482713,38.24949326145553,8.355283018867926,1,1,0.55,10.386068408598238,0.377792832050473,Low Risk,High Profit,1,1
6.0,25492.0,132.0,3.0,2.0,1.05,36.23,1746.0,303.0,10977.69,505.0,289.0,546.625,18296.15,10470.47,21184.489999999998,0.259713232722133,0.429588017426431,0.32,7.0,2.07,1343.43,3410.75,-170.18,-97.39,5962.11,0.21,0.35,0.2,0.45,60928.8,9105.29,14.944147923477896,34.89621993127148,5.214942726231387,1,1,0.55,4.437975927290592,0.310698749851436,Low Risk,Medium Profit,1,1
6.0,25682.0,227.0,1.0,1.0,1.03,46.34,1569.0,543.0,23020.373750000002,359.0,205.0,462.0,16636.06,9499.7,21184.489999999998,0.373308735329192,0.462983097415417,0.28,15.0,4.43,1974.58125,4119.33,-1934.64,-1104.74,1458.18,0.53,0.35,0.2,0.45,70340.62375,2538.1299999999997,3.6083416163906277,44.83150015933715,1.6176736775015932,1,0,0.55,0.7384755628566817,0.16370816725539106,High Risk,Low Profit,2,0
6.0,26103.0,89.0,3.0,1.0,1.03,39.15,1914.0,383.0,14994.45,536.0,306.0,546.625,20984.4,11979.9,21184.489999999998,0.222852778360248,0.388389316829853,0.31,11.0,3.25,1974.58125,5436.3550000000005,1652.69,943.51,6276.405000000001,0.25,0.35,0.2,0.45,69143.24,14308.960000000001,20.69466226922545,36.12499477533961,7.475945663531871,1,1,0.55,3.178600526060906,0.388757904809899,High Risk,High Profit,1,1
6.0,26574.0,255.0,0.0,3.0,1.04,44.39,2103.0,545.0,23020.373750000002,545.0,312.0,546.625,24192.55,13849.68,21184.489999999998,0.227275923360139,0.405208936799318,0.3,10.0,2.95,1974.58125,5436.3550000000005,1633.36,935.06,6276.405000000001,0.35,0.35,0.2,0.45,82247.09375,14281.18,17.36375031488575,39.10941214931051,6.790860675225868,1,1,0.55,3.178600526060906,0.36751513984054296,Low Risk,High Profit,1,1
6.0,25092.0,226.0,1.0,0.0,1.0,38.56,1452.0,392.0,15115.52,371.0,212.0,477.0,14305.76,8174.72,18393.12,0.368413513898849,0.490756772225723,0.3,12.0,3.54,1688.58,2128.71,-2277.05,-1301.17,901.72,0.37,0.35,0.2,0.45,55989.119999999995,-547.7900000000002,-0.9783865150943616,38.559999999999995,-0.3772658402203858,1,0,0.55,0.5340108256641676,0.14082971387542798,High Risk,Low Profit,2,0
6.0,26346.0,92.0,2.0,2.0,1.05,34.82,1559.0,74.0,2576.68,520.0,297.0,546.625,18106.4,10341.54,21184.489999999998,0.251541353319772,0.346690253505949,0.32,10.0,2.95,1970.6,1035.23,1480.53,845.61,6276.405000000001,0.05,0.35,0.2,0.45,52209.11,9637.775000000001,18.459948848007564,33.48884541372675,6.182023733162285,1,1,0.55,3.1850223282249064,0.40176839317427904,Low Risk,High Profit,1,1
6.0,25094.0,255.0,1.0,0.0,1.0,35.58,1372.0,457.0,16260.06,320.0,183.0,412.0,11385.6,6511.14,14658.96,0.392297586519271,0.478353368979879,0.31,11.0,3.25,1339.0,2103.22,-2056.82,-1176.24,557.12,0.5,0.35,0.2,0.45,48815.76,-572.7200000000004,-1.17322766254177,35.58,-0.4174344023323618,1,0,0.55,0.41607169529499627,0.12934904450085005,High Risk,Low Profit,2,0
6.0,25420.0,126.0,3.0,2.0,1.05,38.11,1361.0,236.0,8993.96,394.0,225.0,506.0,15015.34,8574.75,19283.66,0.217586544938386,0.420943735772744,0.3,14.0,4.13,1974.58125,3251.04,922.99,527.09,4880.68,0.21,0.35,0.2,0.45,51867.71,9581.8,18.473535847254485,38.11,7.040264511388684,1,1,0.55,2.4717544542672023,0.36146971928886995,High Risk,High Profit,1,1
6.0,26460.0,92.0,3.0,0.0,1.0,42.77,594.0,103.0,4405.31,172.0,98.0,221.0,7356.44,4191.46,9452.17,0.211001245379448,0.424304420920089,0.29,5.0,1.48,327.08,1606.59,549.48,313.08,3120.07,0.21,0.35,0.2,0.45,25405.379999999997,5589.219999999999,22.00014327673902,42.769999999999996,9.409461279461278,0,1,0.55,9.539164730341202,0.364694333700463,Low Risk,High Profit,3,1
6.0,25772.0,92.0,1.0,3.0,1.04,44.69,1130.0,381.0,17026.89,262.0,150.0,337.0,11708.78,6703.5,15060.53,0.354959928162862,0.479285536636598,0.32,16.0,4.72,1590.64,2822.28,-1806.03,-1033.98,905.71,0.51,0.35,0.2,0.45,50499.7,887.9800000000002,1.7583866834852488,44.69,0.7858230088495577,1,0,0.55,0.5693997384700498,0.16575453520054007,High Risk,Low Profit,2,0
6.0,25745.0,130.0,0.0,1.0,1.03,38.54,2039.0,561.0,21620.94,517.0,296.0,546.625,19925.18,11407.84,21184.489999999998,0.253008397165686,0.351952241081744,0.32,9.0,2.66,1768.9,5436.3550000000005,1495.17,856.04,6276.405000000001,0.38,0.35,0.2,0.45,74138.44999999998,14063.970000000001,18.96987325739883,36.360201078960266,6.897484060814125,1,1,0.55,3.548196619367969,0.39503936175257004,Low Risk,High Profit,1,1
6.0,25786.0,91.0,0.0,2.0,1.05,32.3,1390.0,312.0,10077.6,377.0,216.0,485.0,12177.1,6976.8,15665.5,0.224799485262483,0.363931142981164,0.3,6.0,1.77,858.45,4144.61,1354.94,776.3,5584.29,0.29,0.35,0.2,0.45,44897.0,11860.14,26.416330712519766,32.3,8.532474820143884,1,1,0.55,6.505084745762711,0.4112693717563529,Low Risk,High Profit,1,1
6.0,25962.0,248.0,0.0,2.0,1.05,42.26,869.0,252.0,10649.52,216.0,123.0,278.0,9128.16,5197.98,11748.28,0.256736692748964,0.449217923730612,0.28,4.0,1.18,328.04,3131.44,128.21,73.01,3126.49,0.41,0.35,0.2,0.45,36723.94,6459.15,17.588390570292837,42.260000000000005,7.432853855005753,0,1,0.55,9.530819412266796,0.294045383520424,Low Risk,High Profit,3,1
6.0,26610.0,89.0,0.0,0.0,1.0,42.19,1103.0,309.0,13036.71,278.0,159.0,357.0,11728.82,6708.21,15061.83,0.241353793535382,0.448946317541413,0.31,3.0,0.89,317.73,4037.47,-3.52,-2.01,4346.92,0.39,0.35,0.2,0.45,46535.57,8378.86,18.00528069173753,42.19,7.596427923844062,1,1,0.55,13.681175841122965,0.309699888923205,Low Risk,High Profit,3,1
6.0,26491.0,124.0,3.0,2.0,1.05,42.76,1276.0,271.0,11587.96,352.0,201.0,452.0,15051.52,8594.76,19327.52,0.210227783732116,0.438780712056905,0.3,18.0,5.31,1974.58125,4067.28,767.5,438.26,4383.68,0.27,0.35,0.2,0.45,54561.759999999995,9656.720000000001,17.698695936494723,42.76,7.567962382445142,1,1,0.55,2.2200555181003567,0.350991504210979,High Risk,High Profit,1,1
6.0,26505.0,28.0,1.0,2.0,1.05,40.96,1414.0,418.0,17121.28,349.0,199.0,448.0,14295.04,8151.04,18350.08,0.369314089196268,0.513505963794887,0.27,8.0,2.36,1057.28,2006.27,-2184.57,-1245.64,1092.98,0.42,0.35,0.2,0.45,57917.44,-330.96000000000026,-0.5714340965346539,40.96,-0.23405940594059424,1,0,0.55,1.0337658898305084,0.11717994700884504,Low Risk,Low Profit,2,0
6.0,25292.0,129.0,3.0,3.0,1.04,34.98,1162.0,217.0,7590.66,331.0,189.0,425.0,11578.38,6611.22,14866.5,0.236099762544036,0.438484684517607,0.28,18.0,5.31,1974.58125,2470.12,525.84,300.25,2581.04,0.23,0.35,0.2,0.45,40646.76,5877.25,14.459332059923103,34.980000000000004,5.057874354561101,0,1,0.55,1.3071328414568912,0.325415552938357,High Risk,Medium Profit,1,1
6.0,25186.0,89.0,0.0,1.0,1.03,44.93,1146.0,250.0,11232.5,314.0,179.0,403.0,14108.02,8042.47,18106.79,0.21141081430018,0.359518893412314,0.33,9.0,2.66,1071.98,4819.53,1397.69,796.77,6276.405000000001,0.28,0.35,0.2,0.45,51489.78,13290.395,25.811714480038567,44.93,11.597203315881327,1,1,0.55,5.854964644862778,0.42907029228750604,Low Risk,High Profit,1,1
6.0,26114.0,93.0,0.0,2.0,1.05,40.25,942.0,228.0,9177.0,250.0,143.0,321.0,10062.5,5755.75,12920.25,0.275714058354497,0.384198272461072,0.32,11.0,3.25,1043.25,3120.98,202.13,115.62,3350.77,0.32,0.35,0.2,0.45,37915.5,6789.5,17.90692460866928,40.25,7.207537154989384,0,1,0.55,3.2118571770908217,0.340087669184431,High Risk,High Profit,0,1
6.0,25876.0,30.0,1.0,3.0,1.04,40.51,1837.0,612.0,23020.373750000002,429.0,245.0,546.625,17378.79,9924.95,21184.489999999998,0.376616796280723,0.496469203196466,0.28,9.0,2.66,1465.66,3146.47,-2660.45,-1519.37,1367.19,0.5,0.35,0.2,0.45,71508.60375000001,333.84000000000015,0.4668529134859525,38.92683927599347,0.1817310832879696,1,0,0.55,0.9328152504673662,0.1269140005228111,Low Risk,Low Profit,2,0
6.0,25390.0,30.0,3.0,3.0,1.04,34.08,958.0,209.0,7122.72,262.0,150.0,337.0,8928.96,5112.0,11484.96,0.251370042897761,0.351589107490145,0.31,13.0,3.84,1294.08,2828.01,777.18,444.95,3265.92,0.28,0.35,0.2,0.45,32648.64,7316.0599999999995,22.408467856547777,34.08,7.636805845511482,0,1,0.55,2.523738872403561,0.39704084961209407,High Risk,High Profit,0,1
6.0,25244.0,248.0,1.0,1.0,1.03,35.17,761.0,221.0,7772.57,189.0,108.0,243.0,6647.13,3798.36,8546.31,0.38773919926025,0.496896873624064,0.28,9.0,2.66,646.38,896.67,-1094.36,-625.35,339.56,0.41,0.35,0.2,0.45,26764.370000000003,-483.47999999999996,-1.8064314609310808,35.17,-0.6353219448094611,0,0,0.55,0.5253256598285838,0.115363927115686,Low Risk,Low Profit,0,0
6.0,26149.0,27.0,0.0,3.0,1.04,39.35,1881.0,575.0,22626.25,457.0,261.0,546.625,17982.95,10270.35,21184.489999999998,0.249205620121211,0.392973104561679,0.32,13.0,3.84,1974.58125,5436.3550000000005,680.14,388.44,6021.28,0.44,0.35,0.2,0.45,72064.04,12526.215,17.382060456227546,38.31155768208399,6.659338118022329,1,1,0.55,3.0493959162227435,0.35782127531710994,High Risk,High Profit,1,1
6.0,25448.0,255.0,3.0,3.0,1.04,44.34,754.0,160.0,7094.4,208.0,119.0,267.0,9222.72,5276.46,11838.78,0.203992223143578,0.406685894890688,0.28,4.0,1.18,315.06,2762.01,1008.25,576.83,4294.04,0.27,0.35,0.2,0.45,33432.36,8641.130000000001,25.846604906144826,44.34,11.460384615384617,0,1,0.55,13.629276963118135,0.38932188196573403,Low Risk,High Profit,3,1
6.0,25032.0,253.0,2.0,2.0,1.05,41.06,949.0,45.0,1847.7,316.0,181.0,407.0,12974.96,7431.86,16711.42,0.282779273379128,0.280021977855358,0.32,12.0,3.54,1440.78,807.81,1520.65,871.0,5865.43,0.05,0.35,0.2,0.45,38965.94,9064.89,23.263624591117267,41.06,9.55204425711275,0,1,0.55,4.071010147281334,0.437198748765514,High Risk,High Profit,1,1
6.0,25045.0,92.0,3.0,2.0,1.05,46.66,1516.0,322.0,15024.52,418.0,239.0,537.0,19503.88,11151.74,21184.489999999998,0.210184778869152,0.444766892120242,0.32,8.0,2.36,1267.32,5184.19,488.54,279.33,6276.405000000001,0.27,0.35,0.2,0.45,66864.63,12228.465,18.288391037234483,44.10595646437995,8.066269788918206,1,1,0.55,4.952502130480069,0.345048329010606,Low Risk,High Profit,1,1
6.0,26259.0,33.0,2.0,2.0,1.05,45.51,551.0,36.0,1638.36,180.0,103.0,232.0,8191.8,4687.53,10558.32,0.264104922662955,0.24523503716918582,0.28,10.0,2.95,684.4,842.41,1918.35,1097.72,4744.47,0.07,0.35,0.2,0.45,25076.01,8602.95,34.307491502834786,45.51,15.61333938294011,0,1,0.55,6.932305669199299,0.49066004016785913,Low Risk,High Profit,3,1
6.0,25411.0,223.0,3.0,0.0,1.0,33.7,921.0,190.0,6403.0,256.0,146.0,329.0,8627.2,4920.2,11087.3,0.213650381229818,0.382427730807103,0.32,14.0,4.13,1358.77,2586.31,724.01,412.91,3119.63,0.26,0.35,0.2,0.45,31037.7,6842.86,22.04693002380975,33.7,7.429815418023887,0,1,0.55,2.2959220471455803,0.40392188796307904,High Risk,High Profit,0,1
6.0,25156.0,249.0,0.0,0.0,1.0,31.97,796.0,219.0,7001.43,202.0,115.0,260.0,6457.94,3676.55,8312.2,0.26826592143625,0.427995915315114,0.31,10.0,2.95,767.0,2126.6,-40.44,-23.02,1757.73,0.38,0.35,0.2,0.45,25448.12,3820.87,15.014350765400353,31.97,4.800087939698492,0,0,0.55,2.2916949152542374,0.303738163248636,Low Risk,High Profit,0,0
6.0,25521.0,247.0,3.0,2.0,1.05,39.54,1492.0,278.0,10992.12,425.0,243.0,546.0,16804.5,9608.22,21184.489999999998,0.207473446819931,0.400803267979063,0.33,5.0,1.48,808.08,4305.87,1037.23,593.05,6276.405000000001,0.23,0.35,0.2,0.45,58589.33,12212.555,20.844332918638937,39.26898793565684,8.185358579088472,1,1,0.55,7.767058954558955,0.39172328520100597,Low Risk,High Profit,1,1
6.0,26007.0,35.0,1.0,1.0,1.03,34.82,2201.0,616.0,23020.373750000002,535.0,306.0,546.625,18628.7,10654.92,21184.489999999998,0.353792431158945,0.525969896628521,0.31,18.0,5.31,1974.58125,2813.45,-3535.03,-2021.9,-772.85,0.44,0.35,0.2,0.45,73488.48375,-3516.3300000000004,-4.784872160326754,33.388679577464785,-1.597605633802817,1,0,0.55,-0.391399442286814,0.12023767221253401,High Risk,Low Profit,2,0
6.0,26061.0,125.0,1.0,1.0,1.03,44.18,614.0,172.0,7598.96,155.0,88.0,199.0,6847.9,3887.84,8791.82,0.355922215222381,0.542598887695931,0.32,11.0,3.25,646.75,771.13,-1496.41,-849.58,245.43,0.39,0.35,0.2,0.45,27126.52,-1329.43,-4.900849795698084,44.18,-2.165195439739414,0,0,0.55,0.3794820255121763,0.101478897081688,High Risk,Low Profit,0,0
6.0,25052.0,224.0,0.0,1.0,1.03,38.47,1560.0,350.0,13464.5,424.0,242.0,544.0,16311.28,9309.74,20927.68,0.262573087029159,0.402647344418801,0.28,18.0,5.31,1974.58125,4507.64,893.52,509.98,4117.52,0.29,0.35,0.2,0.45,60013.2,10028.66,16.710756966800638,38.47,6.428628205128205,1,1,0.55,2.0852623815809053,0.33477956855204005,High Risk,High Profit,1,1
6.0,25134.0,30.0,1.0,0.0,1.0,36.51,789.0,229.0,8360.79,196.0,112.0,252.0,7155.96,4089.12,9200.52,0.388490514829755,0.496481690066867,0.29,13.0,3.84,967.68,961.72,-1252.09,-715.48,90.64,0.41,0.35,0.2,0.45,28806.39,-915.2099999999999,-3.177107579255852,36.51,-1.1599619771863117,0,0,0.55,0.09366732804232805,0.11502779510337802,High Risk,Low Profit,0,0
6.0,25500.0,33.0,1.0,1.0,1.03,40.3,655.0,206.0,8301.8,157.0,90.0,202.0,6327.1,3627.0,8140.6,0.389053661760408,0.484122679312713,0.32,17.0,5.02,1014.04,1052.86,-1222.25,-700.65,18.38,0.46,0.35,0.2,0.45,26396.5,-851.6600000000001,-3.226412592578562,40.3,-1.3002442748091605,0,0,0.55,0.018125517731055973,0.12682365892687897,High Risk,Low Profit,0,0
6.0,25002.0,222.0,1.0,2.0,1.05,44.02,1092.0,317.0,13954.34,271.0,155.0,349.0,11929.42,6823.1,15362.98,0.38263408173807,0.492995391390286,0.32,13.0,3.84,1340.16,1735.51,-2333.75,-1334.8,570.54,0.41,0.35,0.2,0.45,48069.84,-1362.5,-2.834417589074563,44.019999999999996,-1.2477106227106227,1,0,0.55,0.4257252865329512,0.12437052687164396,High Risk,Low Profit,2,0
6.0,25137.0,30.0,1.0,0.0,1.0,36.9,1554.0,474.0,17490.6,378.0,216.0,486.0,13948.2,7970.4,17933.4,0.396293201216031,0.549098631180823,0.31,9.0,2.66,1292.76,955.13,-3562.26,-2035.58,-313.45,0.44,0.35,0.2,0.45,57342.6,-4956.16,-8.643068155263277,36.9,-3.1892921492921493,1,0,0.55,-0.24246573223181409,0.05460816760314602,Low Risk,Low Profit,2,0
6.0,25569.0,95.0,0.0,3.0,1.04,40.68,1638.0,378.0,15377.04,441.0,252.0,546.625,17939.88,10251.36,21184.489999999998,0.254423635620624,0.409830391569994,0.29,9.0,2.66,1508.22,5162.78,820.68,468.96,6235.95,0.3,0.35,0.2,0.45,64752.77,12688.369999999999,19.595099947075624,39.53160561660562,7.746257631257631,1,1,0.55,4.1346421609579505,0.335745972809382,Low Risk,High Profit,1,1
6.0,26190.0,225.0,0.0,1.0,1.03,41.48,633.0,153.0,6346.44,168.0,96.0,216.0,6968.64,3982.08,8959.68,0.27351445902139,0.38731206075754,0.29,6.0,1.77,382.32,2152.54,342.67,195.81,2656.57,0.32,0.35,0.2,0.45,26256.84,5347.59,20.366464509819156,41.48,8.448009478672986,0,1,0.55,6.948550952082026,0.33917348022106997,Low Risk,High Profit,0,1
6.0,25059.0,251.0,2.0,1.0,1.03,45.97,664.0,19.0,873.43,226.0,129.0,290.0,10389.22,5930.13,13331.3,0.298367746442091,0.24523503716918582,0.28,4.0,1.18,342.2,435.76,2274.31,1298.17,6276.405000000001,0.03,0.35,0.2,0.45,30524.079999999998,10284.645,33.693546210074146,45.97,15.488923192771084,0,1,0.55,18.341335476329633,0.4563972163887231,Low Risk,High Profit,3,1
6.0,26354.0,92.0,3.0,0.0,1.0,33.25,1797.0,359.0,11936.75,503.0,288.0,546.625,16724.75,9576.0,21184.489999999998,0.264598916620016,0.418979843868874,0.29,12.0,3.54,1974.58125,3777.04,441.89,253.01,4516.71,0.25,0.35,0.2,0.45,59421.99,8988.650000000001,15.126807432736605,33.067328881469116,5.002031163049528,1,1,0.55,2.287426764535519,0.31642123951111,High Risk,High Profit,1,1
6.0,25021.0,224.0,2.0,3.0,1.04,44.06,1311.0,108.0,4758.48,421.0,241.0,541.0,18549.26,10618.46,21184.489999999998,0.277915946999565,0.264987401163671,0.3,13.0,3.84,1974.58125,2175.09,2914.03,1668.12,6276.405000000001,0.09,0.35,0.2,0.45,55110.689999999995,13033.645,23.64993978482215,42.037139588100686,9.941758199847445,1,1,0.55,3.178600526060906,0.45709665183676407,High Risk,High Profit,1,1
6.0,25089.0,95.0,2.0,1.0,1.03,38.54,1361.0,112.0,4316.48,437.0,250.0,546.625,16841.98,9635.0,21184.489999999998,0.256606098311022,0.271410880971234,0.32,10.0,2.95,1657.9,2037.31,2559.69,1464.36,6276.405000000001,0.09,0.35,0.2,0.45,51977.95,12337.765,23.73653635820574,38.19099926524614,9.065220426157238,1,1,0.55,3.785756076964835,0.471983020717744,Low Risk,High Profit,1,1
6.0,25818.0,32.0,3.0,3.0,1.04,33.74,638.0,147.0,4959.78,172.0,98.0,221.0,5803.28,3306.52,7456.54,0.219004604425281,0.355166189209558,0.31,4.0,1.18,260.78,2112.02,672.19,382.99,2914.43,0.3,0.35,0.2,0.45,21526.12,6081.629999999999,28.252327869583553,33.739999999999995,9.532335423197491,0,1,0.55,11.175818697752895,0.425829206365161,Low Risk,High Profit,3,1
6.0,25022.0,127.0,1.0,3.0,1.04,46.04,1706.0,512.0,23020.373750000002,418.0,239.0,537.0,19244.72,11003.56,21184.489999999998,0.375633057544474,0.536289412644692,0.31,15.0,4.43,1974.58125,2076.21,-4270.84,-2441.94,-201.33,0.43,0.35,0.2,0.45,74453.14374999999,-4837.9,-6.497912319518409,43.641936547479474,-2.835814771395076,1,0,0.55,-0.1019608587896801,0.08807752981083405,High Risk,Low Profit,2,0
6.0,25590.0,124.0,0.0,0.0,1.0,35.03,1115.0,237.0,8302.11,307.0,176.0,395.0,10754.21,6165.28,13836.85,0.213621605206281,0.41267359952908,0.32,8.0,2.36,932.2,3102.54,577.55,331.11,4238.7,0.27,0.35,0.2,0.45,39058.45,8249.9,21.121933922109047,35.029999999999994,7.399013452914798,0,1,0.55,4.546985625402273,0.37370479526463896,Low Risk,High Profit,1,1
6.0,25309.0,131.0,0.0,0.0,1.0,32.37,950.0,230.0,7445.1,252.0,144.0,324.0,8157.24,4661.28,10487.88,0.239426184501499,0.350427772384137,0.28,7.0,2.07,670.68,3053.58,1061.63,606.65,3630.88,0.32,0.35,0.2,0.45,30751.5,8352.74,27.162057135424288,32.37,8.792357894736842,0,1,0.55,5.413729349317111,0.410146043114364,Low Risk,High Profit,1,1
6.0,25066.0,132.0,0.0,3.0,1.04,31.86,684.0,181.0,5766.66,176.0,101.0,226.0,5607.36,3217.86,7200.36,0.201453050412238,0.406799666606821,0.3,7.0,2.07,467.82,2259.07,514.46,295.23,2352.9,0.36,0.35,0.2,0.45,21792.24,5421.66,24.878855959736125,31.860000000000003,7.92640350877193,0,1,0.55,5.0294985250737465,0.39174728298094097,Low Risk,High Profit,0,1
6.0,26632.0,91.0,0.0,2.0,1.05,33.51,1650.0,504.0,16889.04,401.0,229.0,516.0,13437.51,7673.79,17291.16,0.265817190427333,0.389184284466319,0.28,5.0,1.48,763.68,5436.3550000000005,873.42,498.79,5201.74,0.44,0.35,0.2,0.45,55291.5,12010.305,21.721792680610942,33.51,7.278972727272728,1,1,0.55,6.81141315734339,0.3449985251063481,Low Risk,High Profit,1,1
6.0,26566.0,223.0,3.0,0.0,1.0,30.47,791.0,173.0,5271.31,216.0,124.0,278.0,6581.52,3778.28,8470.66,0.22002185055986,0.377670614188537,0.3,6.0,1.77,492.06,2120.69,673.34,386.55,2915.75,0.28,0.35,0.2,0.45,24101.770000000004,6096.33,25.29411740299571,30.470000000000006,7.707117572692794,0,1,0.55,5.925598504247449,0.402307535251603,Low Risk,High Profit,0,1
6.0,25542.0,125.0,3.0,0.0,1.0,33.2,1461.0,292.0,9694.4,409.0,234.0,526.0,13578.8,7768.8,17463.2,0.219637143891305,0.350006533670239,0.29,5.0,1.48,778.48,4172.05,1905.87,1090.4,6276.405000000001,0.25,0.35,0.2,0.45,48505.2,13444.725,27.718110635560727,33.199999999999996,9.202412731006161,1,1,0.55,8.062384390093516,0.430356322438456,Low Risk,High Profit,1,1
6.0,26607.0,28.0,2.0,3.0,1.04,43.15,759.0,49.0,2114.35,248.0,142.0,320.0,10701.2,6127.3,13808.0,0.271425134467427,0.310912664898206,0.28,10.0,2.95,944.0,883.08,1473.15,843.5,4823.08,0.07,0.35,0.2,0.45,32750.850000000002,8022.8099999999995,24.4964939841256,43.150000000000006,10.570237154150197,0,1,0.55,5.109194915254237,0.417662200634367,Low Risk,High Profit,0,1
6.0,25394.0,128.0,1.0,3.0,1.04,32.33,691.0,182.0,5884.06,178.0,102.0,229.0,5754.74,3297.66,7403.57,0.365765922877472,0.462057028990239,0.31,10.0,2.95,675.55,1013.1,-793.14,-454.49,599.17,0.36,0.35,0.2,0.45,22340.03,364.64,1.6322269934283884,32.33,0.527698986975398,0,0,0.55,0.8869365702020576,0.17217704813228907,Low Risk,Low Profit,0,0
6.0,26003.0,90.0,3.0,3.0,1.04,45.3,1799.0,348.0,15764.4,508.0,290.0,546.625,23012.4,13137.0,21184.489999999998,0.249556164797395,0.367794939898886,0.29,10.0,2.95,1926.35,5436.3550000000005,2132.07,1217.13,6276.405000000001,0.24,0.35,0.2,0.45,73098.29000000001,15061.960000000001,20.605078449851565,40.63273485269595,8.372406892718177,1,1,0.55,3.25818516884263,0.38264889530371904,Low Risk,High Profit,1,1
6.0,26166.0,32.0,3.0,3.0,1.04,39.37,807.0,156.0,6141.72,228.0,130.0,293.0,8976.36,5118.1,11535.41,0.216596500258893,0.412169995065779,0.32,6.0,1.77,518.61,2280.01,459.89,262.22,3763.72,0.24,0.35,0.2,0.45,31771.59,6765.84,21.29525151243611,39.37,8.383940520446098,0,1,0.55,7.257322458109176,0.371233504675328,Low Risk,High Profit,3,1
6.0,25803.0,35.0,3.0,1.0,1.03,41.53,983.0,203.0,8430.59,273.0,156.0,351.0,11337.69,6478.68,14577.03,0.252052213139832,0.397934240568429,0.31,3.0,0.89,312.39,2950.82,453.66,259.23,4789.77,0.26,0.35,0.2,0.45,40823.99,8453.48,20.70713813128016,41.53,8.59967446592065,0,1,0.55,15.332661096706042,0.350013546291739,Low Risk,High Profit,3,1
6.0,26358.0,28.0,1.0,1.0,1.03,31.46,1389.0,431.0,13559.26,335.0,192.0,431.0,10539.1,6040.32,13559.26,0.352690543734934,0.524665215029381,0.32,7.0,2.07,892.17,1662.97,-2079.95,-1192.09,770.8,0.45,0.35,0.2,0.45,43697.94,-838.2699999999998,-1.9183284154813698,31.46,-0.603506119510439,0,0,0.55,0.8639609043119585,0.12264424123568496,Low Risk,Low Profit,2,0
6.0,25117.0,32.0,0.0,0.0,1.0,43.23,1519.0,441.0,19064.43,377.0,216.0,485.0,16297.71,9337.68,20966.55,0.263646086733788,0.417766972747631,0.3,16.0,4.72,1974.58125,5436.3550000000005,302.92,173.56,4390.47,0.41,0.35,0.2,0.45,65666.37,10303.305,15.690383068228076,43.23,6.782952600394997,1,1,0.55,2.2234942218761575,0.31858694051858105,High Risk,High Profit,1,1
6.0,26372.0,253.0,3.0,2.0,1.05,31.92,1973.0,431.0,13757.52,540.0,308.0,546.625,17236.8,9831.36,21184.489999999998,0.275863948911428,0.423654155386612,0.31,8.0,2.36,1637.84,4133.89,-164.06,-93.58,5018.58,0.28,0.35,0.2,0.45,62010.17,8894.83,14.344147097161644,31.42938165230613,4.508276735935124,1,1,0.55,3.0641454598739806,0.30048189570195993,Low Risk,Medium Profit,1,1
6.0,26009.0,30.0,3.0,1.0,1.03,31.87,1652.0,330.0,10517.1,463.0,264.0,546.625,14755.81,8413.68,18962.65,0.217166916113347,0.448875435185619,0.29,5.0,1.48,880.6,3512.27,648.63,369.85,5452.12,0.25,0.35,0.2,0.45,52649.24,9982.869999999999,18.961090416499836,31.869999999999997,6.042899515738498,1,1,0.55,6.1913695207812856,0.33395764870103395,Low Risk,High Profit,1,1
6.0,25809.0,28.0,1.0,3.0,1.04,42.7,999.0,285.0,12169.5,250.0,143.0,321.0,10675.0,6106.1,13706.7,0.383385897008702,0.492068280372769,0.28,4.0,1.18,378.78,1515.66,-1659.47,-949.22,1328.33,0.4,0.35,0.2,0.45,42657.3,235.29999999999995,0.5516054696382564,42.7,0.2355355355355355,0,0,0.55,3.5068641427741696,0.12454582261852898,Low Risk,Low Profit,0,0
6.0,25754.0,131.0,3.0,2.0,1.05,46.67,1006.0,232.0,10827.44,271.0,155.0,348.0,12647.57,7233.85,16241.16,0.246417472716421,0.420369215472601,0.27,10.0,2.95,1026.6,3607.85,799.49,457.28,4385.17,0.3,0.35,0.2,0.45,46950.020000000004,9249.79,19.701354759806282,46.67,9.194622266401591,1,1,0.55,4.271546853691799,0.333213311810978,Low Risk,High Profit,1,1
6.0,25769.0,124.0,1.0,3.0,1.04,35.07,1328.0,437.0,15325.59,312.0,178.0,401.0,10941.84,6242.46,14063.07,0.371737948677037,0.460590566694736,0.29,6.0,1.77,709.77,2569.66,-1338.5,-763.63,1648.21,0.49,0.35,0.2,0.45,46572.96,2115.74,4.542850615464424,35.07,1.5931777108433733,1,0,0.55,2.3221747890161604,0.167671484628227,Low Risk,Low Profit,2,0
6.0,25407.0,96.0,1.0,2.0,1.05,33.45,638.0,207.0,6924.15,151.0,86.0,194.0,5050.95,2876.7,6489.3,0.371235732606147,0.526855571987107,0.27,15.0,4.43,859.42,705.63,-849.02,-483.55,-198.1,0.48,0.35,0.2,0.45,21341.1,-825.0400000000001,-3.865967546190216,33.449999999999996,-1.293166144200627,0,0,0.55,-0.23050429359335367,0.10190869540674607,High Risk,Low Profit,0,0
6.0,25163.0,94.0,1.0,0.0,1.0,32.14,1958.0,518.0,16648.52,504.0,288.0,546.625,16198.56,9256.32,20826.72,0.383340088708792,0.498660931340419,0.27,12.0,3.54,1974.58125,1964.51,-2462.2,-1406.97,163.61,0.36,0.35,0.2,0.45,62930.12,-1741.0499999999997,-2.7666402034510655,32.14,-0.8891981613891725,1,0,0.55,0.08285807433854647,0.117998979950789,High Risk,Low Profit,2,0
6.0,25570.0,225.0,2.0,2.0,1.05,40.57,1674.0,138.0,5598.66,538.0,307.0,546.625,21826.66,12454.99,21184.489999999998,0.250997439259663,0.303737456654198,0.28,7.0,2.07,1430.37,2492.89,3607.19,2058.38,6276.405000000001,0.09,0.35,0.2,0.45,61064.799999999996,14434.865000000002,23.638601944164236,36.47837514934289,8.622977897252092,1,1,0.55,4.387959059544035,0.44526510408613906,Low Risk,High Profit,1,1
6.0,25207.0,90.0,0.0,2.0,1.05,42.25,1507.0,365.0,15421.25,400.0,228.0,514.0,16900.0,9633.0,21184.489999999998,0.212588602863252,0.365123184677213,0.28,12.0,3.54,1819.56,5436.3550000000005,2404.67,1370.66,6276.405000000001,0.32,0.35,0.2,0.45,63138.74,15488.090000000002,24.530248782284858,41.89697412076974,10.27743198407432,1,1,0.55,3.4494080986612152,0.42228821245953496,High Risk,High Profit,1,1
6.0,26542.0,34.0,1.0,2.0,1.05,35.4,758.0,216.0,7646.4,190.0,108.0,244.0,6726.0,3823.2,8637.6,0.379709643160459,0.538602243224159,0.32,16.0,4.72,1151.68,624.62,-1602.89,-911.11,-446.09,0.4,0.35,0.2,0.45,26833.199999999997,-2335.4700000000003,-8.703658154823131,35.4,-3.081094986807388,0,0,0.55,-0.3873384968046679,0.08168811361538197,High Risk,Low Profit,2,0
6.0,25613.0,228.0,3.0,3.0,1.04,35.79,601.0,127.0,4545.33,166.0,95.0,213.0,5941.14,3400.05,7623.27,0.273536871895194,0.379405077779666,0.29,3.0,0.89,189.57,1577.49,338.99,194.0,2456.15,0.27,0.35,0.2,0.45,21509.79,4566.63,21.230472264024893,35.79,7.598386023294509,0,0,0.55,12.956427704805614,0.34705805032514003,Low Risk,High Profit,3,0
6.0,25965.0,254.0,2.0,0.0,1.0,37.35,1243.0,113.0,4220.55,396.0,226.0,508.0,14790.6,8441.1,18973.8,0.261534472100902,0.329363200906664,0.29,16.0,4.72,1974.58125,1726.64,1761.59,1005.35,5364.47,0.1,0.35,0.2,0.45,46426.05,9858.05,21.2338762397404,37.35,7.93085277554304,1,1,0.55,2.716763364384221,0.409102326992434,High Risk,High Profit,1,1
6.0,25251.0,229.0,3.0,3.0,1.04,39.53,850.0,196.0,7747.88,229.0,131.0,294.0,9052.37,5178.43,11621.82,0.210827452465892,0.443278017593548,0.28,16.0,4.72,1387.68,2679.95,596.5,341.23,2632.24,0.3,0.35,0.2,0.45,33600.5,6249.92,18.600675585184746,39.53,7.35284705882353,0,1,0.55,1.8968638302778735,0.34589452994056,High Risk,High Profit,0,1
6.0,26019.0,227.0,0.0,0.0,1.0,33.37,1573.0,473.0,15784.01,385.0,220.0,495.0,12847.45,7341.4,16518.15,0.205387951526791,0.375505004567094,0.32,4.0,1.18,584.1,5436.3550000000005,1273.27,727.58,6276.405000000001,0.43,0.35,0.2,0.45,52491.01,13713.61,26.125635608840447,33.370000000000005,8.718124602670057,1,1,0.55,10.745428864920392,0.419107043906115,Low Risk,High Profit,1,1
6.0,26305.0,31.0,1.0,3.0,1.04,42.95,1726.0,560.0,23020.373750000002,408.0,233.0,525.0,17523.6,10007.35,21184.489999999998,0.360291346011218,0.463856639107689,0.29,8.0,2.36,1239.0,4229.59,-2000.28,-1142.32,2726.24,0.48,0.35,0.2,0.45,71735.81375,3813.2300000000005,5.31565727167903,41.56188513904983,2.2092873696407884,1,0,0.55,2.2003551251008875,0.17585201488109303,Low Risk,Medium Profit,1,0
6.0,25173.0,254.0,1.0,2.0,1.05,46.48,1243.0,414.0,19242.72,290.0,166.0,373.0,13479.2,7715.68,17337.04,0.374779671861324,0.510911426413804,0.31,11.0,3.25,1212.25,2199.61,-2637.76,-1509.89,769.53,0.5,0.35,0.2,0.45,57774.64000000001,-1178.5100000000002,-2.0398396251365654,46.480000000000004,-0.9481174577634757,1,0,0.55,0.6347948030521757,0.11430890172487196,High Risk,Low Profit,2,0
6.0,25419.0,252.0,0.0,1.0,1.03,46.18,1408.0,402.0,18564.36,352.0,201.0,453.0,16255.36,9282.18,20919.54,0.241740224659443,0.350460662622936,0.28,3.0,0.89,403.17,5436.3550000000005,2077.42,1186.25,6276.405000000001,0.4,0.35,0.2,0.45,65021.44,14976.430000000002,23.0330641708335,46.18,10.636669034090911,1,1,0.55,15.567638961232236,0.40779911271762104,Low Risk,High Profit,3,1
6.0,25701.0,128.0,1.0,1.0,1.03,39.54,1766.0,486.0,19216.44,448.0,256.0,546.625,17713.92,10122.24,21184.489999999998,0.360499115020502,0.497611039830372,0.32,11.0,3.25,1872.0,2726.62,-3155.03,-1802.87,1359.55,0.38,0.35,0.2,0.45,68237.09,-871.7300000000002,-1.2775017223038092,38.63934881087202,-0.4936183465458665,1,0,0.55,0.7262553418803419,0.14188984514912595,High Risk,Low Profit,2,0
6.0,25298.0,31.0,3.0,2.0,1.05,46.82,1915.0,395.0,18493.9,532.0,304.0,546.625,24908.24,14233.28,21184.489999999998,0.212524151783437,0.379625272634439,0.33,17.0,5.02,1974.58125,5436.3550000000005,1939.12,1108.07,6276.405000000001,0.26,0.35,0.2,0.45,78819.91,14759.95,18.726169568069796,41.15922193211488,7.707545691906006,1,1,0.55,3.178600526060906,0.407850575582124,High Risk,High Profit,1,1
6.0,25825.0,255.0,1.0,1.0,1.03,45.63,1933.0,562.0,23020.373750000002,480.0,274.0,546.625,21902.4,12502.62,21184.489999999998,0.388536868034862,0.507756361970678,0.29,11.0,3.25,1974.58125,2659.46,-4080.27,-2329.15,914.48,0.41,0.35,0.2,0.45,78609.88375000001,-2835.48,-3.6070273415205243,40.667296301086395,-1.4668804966373512,1,0,0.55,0.46312604254699574,0.10370676999446005,High Risk,Low Profit,2,0
6.0,26026.0,227.0,3.0,2.0,1.05,38.89,1752.0,361.0,14039.29,487.0,278.0,546.625,18939.43,10811.42,21184.489999999998,0.208394578658044,0.364359660004266,0.29,15.0,4.43,1974.58125,5436.3550000000005,2599.36,1483.82,6276.405000000001,0.26,0.35,0.2,0.45,64974.63,15795.94,24.31093489874433,37.08597602739726,9.015947488584475,1,1,0.55,3.178600526060906,0.42724576133769,High Risk,High Profit,1,1
6.0,25099.0,91.0,0.0,3.0,1.04,44.19,1161.0,281.0,12417.39,308.0,176.0,396.0,13610.52,7777.44,17499.24,0.228979936819524,0.368020160286687,0.32,18.0,5.31,1974.58125,5004.21,1129.67,645.53,4949.43,0.32,0.35,0.2,0.45,51304.59,11728.84,22.86119039251654,44.19,10.102360034453058,1,1,0.55,2.506571963042797,0.40299990289378895,High Risk,High Profit,1,1
6.0,25827.0,90.0,0.0,1.0,1.03,37.15,1367.0,307.0,11405.05,371.0,212.0,477.0,13782.65,7875.8,17720.55,0.261949094720185,0.413957369280979,0.29,12.0,3.54,1688.58,3696.3,469.9,268.51,4054.54,0.29,0.35,0.2,0.45,50784.05,8489.25,16.716370592735316,37.15,6.21013167520117,1,1,0.55,2.4011536320458613,0.32409353599883595,High Risk,High Profit,1,1
6.0,26031.0,32.0,3.0,2.0,1.05,38.06,1219.0,259.0,9857.54,336.0,192.0,432.0,12788.16,7307.52,16441.92,0.262302445080131,0.415148430038244,0.32,16.0,4.72,1974.58125,3179.54,32.6,18.63,3264.29,0.27,0.35,0.2,0.45,46395.14,6495.0599999999995,13.999440458634243,38.06,5.328187038556194,1,1,0.55,1.6531555741248936,0.322549124881625,High Risk,Medium Profit,1,1
6.0,26462.0,228.0,1.0,2.0,1.05,34.28,959.0,336.0,11518.08,218.0,125.0,280.0,7473.04,4285.0,9598.4,0.354684280639049,0.46363368681632,0.31,14.0,4.13,1156.4,2092.63,-958.93,-549.84,587.46,0.54,0.35,0.2,0.45,32874.52,1171.3200000000002,3.56300259288957,34.279999999999994,1.2213972888425444,0,0,0.55,0.5080076098235904,0.181682032544631,High Risk,Low Profit,0,0
6.0,26156.0,125.0,0.0,2.0,1.05,36.42,1480.0,314.0,11435.88,408.0,233.0,525.0,14859.36,8485.86,19120.5,0.22169165449217,0.404737669951282,0.3,11.0,3.25,1706.25,4272.11,1093.21,624.31,5436.61,0.27,0.35,0.2,0.45,53901.6,11426.239999999998,21.19833177493803,36.42,7.720432432432431,1,1,0.55,3.186291575091575,0.373570675556548,High Risk,High Profit,1,1
6.0,25185.0,128.0,0.0,2.0,1.05,44.86,1890.0,401.0,17988.86,521.0,298.0,546.625,23372.06,13368.28,21184.489999999998,0.268234470058233,0.36376653232146,0.31,11.0,3.25,1974.58125,5436.3550000000005,1355.56,775.35,6276.405000000001,0.27,0.35,0.2,0.45,75913.69,13843.670000000002,18.23606519456504,40.165973544973546,7.324693121693123,1,1,0.55,3.178600526060906,0.3679989976203071,High Risk,High Profit,1,1
6.0,25306.0,222.0,0.0,1.0,1.03,32.49,1874.0,443.0,14393.07,501.0,286.0,546.625,16277.49,9292.14,20923.56,0.211561268102378,0.428478834335692,0.3,10.0,2.95,1899.8,5180.93,976.0,557.16,5631.84,0.31,0.35,0.2,0.45,60886.259999999995,12345.93,20.277037873569505,32.489999999999995,6.588009605122732,1,1,0.55,2.964438361932835,0.35995989756193003,Low Risk,High Profit,1,1
6.0,26683.0,34.0,2.0,1.0,1.03,31.6,1152.0,75.0,2370.0,377.0,215.0,485.0,11913.2,6794.0,15326.0,0.277710302080959,0.246876524039544,0.31,16.0,4.72,1974.58125,1126.73,1970.6,1123.82,4996.98,0.07,0.35,0.2,0.45,36403.2,9218.13,25.322306830168777,31.599999999999998,8.001848958333333,0,1,0.55,2.5306530182032265,0.475413173879497,High Risk,High Profit,1,1
6.0,26199.0,253.0,2.0,0.0,1.0,41.76,1550.0,114.0,4760.64,503.0,287.0,546.625,21005.28,11985.12,21184.489999999998,0.251157670479733,0.283551557466853,0.32,12.0,3.54,1974.58125,2215.08,3051.87,1741.33,6276.405000000001,0.08,0.35,0.2,0.45,58935.53,13284.685000000001,22.541046122771785,38.02292258064516,8.570764516129033,1,1,0.55,3.178600526060906,0.46529077205341407,High Risk,High Profit,1,1
6.0,26685.0,226.0,0.0,2.0,1.05,32.52,1572.0,381.0,12390.12,417.0,238.0,536.0,13560.84,7739.76,17430.72,0.264908879436553,0.431599406059831,0.28,15.0,4.43,1974.58125,3760.3,318.57,181.82,2915.6,0.32,0.35,0.2,0.45,51121.44,7176.290000000001,14.037730549061218,32.52,4.565069974554708,1,1,0.55,1.4765662339799894,0.303491714503616,High Risk,Medium Profit,1,1
6.0,25878.0,28.0,1.0,2.0,1.05,43.16,1772.0,469.0,20242.04,456.0,261.0,546.625,19680.96,11264.76,21184.489999999998,0.37272185847396,0.544081088365056,0.3,7.0,2.07,1213.02,1684.08,-4266.89,-2442.23,891.18,0.36,0.35,0.2,0.45,72372.25,-4133.860000000001,-5.711940695501385,40.84212753950339,-2.332878103837472,1,0,0.55,0.7346787357174654,0.08319705316098402,Low Risk,Low Profit,2,0
6.0,26040.0,31.0,0.0,3.0,1.04,45.41,645.0,167.0,7583.47,167.0,96.0,215.0,7583.47,4359.36,9763.15,0.23747000830248,0.351939670136198,0.33,8.0,2.36,507.4,3113.7,611.15,351.32,3501.25,0.35,0.35,0.2,0.45,29289.449999999997,7577.42,25.87081696651866,45.41,11.747937984496124,0,1,0.55,6.900374458021285,0.410590321561322,Low Risk,High Profit,0,1
6.0,26527.0,129.0,3.0,3.0,1.04,40.03,1788.0,334.0,13370.02,509.0,291.0,546.625,20375.27,11648.73,21184.489999999998,0.265336340069771,0.355893923784606,0.3,4.0,1.18,771.72,5064.16,1604.95,917.57,6276.405000000001,0.23,0.35,0.2,0.45,66578.51000000001,13863.085,20.822161685504824,37.23630313199106,7.753403243847874,1,1,0.55,8.133008085834241,0.37876973614562304,Low Risk,High Profit,1,1
6.0,25476.0,95.0,0.0,1.0,1.03,33.94,1230.0,312.0,10589.28,321.0,184.0,413.0,10894.74,6244.96,14017.22,0.235909214038402,0.432622270612046,0.3,14.0,4.13,1705.69,3510.01,342.84,196.52,2940.58,0.34,0.35,0.2,0.45,41746.2,6989.950000000001,16.743919207017647,33.94,5.682886178861789,0,1,0.55,1.723982669770005,0.331468515349552,High Risk,High Profit,1,1
6.0,26447.0,132.0,3.0,0.0,1.0,37.78,510.0,105.0,3966.9,142.0,81.0,182.0,5364.76,3060.18,6875.96,0.219402919951826,0.387422295310535,0.29,11.0,3.25,591.5,1559.69,553.51,315.73,2111.95,0.26,0.35,0.2,0.45,19267.8,4540.879999999999,23.567195009290106,37.78,8.903686274509802,0,0,0.55,3.5704987320371933,0.393174784737639,High Risk,High Profit,0,0
6.0,26204.0,252.0,1.0,2.0,1.05,38.05,1440.0,480.0,18264.0,336.0,192.0,432.0,12784.8,7305.6,16437.6,0.354036158137023,0.469472704455256,0.31,14.0,4.13,1784.16,3223.43,-1706.88,-975.36,1116.93,0.5,0.35,0.2,0.45,54792.0,1658.12,3.0262082055774564,38.05,1.1514722222222222,1,0,0.55,0.6260256927629809,0.17649113740772093,High Risk,Low Profit,2,0
6.0,25357.0,35.0,1.0,0.0,1.0,30.21,1163.0,314.0,9485.94,297.0,170.0,382.0,8972.37,5135.7,11540.22,0.397544511745218,0.521062245243229,0.28,12.0,3.54,1352.28,772.09,-1781.97,-1019.98,-412.98,0.37,0.35,0.2,0.45,35134.23,-2442.84,-6.952877578361615,30.210000000000004,-2.100464316423044,0,0,0.55,-0.3053953323276245,0.08139324301155304,High Risk,Low Profit,2,0
6.0,26005.0,223.0,1.0,2.0,1.05,43.39,729.0,243.0,10543.77,170.0,97.0,219.0,7376.3,4208.83,9502.41,0.372089598258026,0.50658833917696,0.28,10.0,2.95,646.05,1279.19,-1170.46,-667.85,506.8,0.5,0.35,0.2,0.45,31631.31,-52.31999999999999,-0.16540573248468052,43.39,-0.07176954732510288,0,0,0.55,0.7844594071666281,0.12132206256501399,Low Risk,Low Profit,0,0
6.0,26248.0,124.0,3.0,1.0,1.03,34.53,610.0,110.0,3798.3,175.0,100.0,225.0,6042.75,3453.0,7769.25,0.205075883027166,0.422484085522592,0.29,14.0,4.13,929.25,1414.64,498.16,284.67,1964.33,0.22,0.35,0.2,0.45,21063.3,4161.8,19.758537361192214,34.53,6.822622950819673,0,0,0.55,2.113887543718052,0.37244003145024207,High Risk,High Profit,0,0
6.0,26087.0,92.0,3.0,3.0,1.04,36.97,562.0,97.0,3586.09,163.0,93.0,209.0,6026.11,3438.21,7726.73,0.211319308709353,0.364706583460793,0.33,15.0,4.43,925.87,1520.41,566.3,323.1,2350.06,0.21,0.35,0.2,0.45,20777.14,4759.87,22.909168441854845,36.97,8.469519572953736,0,0,0.55,2.5382181083737456,0.423974107829854,High Risk,High Profit,0,0
6.0,25927.0,250.0,0.0,1.0,1.03,36.69,1847.0,518.0,19005.42,465.0,266.0,546.625,17060.85,9759.54,21184.489999999998,0.22458380041644,0.426185134565458,0.29,12.0,3.54,1974.58125,5436.3550000000005,1010.53,578.07,5545.43,0.39,0.35,0.2,0.45,67010.29999999999,12570.385,18.75888482815329,36.28061721710882,6.805839198700595,1,1,0.55,2.808408111846499,0.3492310650181021,High Risk,High Profit,1,1
6.0,25646.0,228.0,1.0,3.0,1.04,39.04,956.0,287.0,11204.48,234.0,134.0,301.0,9135.36,5231.36,11751.04,0.357817518303636,0.527648157556541,0.3,5.0,1.48,445.48,1283.3,-1694.3,-970.24,900.42,0.43,0.35,0.2,0.45,37322.240000000005,-480.82000000000005,-1.2882935215035325,39.040000000000006,-0.5029497907949791,0,0,0.55,2.021235521235521,0.1145343241398229,Low Risk,Low Profit,2,0
6.0,25323.0,125.0,3.0,0.0,1.0,40.18,1324.0,238.0,9562.84,380.0,217.0,489.0,15268.4,8719.06,19648.02,0.226196177601814,0.421025983220898,0.28,9.0,2.66,1300.74,3373.56,1111.2,634.55,5630.65,0.22,0.35,0.2,0.45,53198.31999999999,10749.96,20.207329855529274,40.17999999999999,8.119305135951661,1,1,0.55,4.328805141688577,0.352777839177288,Low Risk,High Profit,1,1
6.0,26172.0,223.0,0.0,2.0,1.05,36.39,1808.0,468.0,17030.52,469.0,268.0,546.625,17066.91,9752.52,21184.489999999998,0.274704319536686,0.355725291324779,0.28,13.0,3.84,1974.58125,5436.3550000000005,1528.69,873.54,5794.03,0.35,0.35,0.2,0.45,65034.439999999995,13632.615,20.962147133119007,35.970376106194685,7.540163163716814,1,1,0.55,2.93430822357905,0.369570389138535,High Risk,High Profit,1,1
6.0,25201.0,131.0,3.0,3.0,1.04,41.26,893.0,195.0,8045.7,244.0,140.0,314.0,10067.44,5776.4,12955.64,0.2314166527614,0.404841993562877,0.33,18.0,5.31,1667.34,2926.55,339.69,194.9,3045.16,0.28,0.35,0.2,0.45,36845.18,6506.3,17.658483416284028,41.26,7.2858902575587905,0,1,0.55,1.826358151306872,0.363741353675723,High Risk,High Profit,0,1
6.0,25687.0,29.0,0.0,3.0,1.04,33.9,1465.0,403.0,13661.7,372.0,212.0,478.0,12610.8,7186.8,16204.2,0.278441960271448,0.387741360720247,0.29,6.0,1.77,846.06,4560.5,552.56,314.9,4563.17,0.38,0.35,0.2,0.45,49663.5,9991.13,20.11765179659106,33.9,6.819883959044368,1,1,0.55,5.3934354537503255,0.33381667900830503,Low Risk,High Profit,1,1
6.0,26378.0,90.0,2.0,3.0,1.04,42.33,1544.0,73.0,3090.09,515.0,294.0,546.625,21799.95,12445.02,21184.489999999998,0.266469525475986,0.296299077291042,0.3,9.0,2.66,1760.92,1351.08,2991.64,1707.85,6276.405000000001,0.05,0.35,0.2,0.45,58519.549999999996,12326.975,21.06471256187035,37.901262953367876,7.983792098445596,1,1,0.55,3.5642760602412378,0.437231397232972,Low Risk,High Profit,1,1
6.0,25530.0,29.0,3.0,1.0,1.03,38.97,1767.0,364.0,14185.08,491.0,281.0,546.625,19134.27,10950.57,21184.489999999998,0.201766975428909,0.403794487263076,0.31,5.0,1.48,933.88,5436.3550000000005,1615.67,924.65,6276.405000000001,0.26,0.35,0.2,0.45,65454.409999999996,14253.080000000002,21.775583952250127,37.04267685342388,8.066259196378043,1,1,0.55,6.720783184135008,0.39443853730801504,Low Risk,High Profit,1,1
6.0,26218.0,124.0,1.0,2.0,1.05,37.0,1193.0,322.0,11914.0,305.0,174.0,392.0,11285.0,6438.0,14504.0,0.36528065224411,0.468981651915237,0.32,17.0,5.02,1967.84,1974.6,-1740.85,-993.14,436.02,0.37,0.35,0.2,0.45,44141.0,-323.37,-0.7325842187535397,37.0,-0.27105616093880974,0,0,0.55,0.22157289210504919,0.165737695840653,High Risk,Low Profit,2,0
6.0,25989.0,32.0,3.0,0.0,1.0,43.26,1794.0,414.0,17909.64,483.0,276.0,546.625,20894.58,11939.76,21184.489999999998,0.222421052791178,0.400567384716123,0.27,8.0,2.36,1465.56,5436.3550000000005,2235.96,1277.69,6276.405000000001,0.3,0.35,0.2,0.45,71928.47,15226.410000000002,21.168822303602454,40.093907469342255,8.487408026755853,1,1,0.55,4.282598460656678,0.37701156249269896,Low Risk,High Profit,1,1
6.0,25533.0,254.0,0.0,3.0,1.04,39.97,1712.0,415.0,16587.55,454.0,259.0,546.625,18146.38,10352.23,21184.489999999998,0.268391657341272,0.386257217801176,0.28,12.0,3.54,1974.58125,5436.3550000000005,1185.89,676.53,5993.99,0.32,0.35,0.2,0.45,66270.65,13292.765,20.058298809503153,38.709491822429904,7.7644655373831775,1,1,0.55,3.0355752643756744,0.34535112485755204,High Risk,High Profit,1,1
6.0,25897.0,226.0,3.0,0.0,1.0,40.49,734.0,137.0,5547.13,209.0,119.0,269.0,8462.41,4818.31,10891.81,0.250187468975782,0.406437873025425,0.32,5.0,1.48,398.12,1904.74,197.81,112.63,3341.85,0.23,0.35,0.2,0.45,29719.660000000003,5557.030000000001,18.698161419074108,40.49,7.570885558583107,0,1,0.55,8.394077162664523,0.3433746579987931,Low Risk,High Profit,3,1
6.0,26059.0,91.0,3.0,0.0,1.0,41.01,1536.0,326.0,13369.26,424.0,242.0,544.0,17388.24,9924.42,21184.489999999998,0.22324148543179,0.408812938630581,0.29,3.0,0.89,484.16,4919.16,1355.34,773.56,6276.405000000001,0.27,0.35,0.2,0.45,61866.409999999996,13324.465,21.537478900101043,40.27761067708333,8.674781901041667,1,1,0.55,12.96349347323199,0.367945575937629,Low Risk,High Profit,3,1
6.0,25656.0,28.0,1.0,0.0,1.0,33.55,1917.0,548.0,18385.4,479.0,274.0,546.625,16070.45,9192.7,20666.8,0.391183318814728,0.468937352532521,0.33,8.0,2.36,1453.76,2571.74,-3055.32,-1747.72,1437.1,0.4,0.35,0.2,0.45,64315.350000000006,-794.2000000000003,-1.234852955009963,33.550000000000004,-0.41429316640584263,1,0,0.55,0.9885400616332819,0.139879328652751,Low Risk,Low Profit,2,0
6.0,25657.0,227.0,2.0,3.0,1.04,44.67,1309.0,74.0,3305.58,432.0,247.0,546.625,19297.44,11033.49,21184.489999999998,0.264117752609309,0.24523503716918582,0.29,8.0,2.36,1312.16,1624.41,3886.77,2222.3,6276.405000000001,0.06,0.35,0.2,0.45,54820.99999999999,14009.885000000002,25.55569033764434,41.880061115355225,10.70273873185638,1,1,0.55,4.783261949762224,0.49064721022150515,Low Risk,High Profit,1,1
6.0,26185.0,129.0,1.0,3.0,1.04,41.54,1614.0,418.0,17363.72,419.0,239.0,538.0,17405.26,9928.06,21184.489999999998,0.374863436969463,0.524074592022225,0.32,13.0,3.84,1974.58125,1754.81,-3810.67,-2173.63,192.67,0.35,0.35,0.2,0.45,65881.53,-4036.8199999999997,-6.127392609127322,40.81879182156134,-2.5011276332094172,1,0,0.55,0.09757511877518334,0.10106197100831205,High Risk,Low Profit,2,0
6.0,25620.0,247.0,3.0,2.0,1.05,43.51,1521.0,332.0,14445.32,416.0,238.0,535.0,18100.16,10355.38,21184.489999999998,0.265463373530656,0.44839600706473,0.3,16.0,4.72,1974.58125,4133.39,-250.86,-143.52,4135.54,0.28,0.35,0.2,0.45,64085.35,7874.55,12.287597711489443,42.133694937541094,5.1772189349112425,1,1,0.55,2.0943883671537953,0.286140619404614,High Risk,Medium Profit,1,1
6.0,26025.0,252.0,1.0,3.0,1.04,37.75,1344.0,410.0,15477.5,327.0,187.0,420.0,12344.25,7059.25,15855.0,0.398564619501121,0.466798003553413,0.27,17.0,5.02,1974.58125,2083.85,-1670.95,-955.56,26.28,0.44,0.35,0.2,0.45,50736.0,-516.3800000000001,-1.0177783033743302,37.75,-0.3842113095238096,1,0,0.55,0.013309150990874648,0.13463737694546607,High Risk,Low Profit,2,0
6.0,25863.0,97.0,1.0,0.0,1.0,33.33,970.0,296.0,9865.68,236.0,135.0,303.0,7865.88,4499.55,10098.99,0.37359734174097,0.482115125725977,0.31,7.0,2.07,627.21,1423.49,-1303.47,-745.63,829.95,0.44,0.35,0.2,0.45,32330.1,204.34000000000003,0.6320425857018693,33.33,0.21065979381443303,0,0,0.55,1.3232410197541493,0.14428753253305304,Low Risk,Low Profit,0,0
6.0,26188.0,35.0,1.0,2.0,1.05,33.24,1755.0,600.0,19944.0,404.0,231.0,520.0,13428.96,7678.44,17284.8,0.380446089350153,0.461335604358464,0.31,4.0,1.18,613.6,3155.51,-2038.27,-1165.45,2121.17,0.52,0.35,0.2,0.45,58336.2,2072.96,3.553471086563746,33.239999999999995,1.1811737891737892,1,0,0.55,3.456926336375489,0.158218306291383,Low Risk,Low Profit,1,0
6.0,26271.0,27.0,3.0,2.0,1.05,39.47,1174.0,234.0,9235.98,329.0,188.0,423.0,12985.63,7420.36,16695.81,0.27053945383057,0.412952751899138,0.28,17.0,5.02,1974.58125,2923.26,474.08,270.9,3160.89,0.25,0.35,0.2,0.45,46337.78,6829.13,14.737715099860202,39.47,5.816976149914821,1,1,0.55,1.6007900409263989,0.3165077942702921,High Risk,Medium Profit,1,1
6.0,25504.0,229.0,3.0,3.0,1.04,32.61,1703.0,340.0,11087.4,477.0,273.0,546.625,15554.97,8902.53,19989.93,0.210267849005759,0.409942656871863,0.3,15.0,4.43,1974.58125,4210.88,1241.12,710.33,4876.38,0.25,0.35,0.2,0.45,55534.83,11038.71,19.877093348444568,32.61,6.481920140927774,1,1,0.55,2.4695767773546926,0.37978949412237806,High Risk,High Profit,1,1
6.0,25894.0,94.0,0.0,0.0,1.0,36.87,1251.0,288.0,10618.56,337.0,193.0,433.0,12425.19,7115.91,15964.71,0.230757518429309,0.411095651169308,0.29,17.0,5.02,1974.58125,3803.0,846.74,484.93,3544.05,0.3,0.35,0.2,0.45,46124.369999999995,8678.720000000001,18.815910114327853,36.87,6.937426059152679,1,1,0.55,1.7948362469257724,0.35814683040138295,High Risk,High Profit,1,1
6.0,26194.0,28.0,1.0,1.0,1.03,39.04,1801.0,616.0,23020.373750000002,410.0,234.0,526.0,16006.4,9135.36,20535.04,0.392636619391851,0.51446183193475,0.28,17.0,5.02,1974.58125,2288.56,-2994.77,-1709.21,-732.78,0.54,0.35,0.2,0.45,68697.17375,-3148.2,-4.582721279709123,38.143905469183785,-1.7480288728484175,1,0,0.55,-0.3711065320811691,0.09290154867339895,High Risk,Low Profit,2,0
6.0,26558.0,228.0,3.0,2.0,1.05,35.55,1184.0,244.0,8674.2,329.0,188.0,423.0,11695.95,6683.4,15037.65,0.232291806284338,0.425341091142036,0.32,8.0,2.36,998.28,2969.76,261.6,149.49,4150.12,0.26,0.35,0.2,0.45,42091.200000000004,7530.97,17.892029687915763,35.550000000000004,6.3606165540540545,0,1,0.55,4.157270505269063,0.342367102573626,Low Risk,High Profit,1,1
6.0,25427.0,124.0,3.0,1.0,1.03,44.82,700.0,135.0,6050.7,198.0,113.0,254.0,8874.36,5064.66,11384.28,0.221595377549529,0.442231499240734,0.28,8.0,2.36,599.44,2034.08,498.5,284.5,3227.65,0.24,0.35,0.2,0.45,31374.0,6044.73,19.266685790782176,44.82,8.635328571428571,0,1,0.55,5.384442146002936,0.336173123209737,Low Risk,High Profit,0,1
6.0,26357.0,33.0,3.0,0.0,1.0,38.57,1817.0,419.0,16160.83,489.0,280.0,546.625,18860.73,10799.6,21184.489999999998,0.274983283169568,0.411861554463394,0.31,11.0,3.25,1974.58125,5060.85,59.51,34.07,5553.06,0.3,0.35,0.2,0.45,67005.65,10707.490000000002,15.979980792664502,36.87707760044028,5.892949917446341,1,1,0.55,2.8122722222749763,0.313155162367038,High Risk,High Profit,1,1
6.0,25791.0,27.0,2.0,2.0,1.05,46.18,1554.0,45.0,2078.1,528.0,302.0,546.625,24383.04,13946.36,21184.489999999998,0.260823890322354,0.285453697992489,0.31,5.0,1.48,1004.92,942.88,3504.39,2004.4,6276.405000000001,0.03,0.35,0.2,0.45,61591.99,12728.075,20.66514655558296,39.6344851994852,8.190524453024453,1,1,0.55,6.245676272738129,0.45372241168515703,Low Risk,High Profit,1,1
6.0,25753.0,254.0,3.0,3.0,1.04,38.52,799.0,179.0,6895.08,217.0,124.0,279.0,8358.84,4776.48,10747.08,0.2278426746279,0.37117026054766,0.32,10.0,2.95,823.05,2764.84,676.96,386.83,3486.39,0.29,0.35,0.2,0.45,30777.480000000003,7315.02,23.767442948545494,38.52,9.155219023779726,0,1,0.55,4.235939493347914,0.40098706482444,Low Risk,High Profit,0,1
6.0,25147.0,93.0,3.0,0.0,1.0,36.78,1208.0,264.0,9709.92,330.0,189.0,425.0,12137.4,6951.42,15631.5,0.233279583901167,0.399572163308039,0.27,12.0,3.54,1504.5,3564.98,1179.13,675.32,4234.58,0.28,0.35,0.2,0.45,44430.24,9654.01,21.728466918027003,36.78,7.991730132450331,0,1,0.55,2.814609504818877,0.367148252790794,High Risk,High Profit,1,1
6.0,26576.0,96.0,1.0,1.0,1.03,39.31,713.0,250.0,9827.5,162.0,93.0,208.0,6368.22,3655.83,8176.48,0.365208660904318,0.481922784657218,0.31,17.0,5.02,1044.16,1502.32,-1000.65,-574.45,205.77,0.54,0.35,0.2,0.45,28028.030000000002,132.98999999999992,0.4744892880448605,39.31,0.18652173913043468,0,0,0.55,0.19706749923383388,0.15286855443846403,High Risk,Low Profit,0,0
6.0,25231.0,227.0,1.0,0.0,1.0,30.58,1608.0,459.0,14036.22,402.0,230.0,517.0,12293.16,7033.4,15809.86,0.37593185986625,0.479613355943002,0.32,3.0,0.89,460.13,2027.6,-2158.01,-1234.68,1823.68,0.4,0.35,0.2,0.45,49172.64,458.5899999999997,0.9326121192598155,30.58,0.28519278606965154,1,0,0.55,3.963401647360529,0.14445478419074798,Low Risk,Low Profit,2,0
6.0,26645.0,255.0,0.0,1.0,1.03,45.34,666.0,172.0,7798.48,173.0,99.0,222.0,7843.82,4488.66,10065.48,0.224250628240407,0.428476972575299,0.29,11.0,3.25,721.5,2708.2,449.23,257.08,2773.96,0.35,0.35,0.2,0.45,30196.44,6188.469999999999,20.49403837008601,45.339999999999996,9.291996996996996,0,1,0.55,3.844712404712405,0.347272399184294,High Risk,High Profit,0,1
6.0,25757.0,228.0,0.0,2.0,1.05,38.02,1872.0,386.0,14675.72,520.0,297.0,546.625,19770.4,11291.94,21184.489999999998,0.210788026470691,0.409318629535846,0.33,12.0,3.54,1974.58125,5436.3550000000005,986.41,563.39,6276.405000000001,0.26,0.35,0.2,0.45,66922.55,13262.560000000001,19.8177744273044,35.74922542735043,7.084700854700856,1,1,0.55,3.178600526060906,0.379893343993463,High Risk,High Profit,1,1
6.0,25314.0,128.0,3.0,2.0,1.05,38.23,1116.0,186.0,7110.78,326.0,186.0,418.0,12462.98,7110.78,15980.14,0.21774673609063,0.420422325958498,0.32,3.0,0.89,372.02,2572.9,521.34,297.45,5410.09,0.2,0.35,0.2,0.45,42664.67999999999,8801.78,20.630132465542932,38.23,7.886899641577061,0,1,0.55,14.54247083490135,0.36183093795087196,Low Risk,High Profit,3,1
6.0,26635.0,251.0,2.0,2.0,1.05,33.14,1066.0,60.0,1988.4,352.0,201.0,453.0,11665.28,6661.14,15012.42,0.266349605016876,0.246469770360272,0.31,14.0,4.13,1870.89,968.71,2066.86,1180.22,5442.87,0.06,0.35,0.2,0.45,35327.24,9658.66,27.340545143068066,33.14,9.060656660412757,0,1,0.55,2.909241056395619,0.48718062462285205,High Risk,High Profit,1,1
6.0,26287.0,127.0,1.0,1.0,1.03,37.66,784.0,250.0,9415.0,187.0,107.0,240.0,7042.42,4029.62,9038.4,0.356693005922716,0.507279146322981,0.31,7.0,2.07,496.8,1280.7,-1225.18,-701.04,732.67,0.47,0.35,0.2,0.45,29525.439999999995,87.14999999999998,0.29516918291480154,37.66,0.11116071428571425,0,0,0.55,1.4747785829307567,0.136027847754303,Low Risk,Low Profit,0,0
6.0,25924.0,91.0,1.0,1.0,1.03,37.23,1287.0,423.0,15748.29,302.0,173.0,389.0,11243.46,6440.79,14482.47,0.39681792834308,0.530299017811194,0.27,16.0,4.72,1836.08,1147.78,-2216.28,-1269.59,-780.55,0.49,0.35,0.2,0.45,47915.01,-3118.6400000000003,-6.508691117877259,37.230000000000004,-2.4231857031857036,1,0,0.55,-0.4251176419328134,0.07288305384572591,High Risk,Low Profit,2,0
6.0,26086.0,227.0,3.0,2.0,1.05,42.92,1520.0,304.0,13047.68,426.0,243.0,546.625,18283.92,10429.56,21184.489999999998,0.258586943577975,0.380055402358994,0.3,12.0,3.54,1936.38,4714.88,1121.86,639.93,6276.405000000001,0.25,0.35,0.2,0.45,62945.649999999994,12753.075,20.260454852718183,41.41161184210526,8.390180921052632,1,1,0.55,3.2413085241533173,0.361357654063031,High Risk,High Profit,1,1
6.0,25966.0,33.0,0.0,0.0,1.0,35.69,1155.0,273.0,9743.37,309.0,176.0,397.0,11028.21,6281.44,14168.93,0.221838189810514,0.383769589895383,0.33,10.0,2.95,1171.15,3842.71,710.13,404.48,4416.97,0.31,0.35,0.2,0.45,41221.95,9374.29,22.741015405627348,35.69,8.1162683982684,0,1,0.55,3.7714810229261837,0.39439222029410304,Low Risk,High Profit,1,1
6.0,26453.0,90.0,1.0,2.0,1.05,34.03,1597.0,532.0,18103.96,373.0,213.0,479.0,12693.19,7248.39,16300.37,0.352824207977392,0.478757399367169,0.31,9.0,2.66,1274.14,3049.04,-1797.12,-1026.24,1471.14,0.5,0.35,0.2,0.45,54345.91,1696.8200000000002,3.1222588783590153,34.03,1.062504696305573,1,0,0.55,1.1546140926428807,0.168418392655439,Low Risk,Low Profit,2,0
6.0,25684.0,125.0,2.0,2.0,1.05,32.73,579.0,16.0,523.68,197.0,113.0,253.0,6447.81,3698.49,8280.69,0.297161236905958,0.348697689175606,0.33,5.0,1.48,374.44,185.46,155.66,89.29,2558.09,0.03,0.35,0.2,0.45,18950.67,2988.5,15.769890985384688,32.73,5.161485319516408,0,0,0.55,6.831775451340669,0.35414107391843597,Low Risk,High Profit,0,0
6.0,26091.0,94.0,1.0,0.0,1.0,35.31,1086.0,357.0,12605.67,255.0,146.0,328.0,9004.05,5155.26,11581.68,0.39497821269324,0.501995989563875,0.32,12.0,3.54,1161.12,1298.71,-1953.65,-1118.56,32.09,0.49,0.35,0.2,0.45,38346.66,-1741.41,-4.5412299271957455,35.31,-1.6035082872928177,0,0,0.55,0.02763710899820863,0.103025797742885,High Risk,Low Profit,2,0
6.0,26631.0,126.0,1.0,3.0,1.04,38.6,1471.0,449.0,17331.4,358.0,204.0,460.0,13818.8,7874.4,17756.0,0.352456971432548,0.523055132175796,0.3,17.0,5.02,1974.58125,2157.55,-2425.37,-1382.05,-98.79,0.44,0.35,0.2,0.45,56780.6,-1748.6599999999996,-3.0796786226281507,38.6,-1.188755948334466,1,0,0.55,-0.05003086097368746,0.12448789639165603,High Risk,Low Profit,2,0
6.0,26063.0,30.0,3.0,1.0,1.03,43.18,1682.0,325.0,14033.5,475.0,271.0,546.625,20510.5,11701.78,21184.489999999998,0.258607159834355,0.377645602985285,0.3,13.0,3.84,1974.58125,5104.65,1307.49,745.96,6276.405000000001,0.24,0.35,0.2,0.45,67430.26999999999,13434.505000000001,19.92355213763789,40.089340071343635,7.987220570749109,1,1,0.55,3.178600526060906,0.36374723718036006,High Risk,High Profit,1,1
6.0,25217.0,254.0,0.0,3.0,1.04,32.22,708.0,179.0,5767.38,185.0,106.0,238.0,5960.7,3415.32,7668.36,0.246987310424447,0.444379509147257,0.28,14.0,4.13,982.94,1780.0,170.67,97.79,1383.77,0.34,0.35,0.2,0.45,22811.76,3432.23,15.04587984443112,32.22,4.847782485875706,0,0,0.55,1.4077868435509797,0.308633180428296,High Risk,High Profit,0,0
6.0,25326.0,223.0,3.0,2.0,1.05,42.59,1591.0,357.0,15204.63,432.0,247.0,546.625,18398.88,10519.73,21184.489999999998,0.235044760350138,0.445425680442713,0.31,17.0,5.02,1974.58125,4858.33,175.33,100.25,4766.76,0.29,0.35,0.2,0.45,65307.73,9900.67,15.160027763941573,41.04822752985544,6.222922690131992,1,1,0.55,2.414061209180428,0.319529559207149,High Risk,High Profit,1,1
6.0,26661.0,34.0,1.0,2.0,1.05,42.96,1800.0,600.0,23020.373750000002,420.0,240.0,540.0,18043.2,10310.4,21184.489999999998,0.365962668543216,0.532778966287151,0.28,14.0,4.13,1974.58125,2610.04,-3225.07,-1842.9,118.83,0.5,0.35,0.2,0.45,72558.46375,-2339.1000000000004,-3.223745210564771,40.310257638888885,-1.2995,1,0,0.55,0.0601798482589663,0.10125836516963294,High Risk,Low Profit,2,0
6.0,26446.0,254.0,1.0,3.0,1.04,37.32,1324.0,364.0,13584.48,336.0,192.0,432.0,12539.52,7165.44,16122.24,0.366639859124552,0.52360003029462,0.28,14.0,4.13,1784.16,1491.03,-2134.73,-1219.84,-14.58,0.38,0.35,0.2,0.45,49411.68,-1878.12,-3.8009636587948434,37.32,-1.4185196374622355,1,0,0.55,-0.008171912832929782,0.10976011058082802,High Risk,Low Profit,2,0
6.0,26273.0,250.0,0.0,1.0,1.03,31.9,1628.0,457.0,14578.3,410.0,234.0,527.0,13079.0,7464.6,16811.3,0.217616390939802,0.397422544937581,0.31,7.0,2.07,1090.89,5436.3550000000005,980.42,559.55,5380.81,0.39,0.35,0.2,0.45,51933.2,12357.135000000002,23.794287661842525,31.9,7.590377764127766,1,1,0.55,4.93249548533766,0.384961064122617,Low Risk,High Profit,1,1
6.0,26098.0,32.0,1.0,0.0,1.0,42.03,1375.0,439.0,18451.17,328.0,187.0,421.0,13785.84,7859.61,17694.63,0.373272623040248,0.517080233967863,0.33,13.0,3.84,1616.64,2023.12,-3037.75,-1731.89,323.53,0.47,0.35,0.2,0.45,57791.25,-2422.9900000000007,-4.192658923279909,42.03,-1.7621745454545459,1,0,0.55,0.20012495051464763,0.10964714299188905,High Risk,Low Profit,2,0
6.0,25574.0,131.0,0.0,2.0,1.05,42.64,974.0,194.0,8272.16,273.0,156.0,351.0,11640.72,6651.84,14966.64,0.220691327489913,0.351094515947625,0.27,11.0,3.25,1140.75,3542.26,1841.73,1052.42,5268.18,0.25,0.35,0.2,0.45,41531.36,11704.59,28.18253483632609,42.64,12.017032854209445,0,1,0.55,4.618172255095332,0.428214156562462,High Risk,High Profit,1,1
6.0,26436.0,127.0,0.0,3.0,1.04,39.72,629.0,133.0,5282.76,174.0,99.0,223.0,6911.28,3932.28,8857.56,0.254427242632955,0.35761677462142,0.32,18.0,5.31,1184.13,2049.48,469.66,267.22,2252.21,0.27,0.35,0.2,0.45,24983.88,5038.57,20.167283864635916,39.72,8.010445151033386,0,1,0.55,1.9019955579201606,0.3879559827456249,High Risk,High Profit,0,1
6.0,26546.0,229.0,3.0,1.0,1.03,39.02,1525.0,254.0,9911.08,445.0,254.0,546.625,17363.9,9911.08,21184.489999999998,0.245379131063819,0.369287444860674,0.29,8.0,2.36,1349.92,3819.07,1655.36,944.86,6276.405000000001,0.2,0.35,0.2,0.45,58370.55,12695.695,21.750171961716994,38.27577049180328,8.325045901639344,1,1,0.55,4.649464412705939,0.38533342407550697,Low Risk,High Profit,1,1
6.0,26426.0,227.0,3.0,2.0,1.05,37.63,1638.0,378.0,14224.14,441.0,252.0,546.625,16594.83,9482.76,21184.489999999998,0.227269722595811,0.430248259799555,0.28,17.0,5.02,1974.58125,4871.51,1036.88,592.5,4460.93,0.3,0.35,0.2,0.45,61486.22,10961.82,17.828092213182074,37.53737484737485,6.692197802197802,1,1,0.55,2.2591777370518433,0.34248201760463404,High Risk,High Profit,1,1
6.0,26347.0,34.0,3.0,1.0,1.03,39.53,1330.0,274.0,10831.22,370.0,211.0,475.0,14626.1,8340.83,18776.75,0.23107464665547,0.390396465361118,0.3,12.0,3.54,1681.5,4099.93,1148.57,655.0,5426.04,0.26,0.35,0.2,0.45,52574.9,11329.54,21.549332476143558,39.53,8.51845112781955,1,1,0.55,3.2269045495093667,0.378528887983412,High Risk,High Profit,1,1
6.0,25551.0,35.0,0.0,2.0,1.05,36.52,1788.0,492.0,17967.84,454.0,259.0,546.625,16580.08,9458.68,21184.489999999998,0.23395031798631,0.372183835878968,0.3,3.0,0.89,518.87,5436.3550000000005,1556.3,887.85,6276.405000000001,0.38,0.35,0.2,0.45,65191.09,14156.910000000002,21.716019781230845,36.46034116331096,7.91773489932886,1,1,0.55,12.096295796634996,0.393865846134722,Low Risk,High Profit,1,1
6.0,26373.0,131.0,0.0,0.0,1.0,30.09,1083.0,237.0,7131.33,296.0,169.0,381.0,8906.64,5085.21,11464.29,0.252854062430561,0.350219596992247,0.3,14.0,4.13,1573.53,2830.61,863.29,492.89,2976.95,0.28,0.35,0.2,0.45,32587.47,7163.74,21.983111913873643,30.09,6.614718374884579,0,1,0.55,1.8918927506942986,0.396926340577192,High Risk,High Profit,1,1
6.0,25271.0,130.0,2.0,2.0,1.05,38.09,1560.0,45.0,1714.05,530.0,303.0,546.625,20187.7,11541.27,21184.489999999998,0.265133102447726,0.25546774903778,0.29,6.0,1.77,1207.14,821.71,3823.53,2185.91,6276.405000000001,0.03,0.35,0.2,0.45,54627.51,13107.555,23.99442149202847,35.017634615384615,8.402278846153846,1,1,0.55,5.199401063671156,0.47939914851449394,Low Risk,High Profit,1,1
6.0,25095.0,248.0,0.0,0.0,1.0,38.96,1150.0,244.0,9506.24,317.0,181.0,408.0,12350.32,7051.76,15895.68,0.219332030825317,0.447013895516284,0.3,18.0,5.31,1974.58125,3171.8,415.64,237.32,3137.18,0.27,0.35,0.2,0.45,44804.0,6961.9400000000005,15.5386572627444,38.96,6.053860869565217,1,1,0.55,1.5887824317181174,0.33365407365839905,High Risk,High Profit,1,1
6.0,25946.0,247.0,3.0,3.0,1.04,45.29,1315.0,295.0,13360.55,357.0,204.0,459.0,16168.53,9239.16,20788.11,0.275596019681543,0.386526605347171,0.29,16.0,4.72,1974.58125,4514.23,774.11,442.35,4857.35,0.29,0.35,0.2,0.45,59556.350000000006,10588.04,17.778188220063857,45.290000000000006,8.05174144486692,1,1,0.55,2.459939290925608,0.337877374971286,High Risk,High Profit,1,1
6.0,25649.0,34.0,3.0,2.0,1.05,39.19,724.0,162.0,6348.78,197.0,112.0,253.0,7720.43,4389.28,9915.07,0.213539249114692,0.405171946389601,0.31,8.0,2.36,597.08,2420.72,550.38,312.91,3183.43,0.29,0.35,0.2,0.45,28373.559999999998,6467.44,22.79389685326762,39.19,8.93292817679558,0,1,0.55,5.331664098613251,0.381288804495707,Low Risk,High Profit,0,1
6.0,25934.0,252.0,0.0,1.0,1.03,45.2,1890.0,390.0,17628.0,525.0,300.0,546.625,23730.0,13560.0,21184.489999999998,0.203595286905766,0.379665742721409,0.33,11.0,3.25,1974.58125,5436.3550000000005,2058.32,1176.18,6276.405000000001,0.26,0.35,0.2,0.45,76102.48999999999,14947.260000000002,19.640960499452785,40.26586772486772,7.908603174603176,1,1,0.55,3.178600526060906,0.41673897037282503,High Risk,High Profit,1,1
6.0,26476.0,126.0,1.0,0.0,1.0,31.94,1747.0,590.0,18844.6,405.0,231.0,521.0,12935.7,7378.14,16640.74,0.351937074481975,0.474660008121282,0.33,12.0,3.54,1844.34,3267.71,-2025.69,-1155.4,1041.21,0.51,0.35,0.2,0.45,55799.18000000001,1127.83,2.021230419515125,31.940000000000005,0.645580995993131,1,0,0.55,0.5645434139041609,0.17340291739674307,High Risk,Low Profit,2,0
6.0,26599.0,125.0,1.0,0.0,1.0,35.67,2087.0,616.0,22365.09,511.0,292.0,546.625,18227.37,10415.64,21184.489999999998,0.355992887588218,0.526625352073461,0.3,12.0,3.54,1974.58125,2625.25,-3328.65,-1902.09,425.08,0.43,0.35,0.2,0.45,72192.59,-2180.41,-3.0202684236706285,34.59156205079061,-1.0447580258744609,1,0,0.55,0.2152760237138887,0.11738176033832104,High Risk,Low Profit,2,0
6.0,25317.0,90.0,1.0,3.0,1.04,34.87,1919.0,528.0,18411.36,487.0,278.0,546.625,16981.69,9693.86,21184.489999999998,0.37993001366267,0.527670207573101,0.3,6.0,1.77,1108.02,1701.21,-3525.4,-2012.45,908.94,0.38,0.35,0.2,0.45,66271.4,-2927.7000000000003,-4.417742797043673,34.5343408025013,-1.5256383533090152,1,0,0.55,0.8203281529214275,0.092399778764229,Low Risk,Low Profit,2,0
6.0,25062.0,250.0,3.0,1.0,1.03,35.16,1061.0,184.0,6469.44,307.0,175.0,395.0,10794.12,6153.0,13888.2,0.232083459757268,0.375091242347844,0.27,17.0,5.02,1974.58125,2541.36,1325.79,755.74,3472.74,0.21,0.35,0.2,0.45,37304.76,8095.63,21.701332484111944,35.160000000000004,7.630188501413761,0,1,0.55,1.758722260732497,0.39282529789488796,High Risk,High Profit,1,1
6.0,26598.0,253.0,3.0,3.0,1.04,43.02,1189.0,245.0,10539.9,330.0,189.0,425.0,14196.6,8130.78,18283.5,0.2078494913131,0.381716514099389,0.29,5.0,1.48,629.0,4325.93,1709.75,979.22,6276.405000000001,0.26,0.35,0.2,0.45,51150.78,13291.305,25.984559766244036,43.019999999999996,11.178557611438183,1,1,0.55,9.978386327503976,0.41043399458751106,Low Risk,High Profit,3,1
6.0,26642.0,124.0,1.0,1.0,1.03,31.93,2228.0,616.0,23020.373750000002,527.0,301.0,546.625,16827.11,9610.93,21184.489999999998,0.380396651523188,0.472655458748341,0.27,10.0,2.95,1974.58125,3387.66,-2070.61,-1182.65,1181.11,0.48,0.35,0.2,0.45,70642.90375,1315.5099999999995,1.8621969513816874,31.70686882854578,0.5904443447037699,1,0,0.55,0.5981572042173499,0.14694788972847106,Low Risk,Low Profit,2,0
6.0,26495.0,92.0,3.0,2.0,1.05,43.36,816.0,152.0,6590.72,232.0,133.0,299.0,10059.52,5766.88,12964.64,0.244136251341552,0.372446543793194,0.29,6.0,1.77,529.23,2527.0,939.73,538.73,4441.64,0.23,0.35,0.2,0.45,35381.76,8447.1,23.874165671803777,43.36,10.351838235294117,0,1,0.55,8.392645919543488,0.383417204865254,Low Risk,High Profit,3,1
6.0,25335.0,33.0,3.0,0.0,1.0,33.29,1294.0,283.0,9421.07,354.0,202.0,455.0,11784.66,6724.58,15146.95,0.24593517864123,0.392003784608096,0.33,18.0,5.31,1974.58125,3411.0,377.83,215.6,3068.07,0.28,0.35,0.2,0.45,43077.259999999995,7072.5,16.418175157844303,33.29,5.465610510046368,0,1,0.55,1.5537826058056614,0.362061036750674,High Risk,High Profit,1,1
6.0,26184.0,253.0,1.0,2.0,1.05,43.67,1837.0,616.0,23020.373750000002,423.0,242.0,544.0,18472.41,10568.14,21184.489999999998,0.397812514577527,0.54213472539559,0.29,15.0,4.43,1974.58125,1646.93,-4247.68,-2430.11,-983.28,0.52,0.35,0.2,0.45,73245.41375,-6014.14,-8.210944128908002,39.87229926510616,-3.2738922155688623,1,0,0.55,-0.4979688731471546,0.06005276002688298,High Risk,Low Profit,2,0
6.0,26484.0,92.0,1.0,3.0,1.04,37.47,1106.0,321.0,12027.87,275.0,157.0,353.0,10304.25,5882.79,13226.91,0.391800410626456,0.495386693300679,0.33,4.0,1.18,416.54,1356.9,-2237.95,-1277.67,1075.63,0.41,0.35,0.2,0.45,41441.82000000001,-1083.0899999999997,-2.613519386938121,37.470000000000006,-0.979285714285714,0,0,0.55,2.5822970182935614,0.11281289607286493,Low Risk,Low Profit,2,0
6.0,26283.0,93.0,0.0,0.0,1.0,33.83,1058.0,274.0,9269.42,274.0,157.0,353.0,9269.42,5311.31,11941.99,0.26670686012134,0.398674988886341,0.3,4.0,1.18,416.54,3101.72,320.89,183.87,3579.47,0.35,0.35,0.2,0.45,35792.14,7185.949999999999,20.076893977281042,33.83,6.792013232514177,0,1,0.55,8.593340375474144,0.33461815099231895,Low Risk,High Profit,3,1
6.0,26673.0,96.0,3.0,1.0,1.03,31.05,1897.0,391.0,12140.55,527.0,301.0,546.625,16363.35,9346.05,21051.9,0.216746239922941,0.377016343316063,0.33,16.0,4.72,1974.58125,4931.95,1247.5,712.52,5351.91,0.26,0.35,0.2,0.45,58901.85,12243.88,20.786919256356125,31.05,6.454338429098576,1,1,0.55,2.7104025220537267,0.406237416760996,High Risk,High Profit,1,1
6.0,25948.0,93.0,0.0,3.0,1.04,46.27,2074.0,514.0,23020.373750000002,546.0,312.0,546.625,25263.42,14436.24,21184.489999999998,0.214185018092394,0.367701809061691,0.29,6.0,1.77,1242.54,5436.3550000000005,3236.58,1849.47,6276.405000000001,0.33,0.35,0.2,0.45,83904.52375,16798.81,20.02134002935688,40.455411644165856,8.099715525554485,1,1,0.55,5.051269979236082,0.4181131728459151,Low Risk,High Profit,1,1
6.0,26568.0,226.0,2.0,3.0,1.04,35.23,1119.0,63.0,2219.49,370.0,211.0,475.0,13035.1,7433.53,16734.25,0.283086201990955,0.24523503716918582,0.33,5.0,1.48,703.0,1131.96,2346.42,1338.09,6276.405000000001,0.06,0.35,0.2,0.45,39422.369999999995,11092.875,28.13852896210959,35.23,9.913203753351207,0,1,0.55,8.928029871977241,0.47167876083985916,Low Risk,High Profit,3,1
6.0,26691.0,27.0,0.0,2.0,1.05,43.57,1042.0,258.0,11241.06,274.0,157.0,353.0,11938.18,6840.49,15380.21,0.276894396413118,0.436961538041942,0.3,17.0,5.02,1772.06,3216.56,-165.41,-94.78,2628.9,0.33,0.35,0.2,0.45,45399.939999999995,5585.27,12.302373086836681,43.56999999999999,5.360143953934742,1,1,0.55,1.4835276457907747,0.28614406554494,High Risk,Medium Profit,1,1
6.0,25491.0,35.0,2.0,2.0,1.05,39.37,517.0,19.0,748.03,174.0,100.0,224.0,6850.38,3937.0,8818.88,0.292274127935525,0.24523503716918582,0.28,9.0,2.66,595.84,356.5,1346.69,773.96,3607.12,0.04,0.35,0.2,0.45,20354.29,6084.27,29.891831156969857,39.370000000000005,11.768413926499033,0,1,0.55,6.0538399570354455,0.4624908348952892,Low Risk,High Profit,0,1
6.0,26085.0,93.0,1.0,3.0,1.04,42.38,1695.0,484.0,20511.92,424.0,242.0,545.0,17969.12,10255.96,21184.489999999998,0.365433915355243,0.508302148850635,0.31,11.0,3.25,1771.25,2589.92,-3301.58,-1884.39,1145.08,0.4,0.35,0.2,0.45,69921.48999999999,-1450.9700000000003,-2.075141705361257,41.251616519174036,-0.8560294985250739,1,0,0.55,0.6464812985179957,0.12626393579412198,High Risk,Low Profit,2,0
6.0,26129.0,252.0,3.0,3.0,1.04,36.23,859.0,182.0,6593.86,237.0,135.0,305.0,8586.51,4891.05,11050.15,0.209692815709859,0.39881618055515,0.33,6.0,1.77,539.85,2581.44,527.99,300.76,3786.18,0.27,0.35,0.2,0.45,31121.57,7196.370000000001,23.123415688861456,36.23,8.377613504074507,0,1,0.55,7.013392609058071,0.391491003734991,Low Risk,High Profit,3,1
6.0,26451.0,94.0,0.0,0.0,1.0,41.53,874.0,196.0,8139.88,237.0,136.0,305.0,9842.61,5648.08,12666.65,0.221420450042933,0.376416661264375,0.3,10.0,2.95,899.75,3273.56,1005.55,577.02,4194.31,0.29,0.35,0.2,0.45,36297.22,9050.439999999999,24.934251163036723,41.53,10.355194508009152,0,1,0.55,4.661639344262295,0.402162888692692,Low Risk,High Profit,1,1
6.0,25954.0,125.0,3.0,0.0,1.0,30.41,880.0,170.0,5169.7,248.0,142.0,320.0,7541.68,4318.22,9731.2,0.205783533286303,0.407764682290144,0.32,5.0,1.48,473.6,1997.84,501.16,286.95,3287.04,0.24,0.35,0.2,0.45,26760.800000000003,6072.99,22.693604077606047,30.410000000000004,6.9011249999999995,0,1,0.55,6.94054054054054,0.386451784423553,Low Risk,High Profit,0,1
6.0,25310.0,31.0,0.0,1.0,1.03,37.34,859.0,188.0,7019.92,235.0,134.0,302.0,8774.9,5003.56,11276.68,0.249307421483099,0.3642220714828,0.29,17.0,5.02,1516.04,2712.99,846.52,482.7,2842.06,0.28,0.35,0.2,0.45,32075.06,6884.2699999999995,21.46299960155959,37.34,8.01428405122235,0,1,0.55,1.8746602992005488,0.386470507034101,High Risk,High Profit,0,1
6.0,25810.0,32.0,1.0,0.0,1.0,30.33,1639.0,468.0,14194.44,410.0,234.0,527.0,12435.3,7097.22,15983.91,0.373194335575681,0.454851466068067,0.32,17.0,5.02,1974.58125,2440.79,-1840.99,-1050.71,102.96,0.4,0.35,0.2,0.45,49710.869999999995,-347.9500000000001,-0.699947516508965,30.33,-0.21229408175716907,1,0,0.55,0.052142701142330806,0.17195419835625203,High Risk,Low Profit,2,0
6.0,25794.0,130.0,0.0,3.0,1.04,36.95,817.0,237.0,8757.15,203.0,116.0,261.0,7500.85,4286.2,9643.95,0.256573899816722,0.387745711044408,0.32,18.0,5.31,1385.91,3114.75,267.63,152.93,2044.25,0.41,0.35,0.2,0.45,30188.15,5579.5599999999995,18.482616523370922,36.95,6.8293268053855565,0,1,0.55,1.475023630683089,0.35568038913887,High Risk,High Profit,0,1
6.0,26657.0,124.0,3.0,3.0,1.04,33.18,1575.0,335.0,11115.3,434.0,248.0,546.625,14400.12,8228.64,18514.44,0.264807686787099,0.357675140909851,0.29,13.0,3.84,1974.58125,4196.22,1260.26,720.15,4846.8,0.27,0.35,0.2,0.45,52258.5,11023.43,21.094042117550256,33.18,6.999003174603175,1,1,0.55,2.4545963859425894,0.37751717230305004,High Risk,High Profit,1,1
6.0,25708.0,132.0,0.0,1.0,1.03,38.2,1716.0,490.0,18718.0,429.0,245.0,546.625,16387.8,9359.0,21086.4,0.273293681070209,0.407523798383772,0.3,7.0,2.07,1142.64,5436.3550000000005,314.36,179.53,5587.77,0.4,0.35,0.2,0.45,65551.20000000001,11518.015,17.571020820366364,38.20000000000001,6.712129953379953,1,1,0.55,4.890227893299727,0.31918252054601903,Low Risk,High Profit,1,1
6.0,25385.0,250.0,0.0,2.0,1.05,40.49,722.0,162.0,6559.38,196.0,112.0,252.0,7936.04,4534.88,10203.48,0.212264661733061,0.436031637550332,0.32,6.0,1.77,446.04,2306.96,251.6,143.77,3142.56,0.29,0.35,0.2,0.45,29233.78,5844.889999999999,19.99361697324123,40.489999999999995,8.095415512465372,0,1,0.55,7.045466774280333,0.35170370071660706,Low Risk,High Profit,0,1
6.0,25867.0,33.0,3.0,1.0,1.03,43.94,770.0,168.0,7381.92,211.0,120.0,271.0,9271.34,5272.8,11907.74,0.235598984565586,0.423567920038477,0.31,16.0,4.72,1279.12,2516.0,285.86,162.58,2779.43,0.28,0.35,0.2,0.45,33833.8,5743.87,16.97672150334872,43.940000000000005,7.4595714285714285,0,1,0.55,2.1729235724560634,0.340833095395937,High Risk,High Profit,0,1
6.0,25423.0,29.0,0.0,2.0,1.05,35.31,1929.0,580.0,20479.8,472.0,270.0,546.625,16666.32,9533.7,21184.489999999998,0.256918875612319,0.368768269196153,0.31,9.0,2.66,1614.62,5436.3550000000005,1071.86,613.14,6276.405000000001,0.43,0.35,0.2,0.45,67864.31,13397.760000000002,19.741982199480113,35.18108346293416,6.945443234836704,1,1,0.55,3.8872335286321245,0.374312855191528,Low Risk,High Profit,1,1
6.0,26524.0,124.0,0.0,2.0,1.05,45.79,1801.0,436.0,19964.44,478.0,273.0,546.625,21887.62,12500.67,21184.489999999998,0.200578124113381,0.390207906975411,0.31,11.0,3.25,1974.58125,5436.3550000000005,2171.56,1240.24,6276.405000000001,0.32,0.35,0.2,0.45,75537.22,15124.560000000001,20.022659028224762,41.94182121043865,8.397867851193782,1,1,0.55,3.178600526060906,0.409213968911208,High Risk,High Profit,1,1
6.0,26529.0,28.0,1.0,2.0,1.05,44.3,1393.0,488.0,21618.4,317.0,181.0,407.0,14043.1,8018.3,18030.1,0.384137317724526,0.500554657983594,0.3,16.0,4.72,1921.04,2492.77,-2593.65,-1480.92,157.98,0.54,0.35,0.2,0.45,61709.9,-1423.8200000000002,-2.3072797071458555,44.300000000000004,-1.0221249102656138,1,0,0.55,0.08223670511806104,0.11530802429188003,High Risk,Low Profit,2,0
6.0,25707.0,92.0,0.0,2.0,1.05,37.73,1202.0,318.0,11998.14,309.0,177.0,398.0,11658.57,6678.21,15016.54,0.217949770689011,0.365999466041103,0.29,11.0,3.25,1293.5,4991.84,1469.57,841.79,4954.14,0.36,0.35,0.2,0.45,45351.46,12257.34,27.027442997425,37.73,10.197454242928453,1,1,0.55,3.830027058368767,0.416050763269886,High Risk,High Profit,1,1
6.0,25304.0,27.0,1.0,3.0,1.04,41.88,2154.0,616.0,23020.373750000002,506.0,289.0,546.625,21191.28,12103.32,21184.489999999998,0.372427905304357,0.459272995102219,0.31,16.0,4.72,1974.58125,4990.24,-3002.82,-1715.05,1515.77,0.49,0.35,0.2,0.45,77499.46375,1788.1399999999996,2.307293384336482,35.979323932219124,0.8301485608170843,1,0,0.55,0.7676412403895763,0.16829909959342404,High Risk,Low Profit,2,0
6.0,26450.0,222.0,3.0,1.0,1.03,40.75,1759.0,293.0,11939.75,513.0,293.0,546.625,20904.75,11939.75,21184.489999999998,0.209840250760317,0.408375806361437,0.33,13.0,3.84,1974.58125,4558.4,1082.53,618.29,6276.405000000001,0.2,0.35,0.2,0.45,65968.73999999999,12535.625,19.002371426224,37.50354747015349,7.1265633882888,1,1,0.55,3.178600526060906,0.381783942878246,High Risk,High Profit,1,1
6.0,26427.0,132.0,0.0,0.0,1.0,31.35,1591.0,486.0,15236.1,387.0,221.0,497.0,12132.45,6928.35,15580.95,0.267180955633521,0.405959353060462,0.27,17.0,5.02,1974.58125,4980.07,689.85,393.94,2597.84,0.44,0.35,0.2,0.45,49877.850000000006,8661.7,17.36582470976596,31.350000000000005,5.4441860465116285,1,1,0.55,1.3156409745104185,0.326859691306017,High Risk,High Profit,1,1
6.0,26651.0,252.0,3.0,1.0,1.03,43.8,1694.0,380.0,16644.0,460.0,263.0,546.625,20148.0,11519.4,21184.489999999998,0.22018214546144,0.447627211268991,0.29,9.0,2.66,1572.06,5436.3550000000005,850.06,486.01,6276.405000000001,0.29,0.35,0.2,0.45,69495.89,13048.830000000002,18.776405338502755,41.024728453364816,7.70296930342385,1,1,0.55,3.9924716613869706,0.33219064326956893,Low Risk,High Profit,1,1
6.0,26557.0,132.0,1.0,2.0,1.05,43.14,969.0,305.0,13157.7,232.0,133.0,299.0,10008.48,5737.62,12898.86,0.383657122286968,0.455078476667404,0.29,5.0,1.48,442.52,2121.87,-1288.45,-738.64,1637.61,0.46,0.35,0.2,0.45,41802.66,1732.3899999999999,4.144209961758414,43.14,1.78781217750258,0,0,0.55,3.7006462984723854,0.161264401045628,Low Risk,Low Profit,0,0
6.0,25553.0,93.0,0.0,0.0,1.0,38.19,1435.0,438.0,16727.22,349.0,199.0,449.0,13328.31,7599.81,17147.31,0.22399247141555,0.391132962983102,0.31,7.0,2.07,929.43,5436.3550000000005,997.95,569.03,5670.13,0.44,0.35,0.2,0.45,54802.649999999994,12673.465,23.125642646842813,38.19,8.831682926829268,1,1,0.55,6.100653088452063,0.3848745656013479,Low Risk,High Profit,1,1
7.0,25001.0,103.0,3.0,2.0,1.05,33.75,580.0,71.0,2396.25,254.0,153.0,102.0,8572.5,5163.75,3442.5,0.275752293970436,0.379911925341003,0.28,6.0,1.77,180.54,825.11,551.52,332.21,1004.84,0.14,0.5,0.3,0.2,19575.0,2713.6800000000003,13.86298850574713,33.75,4.678758620689655,0,0,0.8,5.565747202835937,0.34433578068856097,Low Risk,Medium Profit,0,0
7.0,25608.0,152.0,1.0,3.0,1.04,43.86,1689.0,369.0,16184.34,660.0,396.0,264.0,28947.6,17368.56,11579.04,0.381053506885655,0.492331564100459,0.31,13.0,3.84,1013.76,2049.18,-5308.56,-3090.4475,452.32,0.28,0.5,0.3,0.2,74079.54000000001,-5897.5075000000015,-7.961047679291747,43.86000000000001,-3.49171551213736,1,0,0.8,0.4461805555555556,0.12661492901388605,High Risk,Low Profit,2,0
7.0,25285.0,170.0,3.0,2.0,1.05,39.77,748.0,55.0,2187.35,346.0,208.0,139.0,13760.42,8272.16,5528.03,0.26003233987838,0.441909208055586,0.33,10.0,2.95,410.05,651.96,-439.53,-264.23,1237.63,0.08,0.5,0.3,0.2,29747.96,1185.8300000000002,3.9862565365826774,39.769999999999996,1.5853342245989306,0,0,0.8,3.0182416778441654,0.2980584520660341,Low Risk,Low Profit,0,0
7.0,26659.0,103.0,3.0,1.0,1.03,34.64,1424.0,152.0,5265.28,636.0,382.0,254.0,22031.04,13232.48,8798.56,0.224418778009713,0.382366169150919,0.28,3.0,0.89,226.06,2070.39,2494.25,1498.12,3233.67,0.12,0.5,0.3,0.2,49327.36,9296.43,18.846396806964734,34.64,6.528391853932584,1,1,0.8,14.30447668760506,0.3932150528393681,Low Risk,High Profit,3,1
7.0,26582.0,102.0,3.0,0.0,1.0,32.56,1565.0,167.0,5437.52,699.0,419.0,280.0,22759.44,13642.64,9116.8,0.218178118113428,0.431010805140249,0.3,14.0,4.13,1156.4,1907.54,1156.43,693.2,2041.87,0.12,0.5,0.3,0.2,50956.399999999994,5799.04,11.380395789341478,32.559999999999995,3.7054568690095846,1,1,0.8,1.765712556208924,0.35081107674632306,High Risk,Medium Profit,1,1
7.0,25127.0,55.0,3.0,2.0,1.05,37.01,534.0,61.0,2257.61,236.0,142.0,95.0,8734.36,5255.42,3515.95,0.209436130970716,0.421511780680157,0.27,17.0,5.02,476.9,833.18,865.16,520.56,820.67,0.13,0.5,0.3,0.2,19763.34,3039.5699999999997,15.379839642489578,37.01,5.692078651685392,0,0,0.8,1.72084294401342,0.36905208834912706,High Risk,High Profit,0,0
7.0,25896.0,58.0,1.0,1.0,1.03,35.01,1493.0,308.0,10783.08,592.0,356.0,237.0,20725.92,12463.56,8297.37,0.389836396742612,0.512049130955711,0.32,10.0,2.95,699.15,1057.98,-4598.78,-2765.48,114.94,0.26,0.5,0.3,0.2,52269.93,-6191.34,-11.844936467295824,35.01,-4.146912257200268,1,0,0.8,0.16439962811985984,0.09811447230167691,Low Risk,Low Profit,2,0
7.0,25493.0,60.0,0.0,3.0,1.04,40.37,1328.0,152.0,6136.24,588.0,353.0,235.0,23737.56,14250.61,9486.95,0.221122461147606,0.439319629827514,0.33,7.0,2.07,486.45,2083.61,226.88,136.21,2734.92,0.13,0.5,0.3,0.2,53611.36,5181.620000000001,9.665153057113269,40.37,3.901822289156627,1,1,0.8,5.6222016651248845,0.33955790902488003,Low Risk,Medium Profit,1,1
7.0,26342.0,102.0,0.0,3.0,1.04,39.73,791.0,71.0,2820.83,360.0,216.0,144.0,14302.8,8581.68,5721.12,0.206660068742931,0.405520725762472,0.29,18.0,5.31,764.64,1093.97,1399.09,839.45,1454.12,0.1,0.5,0.3,0.2,31426.429999999997,4786.63,15.23122416386462,39.73,6.051365360303413,0,0,0.8,1.9017053776940782,0.38781920549459703,High Risk,High Profit,0,0
7.0,25696.0,49.0,0.0,2.0,1.05,42.49,715.0,59.0,2506.91,328.0,197.0,131.0,13936.72,8370.53,5566.19,0.200809258650988,0.419556430145167,0.31,10.0,2.95,386.45,951.71,970.47,582.88,1726.67,0.09,0.5,0.3,0.2,30380.349999999995,4231.73,13.929168031309713,42.489999999999995,5.9185034965034955,0,0,0.8,4.468029499288395,0.37963431120384494,Low Risk,Medium Profit,0,0
7.0,25900.0,61.0,1.0,0.0,1.0,42.08,1095.0,204.0,8584.32,446.0,267.0,178.0,18767.68,11235.36,7490.24,0.392105521680787,0.485890758875758,0.33,16.0,4.72,840.16,1047.32,-3903.61,-2336.91,73.68,0.23,0.5,0.3,0.2,46077.6,-5119.5199999999995,-11.110648124034238,42.08,-4.6753607305936065,1,0,0.8,0.08769758141306419,0.122003719443455,High Risk,Low Profit,2,0
7.0,25012.0,59.0,0.0,3.0,1.04,36.18,1017.0,132.0,4775.76,442.0,266.0,177.0,15991.56,9623.88,6403.86,0.247586196903139,0.374162012757733,0.31,14.0,4.13,731.01,1806.44,1091.45,656.85,1691.26,0.15,0.5,0.3,0.2,36795.06,5246.0,14.257348676697362,36.18,5.1583087512291055,0,1,0.8,2.3135935212924585,0.37825179033912804,High Risk,Medium Profit,0,1
7.0,26468.0,175.0,3.0,2.0,1.05,39.72,831.0,75.0,2979.0,378.0,227.0,151.0,15014.16,9016.44,5997.72,0.218265655562282,0.394720010622405,0.32,3.0,0.89,134.39,1152.92,1006.16,604.23,2186.81,0.1,0.5,0.3,0.2,33007.32,4950.12,14.997037020879006,39.72,5.95682310469314,0,1,0.8,16.27211846119503,0.3870143338153129,Low Risk,Medium Profit,3,1
7.0,26470.0,62.0,0.0,2.0,1.05,46.77,1623.0,147.0,6875.19,738.0,443.0,295.0,34516.26,20719.11,13797.15,0.262257992625237,0.434052260057069,0.28,6.0,1.77,522.15,2087.92,817.68,490.83,3667.9,0.1,0.5,0.3,0.2,75907.71,7064.33,9.306472293789392,46.77,4.352637091805299,1,1,0.8,7.0246097864598305,0.30368974731769405,Low Risk,Medium Profit,1,1
7.0,26227.0,102.0,0.0,2.0,1.05,40.07,1191.0,127.0,5088.89,532.0,319.0,213.0,21317.24,12782.33,8534.91,0.261373641751707,0.353416023193859,0.3,16.0,4.72,1005.36,1960.29,1816.45,1089.19,2282.38,0.12,0.5,0.3,0.2,47723.369999999995,7148.31,14.978636253055896,40.06999999999999,6.0019395465994965,1,1,0.8,2.2702116654730644,0.385210335054434,High Risk,Medium Profit,1,1
7.0,25096.0,102.0,3.0,0.0,1.0,32.0,849.0,104.0,3328.0,372.0,224.0,149.0,11904.0,7168.0,4768.0,0.20281207928434,0.438259883923456,0.27,17.0,5.02,747.98,1194.51,1058.6,637.44,963.39,0.14,0.5,0.3,0.2,27168.0,3853.9399999999996,14.18558598351001,32.0,4.539387514723203,0,0,0.8,1.2879889836626648,0.358928036792204,High Risk,Medium Profit,0,0
7.0,25987.0,156.0,3.0,3.0,1.04,43.24,1668.0,178.0,7696.72,745.0,447.0,298.0,32213.8,19328.28,12885.52,0.274228022359312,0.413060047267936,0.32,6.0,1.77,527.46,2406.86,-234.78,-140.87,3502.0,0.12,0.5,0.3,0.2,72124.31999999999,5533.21,7.671767304010631,43.239999999999995,3.3172721822541966,1,1,0.8,6.639366018276267,0.312711930372752,Low Risk,Medium Profit,1,1
7.0,26028.0,58.0,0.0,1.0,1.03,43.28,1299.0,128.0,5539.84,586.0,351.0,234.0,25362.08,15191.28,10127.52,0.273229770790786,0.404283563466743,0.27,18.0,5.31,1242.54,1786.52,1331.17,797.34,2023.45,0.11,0.5,0.3,0.2,56220.72,5938.4800000000005,10.56279606522293,43.28,4.571578137028484,1,1,0.8,1.628478761247123,0.322486665742471,High Risk,Medium Profit,1,1
7.0,26353.0,45.0,3.0,0.0,1.0,31.56,1493.0,171.0,5396.76,661.0,397.0,264.0,20861.16,12529.32,8331.84,0.239739823397249,0.391634819563478,0.28,7.0,2.07,546.48,1989.38,1848.83,1110.42,2524.85,0.13,0.5,0.3,0.2,47119.08,7473.48,15.860835992553335,31.560000000000002,5.005679839249832,1,1,0.8,4.620205679988288,0.368625357039273,Low Risk,High Profit,1,1
7.0,26152.0,98.0,0.0,3.0,1.04,34.57,1037.0,127.0,4390.39,455.0,273.0,182.0,15729.35,9437.61,6291.74,0.220947811417282,0.352360815787688,0.28,4.0,1.18,214.76,1873.34,2307.36,1384.42,2469.87,0.14,0.5,0.3,0.2,35849.090000000004,8034.99,22.41337227806898,34.57,7.7483027965284474,0,1,0.8,11.500605326876514,0.42669137279503,Low Risk,High Profit,3,1
7.0,25142.0,50.0,0.0,2.0,1.05,44.04,1062.0,96.0,4227.84,483.0,290.0,193.0,21271.32,12771.6,8499.72,0.225175304058939,0.418327891989611,0.31,17.0,5.02,968.86,1507.21,989.05,593.84,2061.26,0.1,0.5,0.3,0.2,46770.48,5151.360000000001,11.014126859506252,44.040000000000006,4.850621468926554,1,1,0.8,2.1275106826579693,0.35649680395145,High Risk,Medium Profit,0,1
7.0,25386.0,102.0,2.0,2.0,1.05,43.93,1351.0,111.0,4876.23,620.0,372.0,248.0,27236.6,16341.96,10894.64,0.284841953276191,0.24523503716918582,0.31,5.0,1.48,367.04,2478.97,5403.15,3234.4325,5171.56,0.09,0.5,0.3,0.2,59349.42999999999,16288.1125,27.44442954212029,43.92999999999999,12.05633789785344,1,1,0.8,14.089908456843942,0.4699230095546232,Low Risk,High Profit,3,1
7.0,25751.0,102.0,3.0,0.0,1.0,40.45,1566.0,142.0,5743.9,712.0,427.0,285.0,28800.4,17272.15,11528.25,0.220950177423656,0.388419489259832,0.3,10.0,2.95,840.75,2243.74,2610.19,1565.38,3662.53,0.1,0.5,0.3,0.2,63344.700000000004,10081.84,15.915838262711796,40.45,6.437956577266922,1,1,0.8,4.356265239369611,0.390630333316512,Low Risk,High Profit,1,1
7.0,25589.0,171.0,2.0,2.0,1.05,38.03,555.0,26.0,988.78,264.0,159.0,106.0,10039.92,6046.77,4031.18,0.276379965303931,0.24523503716918582,0.28,18.0,5.31,562.86,497.53,2240.67,1349.5,1465.54,0.05,0.5,0.3,0.2,21106.65,5553.24,26.31038085153257,38.03,10.005837837837838,0,1,0.8,2.603738052091106,0.47838499752688324,High Risk,High Profit,0,1
7.0,26439.0,175.0,1.0,0.0,1.0,36.1,782.0,151.0,5451.1,316.0,189.0,126.0,11407.6,6822.9,4548.6,0.379704358952586,0.4604658766184,0.33,17.0,5.02,632.52,871.25,-1941.23,-1161.05,94.48,0.24,0.5,0.3,0.2,28230.199999999997,-2136.5499999999997,-7.568313366536546,36.099999999999994,-2.732161125319693,0,0,0.8,0.14937077088471512,0.1598297644290141,High Risk,Low Profit,0,0
7.0,26118.0,60.0,2.0,0.0,1.0,36.93,1620.0,147.0,5428.71,736.0,442.0,295.0,27180.48,16323.06,10894.35,0.291367352742236,0.311181534768548,0.32,4.0,1.18,348.1,2157.65,2105.16,1264.24,3981.87,0.1,0.5,0.3,0.2,59826.6,9508.919999999998,15.894134047396975,36.93,5.869703703703703,1,1,0.8,11.438868141338695,0.39745111248921594,Low Risk,High Profit,3,1
7.0,26077.0,105.0,3.0,0.0,1.0,32.96,1060.0,78.0,2570.88,491.0,295.0,196.0,16183.36,9723.2,6460.16,0.235267941784114,0.422363195079379,0.32,5.0,1.48,290.08,880.19,362.0,217.5,1921.68,0.08,0.5,0.3,0.2,34937.600000000006,3381.37,9.678312190877449,32.96000000000001,3.1899716981132076,0,0,0.8,6.624655267512411,0.34236886313650705,Low Risk,Medium Profit,0,0
7.0,25796.0,100.0,0.0,3.0,1.04,45.01,1228.0,141.0,6346.41,544.0,326.0,217.0,24485.44,14673.26,9767.17,0.220988511480391,0.352993193850853,0.31,14.0,4.13,896.21,2703.69,2840.76,1702.37,3264.78,0.13,0.5,0.3,0.2,55272.28,10511.6,19.01785126287535,45.01,8.559934853420195,1,1,0.8,3.6428738800058023,0.42601829466875607,High Risk,High Profit,1,1
7.0,25029.0,60.0,3.0,0.0,1.0,40.81,833.0,61.0,2489.41,386.0,232.0,154.0,15752.66,9467.92,6284.74,0.206587430424988,0.364191686338745,0.32,8.0,2.36,363.44,1068.51,1720.52,1034.09,2334.1,0.08,0.5,0.3,0.2,33994.729999999996,6157.219999999999,18.11227799132395,40.809999999999995,7.391620648259303,0,1,0.8,6.422243011226062,0.42922088323626695,Low Risk,High Profit,0,1
7.0,25758.0,171.0,2.0,1.0,1.03,40.82,1476.0,70.0,2857.4,703.0,422.0,281.0,28696.46,17226.04,11470.42,0.288680646009743,0.24523503716918582,0.32,4.0,1.18,331.58,1397.88,4855.84,2914.88,5279.91,0.05,0.5,0.3,0.2,60250.32,14448.51,23.98080209366523,40.82,9.788963414634146,1,1,0.8,15.923487544483987,0.4660843168210711,Low Risk,High Profit,3,1
7.0,26122.0,52.0,3.0,0.0,1.0,44.53,1266.0,115.0,5120.95,576.0,345.0,230.0,25649.28,15362.85,10241.9,0.279058709423989,0.415310594765469,0.28,18.0,5.31,1221.3,1565.12,657.41,393.76,1908.94,0.1,0.5,0.3,0.2,56374.98,4525.23,8.027018368787003,44.53,3.574431279620853,1,0,0.8,1.563039384262671,0.3056306958105419,High Risk,Medium Profit,1,0
7.0,25800.0,171.0,3.0,0.0,1.0,31.14,453.0,37.0,1152.18,208.0,125.0,83.0,6477.12,3892.5,2584.62,0.267548405658454,0.414790036412887,0.31,5.0,1.48,122.84,366.0,49.62,29.82,698.19,0.09,0.5,0.3,0.2,14106.419999999998,1143.63,8.10715971876635,31.139999999999997,2.5245695364238414,0,0,0.8,5.683734939759036,0.317661557928659,Low Risk,Medium Profit,0,0
7.0,25073.0,45.0,1.0,0.0,1.0,40.23,649.0,103.0,4143.69,273.0,164.0,109.0,10982.79,6597.72,4385.07,0.385292206250597,0.516773813543841,0.31,13.0,3.84,418.56,405.81,-2329.08,-1399.15,10.89,0.19,0.5,0.3,0.2,26109.27,-3311.53,-12.68334963022712,40.230000000000004,-5.10251155624037,0,0,0.8,0.0260177752293578,0.09793398020556199,High Risk,Low Profit,0,0
7.0,26044.0,168.0,0.0,1.0,1.03,44.34,1678.0,138.0,6118.92,770.0,462.0,308.0,34141.8,20485.08,13656.72,0.267806369066238,0.421381369489245,0.28,4.0,1.18,363.44,1901.84,1051.99,631.19,3881.24,0.09,0.5,0.3,0.2,74402.52,7466.26,10.03495580526036,44.34,4.449499404052443,1,1,0.8,10.67917675544794,0.310812261444517,Low Risk,Medium Profit,1,1
7.0,26408.0,98.0,2.0,2.0,1.05,38.88,511.0,24.0,933.12,244.0,146.0,97.0,9486.72,5676.48,3771.36,0.285626432765275,0.265033819479868,0.3,7.0,2.07,200.79,419.29,1416.74,847.72,1493.83,0.05,0.5,0.3,0.2,19867.68,4177.58,21.02701472945004,38.88,8.175303326810177,0,0,0.8,7.439762936401215,0.4493397477548571,Low Risk,High Profit,0,0
7.0,26006.0,104.0,0.0,2.0,1.05,39.79,1547.0,153.0,6087.87,697.0,418.0,279.0,27733.63,16632.22,11101.41,0.257934817820787,0.431698935572058,0.32,13.0,3.84,1071.36,1889.47,-267.18,-160.23,2374.14,0.11,0.5,0.3,0.2,61555.130000000005,3836.2,6.232136947805974,39.790000000000006,2.4797672915319975,1,0,0.8,2.21600582437276,0.31036624660715506,High Risk,Medium Profit,1,0
7.0,26493.0,176.0,2.0,1.0,1.03,42.72,487.0,23.0,982.56,232.0,139.0,93.0,9911.04,5938.08,3972.96,0.279154130327515,0.263758043944836,0.32,15.0,4.43,411.99,449.12,1358.68,814.04,1404.0,0.05,0.5,0.3,0.2,20804.64,4025.84,19.350683309107968,42.72,8.266611909650925,0,0,0.8,3.4078497050899292,0.45708782572764894,High Risk,High Profit,0,0
7.0,26655.0,57.0,3.0,0.0,1.0,35.42,994.0,90.0,3187.8,452.0,271.0,181.0,16009.84,9598.82,6411.02,0.273310075625777,0.433302526897751,0.31,17.0,5.02,908.62,935.26,-265.97,-159.46,972.29,0.1,0.5,0.3,0.2,35207.479999999996,1482.12,4.209673626172621,35.419999999999995,1.491066398390342,0,0,0.8,1.0700732979683476,0.293387397476472,High Risk,Low Profit,0,0
7.0,25039.0,103.0,3.0,2.0,1.05,42.7,1079.0,115.0,4910.5,482.0,289.0,193.0,20581.4,12340.3,8241.1,0.269678716342896,0.384321287600324,0.3,7.0,2.07,399.51,1699.03,946.74,567.65,2451.91,0.12,0.5,0.3,0.2,46073.299999999996,5665.33,12.296340830806564,42.699999999999996,5.250537534754402,1,1,0.8,6.137293184150584,0.34599999605678,Low Risk,Medium Profit,0,1
7.0,25768.0,172.0,0.0,0.0,1.0,36.71,842.0,69.0,2532.99,386.0,232.0,155.0,14170.06,8516.72,5690.05,0.215933950506151,0.444786934065633,0.28,4.0,1.18,182.9,859.39,839.99,504.86,1747.62,0.09,0.5,0.3,0.2,30909.819999999996,3951.86,12.785127833161114,36.709999999999994,4.693420427553444,0,0,0.8,9.5550574084199,0.339279115428216,Low Risk,Medium Profit,3,0
7.0,25041.0,152.0,3.0,0.0,1.0,31.52,863.0,99.0,3120.48,382.0,229.0,153.0,12040.64,7218.08,4822.56,0.223921236507595,0.38521895618178,0.31,13.0,3.84,587.52,1219.67,973.6,583.65,1297.42,0.13,0.5,0.3,0.2,27201.76,4074.34,14.978221997400171,31.52,4.721135573580534,0,0,0.8,2.208299291938998,0.3908598073106251,High Risk,Medium Profit,0,0
7.0,26255.0,99.0,3.0,0.0,1.0,31.26,1502.0,124.0,3876.24,689.0,413.0,276.0,21538.14,12910.38,8627.76,0.203652285616845,0.429619633592665,0.33,8.0,2.36,651.36,1421.53,791.05,474.17,2512.68,0.09,0.5,0.3,0.2,46952.52,5199.43,11.073803919363648,31.259999999999998,3.461671105193076,1,1,0.8,3.8575902726602798,0.36672808079049,Low Risk,Medium Profit,1,1
7.0,26538.0,105.0,3.0,0.0,1.0,33.85,543.0,70.0,2369.5,236.0,142.0,95.0,7988.6,4806.7,3215.75,0.242535118777305,0.426368783880025,0.3,6.0,1.77,168.15,784.53,248.41,149.47,896.57,0.15,0.5,0.3,0.2,18380.55,2078.98,11.310760559395666,33.85,3.8286924493554326,0,0,0.8,5.3319655069878085,0.33109609734267,Low Risk,Medium Profit,0,0
7.0,26052.0,59.0,1.0,0.0,1.0,35.37,982.0,202.0,7144.74,390.0,234.0,156.0,13794.3,8276.58,5517.72,0.355087154521607,0.521680672629736,0.27,18.0,5.31,828.36,880.46,-2024.56,-1214.74,-148.4,0.26,0.5,0.3,0.2,34733.340000000004,-2507.2400000000002,-7.218539881278334,35.370000000000005,-2.553197556008147,0,0,0.8,-0.17914916220000965,0.12323217284865695,High Risk,Low Profit,2,0
7.0,25651.0,174.0,1.0,2.0,1.05,37.9,1714.0,385.0,14591.5,664.0,399.0,266.0,25165.6,15122.1,10081.4,0.378311446553562,0.536643758160062,0.3,16.0,4.72,1255.52,1240.93,-5409.48,-3090.4475,-398.15,0.29,0.5,0.3,0.2,64960.6,-7657.147499999999,-11.787371883880382,37.9,-4.467413943990665,1,0,0.8,-0.31711959984707533,0.08504479528637598,High Risk,Low Profit,2,0
7.0,25908.0,98.0,2.0,1.0,1.03,38.79,1502.0,71.0,2754.09,716.0,429.0,286.0,27773.64,16640.91,11093.94,0.294298620906193,0.278156667167786,0.27,6.0,1.77,506.22,1177.5,4375.59,2621.69,4236.94,0.05,0.5,0.3,0.2,58262.58,12411.720000000001,21.3030730873916,38.79,8.263462050599202,1,1,0.8,8.369760183319505,0.42754471192602095,Low Risk,High Profit,1,1
7.0,26300.0,168.0,0.0,3.0,1.04,42.78,672.0,72.0,3080.16,300.0,180.0,120.0,12834.0,7700.4,5133.6,0.210961750838906,0.360864102188498,0.29,10.0,2.95,354.0,1318.84,1773.33,1064.0,1844.07,0.12,0.5,0.3,0.2,28748.159999999996,6000.24,20.871735791090632,42.779999999999994,8.928928571428571,0,1,0.8,5.209237288135593,0.4281741469725959,Low Risk,High Profit,0,1
7.0,25412.0,153.0,1.0,0.0,1.0,31.91,1132.0,188.0,5999.08,472.0,283.0,189.0,15061.52,9030.53,6030.99,0.360180454456713,0.494264544453472,0.32,14.0,4.13,780.57,873.2,-2627.41,-1575.33,97.27,0.2,0.5,0.3,0.2,36122.119999999995,-3232.27,-8.94817358449615,31.909999999999997,-2.8553621908127207,0,0,0.8,0.12461406408137642,0.145555001089815,High Risk,Low Profit,2,0
7.0,25291.0,101.0,3.0,2.0,1.05,36.1,521.0,55.0,1985.5,233.0,140.0,93.0,8411.3,5054.0,3357.3,0.233243496064097,0.365065242908895,0.31,10.0,2.95,274.35,797.56,771.24,463.41,1074.25,0.12,0.5,0.3,0.2,18808.1,3106.46,16.516607206469555,36.099999999999994,5.962495201535509,0,0,0.8,3.915618735192272,0.40169126102700803,Low Risk,High Profit,0,0
7.0,25912.0,49.0,3.0,2.0,1.05,33.69,535.0,48.0,1617.12,244.0,146.0,97.0,8220.36,4918.74,3267.93,0.214890444949269,0.445244940463454,0.31,13.0,3.84,372.48,549.6,245.5,146.9,738.17,0.1,0.5,0.3,0.2,18024.149999999998,1680.17,9.321771068261196,33.69,3.1405046728971966,0,0,0.8,1.981770833333333,0.339864614587277,High Risk,Medium Profit,0,0
7.0,26060.0,50.0,1.0,3.0,1.04,34.19,617.0,111.0,3795.09,253.0,152.0,101.0,8650.07,5196.88,3453.19,0.372022026230115,0.478175587556325,0.32,17.0,5.02,507.02,568.51,-1472.22,-884.5,10.28,0.22,0.5,0.3,0.2,21095.23,-1777.93,-8.428113843745718,34.19,-2.8815721231766616,0,0,0.8,0.020275334306339,0.14980238621356,High Risk,Low Profit,0,0
7.0,25901.0,152.0,2.0,1.0,1.03,42.86,899.0,66.0,2828.76,416.0,250.0,167.0,17829.76,10715.0,7157.62,0.273968830623198,0.24523503716918582,0.29,5.0,1.48,247.16,1365.82,3438.18,2066.21,3208.78,0.08,0.5,0.3,0.2,38531.14,10078.99,26.158037369255098,42.86,11.211334816462736,0,1,0.8,12.982602362841885,0.4807961322076162,Low Risk,High Profit,3,1
7.0,25093.0,104.0,0.0,0.0,1.0,31.34,1447.0,119.0,3729.46,664.0,398.0,266.0,20809.76,12473.32,8336.44,0.254196326769888,0.394487718609162,0.31,3.0,0.89,236.74,1310.22,859.78,515.35,2691.98,0.09,0.5,0.3,0.2,45348.979999999996,5377.33,11.857664714840336,31.339999999999996,3.7161921216309604,1,1,0.8,11.371039959449185,0.35131595462095,Low Risk,Medium Profit,3,1
7.0,25782.0,104.0,1.0,2.0,1.05,43.51,1123.0,163.0,7092.13,480.0,288.0,192.0,20884.8,12530.88,8353.92,0.358453105599619,0.468209247034974,0.27,14.0,4.13,792.96,1229.33,-2018.77,-1211.26,655.09,0.17,0.5,0.3,0.2,48861.729999999996,-1345.6100000000001,-2.753913952698769,43.51,-1.1982279608192343,1,0,0.8,0.8261324656981437,0.1733376473654069,High Risk,Low Profit,2,0
7.0,26187.0,170.0,0.0,0.0,1.0,30.55,1005.0,99.0,3024.45,453.0,272.0,181.0,13839.15,8309.6,5529.55,0.273210553117096,0.424410239839926,0.32,10.0,2.95,533.95,914.53,-243.86,-146.42,1138.07,0.11,0.5,0.3,0.2,30702.749999999996,1662.32,5.414238138277517,30.549999999999997,1.654049751243781,0,0,0.8,2.131416799325779,0.30237920704297805,Low Risk,Medium Profit,0,0
7.0,25918.0,170.0,0.0,0.0,1.0,32.66,1288.0,148.0,4833.68,570.0,342.0,228.0,18616.2,11169.72,7446.48,0.232183169946074,0.359768124553375,0.27,18.0,5.31,1210.68,1972.38,2569.94,1541.97,1827.85,0.13,0.5,0.3,0.2,42066.08,7912.139999999999,18.808836002784187,32.660000000000004,6.142965838509316,0,1,0.8,1.5097713681567382,0.40804870550055106,High Risk,High Profit,1,1
7.0,26310.0,155.0,3.0,3.0,1.04,37.74,675.0,55.0,2075.7,310.0,186.0,124.0,11699.4,7019.64,4679.76,0.252736609466374,0.430498163960874,0.28,5.0,1.48,183.52,657.51,430.13,258.08,1298.87,0.09,0.5,0.3,0.2,25474.5,2644.5899999999997,10.381322498969556,37.74,3.9179111111111107,0,0,0.8,7.0775392327811675,0.3167652265727521,Low Risk,Medium Profit,0,0
7.0,26432.0,47.0,3.0,3.0,1.04,40.99,767.0,100.0,4099.0,334.0,200.0,133.0,13690.66,8198.0,5451.67,0.233901023175567,0.430628993362188,0.31,3.0,0.89,118.37,1375.09,348.7,208.8,1710.5,0.15,0.5,0.3,0.2,31439.33,3643.09,11.587683325312593,40.99,4.749791395045633,0,0,0.8,14.4504519726282,0.335469983462245,Low Risk,Medium Profit,3,0
7.0,26325.0,158.0,2.0,1.0,1.03,41.86,594.0,28.0,1172.08,283.0,170.0,113.0,11846.38,7116.2,4730.18,0.270292205282021,0.250429149204865,0.3,13.0,3.84,433.92,561.75,2123.8,1275.78,1833.15,0.05,0.5,0.3,0.2,24864.84,5794.48,23.303910260431998,41.86,9.755016835016834,0,1,0.8,4.224626659292036,0.47927864551311394,High Risk,High Profit,0,1
7.0,25342.0,154.0,3.0,2.0,1.05,40.95,1693.0,167.0,6838.65,763.0,458.0,305.0,31244.85,18755.1,12489.75,0.276096988841891,0.361911601130851,0.31,4.0,1.18,359.9,2475.53,1624.46,975.1,4161.28,0.11,0.5,0.3,0.2,69328.35,9236.369999999999,13.322645065114052,40.95,5.455623154164205,1,1,0.8,11.562322867463184,0.361991410027258,Low Risk,Medium Profit,3,1
7.0,26394.0,156.0,0.0,3.0,1.04,42.65,742.0,73.0,3113.45,334.0,201.0,134.0,14245.1,8572.65,5715.1,0.206470160987228,0.375823995005339,0.31,6.0,1.77,237.18,1300.51,1534.28,923.32,2150.05,0.11,0.5,0.3,0.2,31646.299999999996,5908.16,18.669354711293266,42.64999999999999,7.962479784366576,0,1,0.8,9.065056075554432,0.41770584400743305,Low Risk,High Profit,3,1
7.0,25426.0,62.0,1.0,2.0,1.05,33.36,1187.0,229.0,7639.44,479.0,287.0,192.0,15979.44,9574.32,6405.12,0.38310458236374,0.474600998777896,0.27,3.0,0.89,170.88,1087.05,-2040.66,-1222.69,740.53,0.24,0.5,0.3,0.2,39598.32,-1435.7700000000002,-3.6258356415120643,33.36,-1.2095787700084248,0,0,0.8,4.333625936329588,0.1422944188583639,Low Risk,Low Profit,2,0
7.0,25116.0,104.0,3.0,0.0,1.0,38.65,961.0,87.0,3362.55,437.0,262.0,175.0,16890.05,10126.3,6763.75,0.24779021307826,0.351301836851053,0.29,4.0,1.18,206.5,1348.07,1873.24,1123.09,2505.14,0.1,0.5,0.3,0.2,37142.649999999994,6849.539999999999,18.441172075767344,38.64999999999999,7.127513007284078,0,1,0.8,12.131428571428572,0.400907950070687,Low Risk,High Profit,3,1
7.0,26600.0,55.0,3.0,2.0,1.05,39.99,1260.0,114.0,4558.86,573.0,344.0,229.0,22914.27,13756.56,9157.71,0.215532008763403,0.354517742316239,0.28,16.0,4.72,1080.88,1960.08,3436.0,2062.8,2856.48,0.1,0.5,0.3,0.2,50387.4,10315.36,20.472102152522258,39.99,8.186793650793652,1,1,0.8,2.642735548812079,0.42995024892035794,High Risk,High Profit,1,1
7.0,26478.0,174.0,2.0,0.0,1.0,39.09,1005.0,91.0,3557.19,457.0,274.0,183.0,17864.13,10710.66,7153.47,0.291196894482709,0.24523503716918582,0.31,13.0,3.84,702.72,1654.01,2768.52,1659.9,2623.48,0.1,0.5,0.3,0.2,39285.45,8705.91,22.16064726253613,39.089999999999996,8.662597014925373,0,1,0.8,3.7333219489981784,0.46356806834810516,High Risk,High Profit,0,1
7.0,26522.0,154.0,3.0,0.0,1.0,31.74,916.0,67.0,2126.58,424.0,255.0,170.0,13457.76,8093.7,5395.8,0.230271822419018,0.397118114680052,0.3,18.0,5.31,902.7,792.39,977.17,587.68,1107.83,0.08,0.5,0.3,0.2,29073.84,3465.0699999999997,11.918171111899905,31.74,3.78282751091703,0,0,0.8,1.227240500720062,0.37261006290093,High Risk,Medium Profit,0,0
7.0,26239.0,158.0,2.0,1.0,1.03,36.32,708.0,52.0,1888.64,328.0,197.0,131.0,11912.96,7155.04,4757.92,0.287703667557798,0.282979661610443,0.32,12.0,3.54,463.74,810.82,1302.29,782.17,1578.91,0.08,0.5,0.3,0.2,25714.559999999998,4474.1900000000005,17.399442183727825,36.31999999999999,6.319477401129944,0,0,0.8,3.4047310993228965,0.42931667083175895,High Risk,High Profit,0,0
7.0,25606.0,169.0,1.0,0.0,1.0,34.87,1181.0,299.0,10426.13,441.0,265.0,176.0,15377.67,9240.55,6137.12,0.394711547996849,0.517918030405417,0.31,15.0,4.43,779.68,910.94,-3423.52,-2057.22,-243.48,0.34,0.5,0.3,0.2,41181.47,-4813.279999999999,-11.687975198554104,34.87,-4.075596951735816,0,0,0.8,-0.31228196183049456,0.087370421597734,High Risk,Low Profit,2,0
7.0,26174.0,59.0,2.0,0.0,1.0,38.21,1168.0,44.0,1681.24,562.0,337.0,225.0,21474.02,12876.77,8597.25,0.268919454631396,0.332449844502844,0.29,5.0,1.48,333.0,670.19,2332.74,1398.81,3094.13,0.04,0.5,0.3,0.2,44629.28,7495.87,16.79585689036435,38.21,6.417696917808219,0,1,0.8,9.291681681681682,0.39863070086576,Low Risk,High Profit,3,1
7.0,26647.0,50.0,1.0,2.0,1.05,38.63,1685.0,257.0,9927.91,714.0,428.0,286.0,27581.82,16533.64,11048.18,0.392217968113255,0.525533310719766,0.28,10.0,2.95,843.7,816.56,-5454.34,-3090.4475,65.0,0.18,0.5,0.3,0.2,65091.549999999996,-7663.227500000001,-11.772998953013104,38.629999999999995,-4.547909495548962,1,0,0.8,0.07704160246533127,0.08224872116697912,Low Risk,Low Profit,2,0
7.0,25313.0,101.0,1.0,0.0,1.0,36.98,1561.0,387.0,14311.26,587.0,352.0,235.0,21707.26,13016.96,8690.3,0.350269815477077,0.54885011499282,0.33,5.0,1.48,347.8,1443.72,-4973.57,-2982.44,528.88,0.33,0.5,0.3,0.2,57725.78,-5983.409999999999,-10.36523023162268,36.98,-3.8330621396540674,1,0,0.8,1.5206440483036228,0.10088006953010309,Low Risk,Low Profit,2,0
7.0,26081.0,103.0,0.0,1.0,1.03,30.92,865.0,71.0,2195.32,397.0,238.0,159.0,12275.24,7358.96,4916.28,0.261253972500563,0.383562794397585,0.3,17.0,5.02,798.18,779.74,677.39,406.09,948.0,0.09,0.5,0.3,0.2,26745.8,2811.2200000000003,10.510883951872819,30.919999999999998,3.2499653179190755,0,0,0.8,1.1877020221002783,0.35518323310185207,High Risk,Medium Profit,0,0
7.0,25921.0,150.0,1.0,0.0,1.0,33.68,1135.0,219.0,7375.92,458.0,275.0,183.0,15425.44,9262.0,6163.44,0.358628504048102,0.451201858278364,0.31,10.0,2.95,539.85,1402.68,-1848.44,-1109.87,632.25,0.24,0.5,0.3,0.2,38226.8,-923.3799999999999,-2.4155304655372665,33.68,-0.8135506607929515,0,0,0.8,1.171158655181995,0.190169637673534,Low Risk,Low Profit,2,0
7.0,25842.0,106.0,1.0,3.0,1.04,38.56,1900.0,438.0,16889.28,731.0,439.0,292.0,28187.36,16927.84,11259.52,0.389111204701476,0.543804642232135,0.3,7.0,2.07,604.44,1133.0,-5601.13625,-3090.4475,150.9,0.3,0.5,0.3,0.2,73264.0,-7407.68375,-10.11094637202446,38.56,-3.898780921052632,1,0,0.8,0.24965257097478658,0.06708415306638904,Low Risk,Low Profit,2,0
7.0,25236.0,59.0,0.0,0.0,1.0,39.5,1086.0,116.0,4582.0,485.0,291.0,194.0,19157.5,11494.5,7663.0,0.23497275615111,0.369798991899006,0.3,6.0,1.77,343.38,1810.94,1824.34,1094.6,2685.25,0.12,0.5,0.3,0.2,42897.0,7415.129999999999,17.285894118469823,39.5,6.827928176795579,0,1,0.8,7.820053584949618,0.395228251949884,Low Risk,High Profit,3,1
7.0,26423.0,104.0,0.0,0.0,1.0,36.86,1349.0,133.0,4902.38,608.0,365.0,243.0,22410.88,13453.9,8956.98,0.256028139591217,0.353140121372417,0.28,12.0,3.54,860.22,1916.01,2483.84,1491.12,2640.45,0.11,0.5,0.3,0.2,49724.14,8531.42,17.15750136653947,36.86,6.324255003706449,1,1,0.8,3.0695054753435165,0.39083173903636603,High Risk,High Profit,1,1
7.0,25198.0,46.0,1.0,1.0,1.03,40.46,1850.0,370.0,14970.2,740.0,444.0,296.0,29940.4,17964.24,11976.16,0.386763494659681,0.459050244092941,0.29,7.0,2.07,612.72,2308.2,-4066.32,-2439.79,1233.84,0.25,0.5,0.3,0.2,74851.00000000001,-2964.0699999999997,-3.959960454770142,40.46000000000001,-1.6021999999999998,1,0,0.8,2.013709361535448,0.154186261247378,Low Risk,Low Profit,2,0
7.0,26639.0,54.0,3.0,0.0,1.0,37.71,1618.0,147.0,5543.37,736.0,441.0,294.0,27754.56,16630.11,11086.74,0.267845281902701,0.380784003227018,0.28,15.0,4.43,1302.42,1947.78,1980.86,1186.9,2593.14,0.1,0.5,0.3,0.2,61014.78,7708.68,12.634119142935532,37.71,4.764326328800989,1,1,0.8,1.9910167227161744,0.35137071487028093,High Risk,Medium Profit,1,1
7.0,25685.0,170.0,2.0,2.0,1.05,31.57,1355.0,111.0,3504.27,622.0,373.0,249.0,19636.54,11775.61,7860.93,0.268727282772306,0.329294815403409,0.27,16.0,4.72,1175.28,1408.64,2591.59,1554.12,1984.64,0.09,0.5,0.3,0.2,42777.35,7538.990000000001,17.623789224905238,31.57,5.563830258302583,0,1,0.8,1.688652916751753,0.40197790182428506,High Risk,High Profit,1,1
7.0,25808.0,62.0,0.0,1.0,1.03,34.21,1169.0,134.0,4584.14,518.0,310.0,207.0,17720.78,10605.1,7081.47,0.225179227944464,0.410976771847345,0.29,11.0,3.25,672.75,1667.91,1308.57,783.12,1903.8,0.13,0.5,0.3,0.2,39991.49,5663.4,14.161512861861361,34.21,4.844653550042771,0,1,0.8,2.8298773690078036,0.3638440002081911,High Risk,Medium Profit,0,1
7.0,25214.0,106.0,1.0,1.0,1.03,37.89,1320.0,304.0,11518.56,508.0,305.0,203.0,19248.12,11556.45,7691.67,0.380722508241888,0.533049141638912,0.31,4.0,1.18,239.54,993.23,-4307.18,-2586.01,423.7,0.3,0.5,0.3,0.2,50014.8,-5476.260000000001,-10.949279013412031,37.89,-4.148681818181819,1,0,0.8,1.7688068798530516,0.08622835011919994,Low Risk,Low Profit,2,0
7.0,25135.0,169.0,0.0,3.0,1.04,36.18,1261.0,114.0,4124.52,574.0,344.0,229.0,20767.32,12445.92,8285.22,0.269087496716529,0.398620193707757,0.32,17.0,5.02,1149.58,1370.55,255.28,152.99,1603.53,0.1,0.5,0.3,0.2,45622.98,3382.35,7.413698096880124,36.18,2.682275971451229,1,0,0.8,1.3948833487012648,0.332292309575714,High Risk,Medium Profit,0,0
7.0,25203.0,61.0,0.0,1.0,1.03,44.67,452.0,37.0,1652.79,208.0,124.0,83.0,9291.36,5539.08,3707.61,0.208990756869316,0.391666815057397,0.3,7.0,2.07,171.81,660.03,923.03,550.27,1308.8,0.09,0.5,0.3,0.2,20190.840000000004,3442.13,17.047978192091065,44.67000000000001,7.61533185840708,0,0,0.8,7.617717245794773,0.399342428073287,Low Risk,High Profit,0,0
7.0,25338.0,45.0,1.0,1.0,1.03,46.08,1209.0,293.0,13501.44,458.0,275.0,183.0,21104.64,12672.0,8432.64,0.361146417004056,0.466962073650211,0.32,3.0,0.89,162.87,2320.78,-3125.78,-1876.83,1286.63,0.32,0.5,0.3,0.2,55710.72,-1395.1999999999998,-2.5043654075912136,46.08,-1.1540115798180313,1,0,0.8,7.899735985755511,0.17189150934573305,Low Risk,Low Profit,2,0
7.0,26038.0,157.0,0.0,0.0,1.0,42.85,1675.0,205.0,8784.25,735.0,441.0,294.0,31494.75,18896.85,12597.9,0.234117302410305,0.386677667917684,0.29,13.0,3.84,1128.96,3331.03,2809.49,1685.69,3648.23,0.14,0.5,0.3,0.2,71773.75,11474.44,15.986959020533273,42.85,6.850411940298508,1,1,0.8,3.2314962443310655,0.379205029672011,High Risk,High Profit,1,1
7.0,25341.0,57.0,0.0,3.0,1.04,46.74,1656.0,136.0,6356.64,760.0,456.0,304.0,35522.4,21313.44,14208.96,0.248992300499231,0.362152523640543,0.32,6.0,1.77,538.08,2471.81,2445.9,1467.54,4987.15,0.09,0.5,0.3,0.2,77401.44,11372.4,14.692749902327398,46.74,6.867391304347826,1,1,0.8,9.26841733571216,0.388855175860226,Low Risk,Medium Profit,1,1
7.0,26402.0,54.0,3.0,3.0,1.04,33.08,1596.0,131.0,4333.48,732.0,440.0,293.0,24214.56,14555.2,9692.44,0.204263630658388,0.401772221014835,0.32,14.0,4.13,1210.09,1707.24,1791.01,1076.56,2608.38,0.09,0.5,0.3,0.2,52795.68000000001,7183.19,13.605639703854555,33.080000000000005,4.500745614035088,1,1,0.8,2.155525622061169,0.39396414832677695,High Risk,Medium Profit,1,1
7.0,25209.0,99.0,3.0,3.0,1.04,40.15,756.0,62.0,2489.3,347.0,208.0,139.0,13932.05,8351.2,5580.85,0.244963588509709,0.359863575082272,0.31,13.0,3.84,533.76,983.7,1186.63,711.3,1671.64,0.09,0.5,0.3,0.2,30353.4,4553.27,15.000856576199043,40.15,6.022843915343916,0,0,0.8,3.1318195443645087,0.3951728364080189,High Risk,High Profit,0,0
7.0,25951.0,173.0,0.0,0.0,1.0,32.74,1350.0,165.0,5402.1,592.0,356.0,237.0,19382.08,11655.44,7759.38,0.279972081128508,0.352566042984836,0.32,17.0,5.02,1189.74,1985.07,919.91,553.19,1661.54,0.14,0.5,0.3,0.2,44199.0,5119.71,11.583316364623634,32.74,3.792377777777778,0,1,0.8,1.3965572309916452,0.3674618758866559,High Risk,Medium Profit,0,1
7.0,25588.0,168.0,1.0,0.0,1.0,31.28,1317.0,319.0,9978.32,499.0,299.0,200.0,15608.72,9352.72,6256.0,0.37516425056383,0.50182822458446,0.32,15.0,4.43,886.0,1227.41,-3074.8,-1842.42,-116.46,0.32,0.5,0.3,0.2,41195.76,-3806.2700000000004,-9.239470275581759,31.28,-2.8901063022019744,0,0,0.8,-0.13144469525959368,0.12300752485170996,High Risk,Low Profit,2,0
7.0,25723.0,101.0,1.0,3.0,1.04,35.54,1278.0,247.0,8778.38,516.0,309.0,206.0,18338.64,10981.86,7321.24,0.380787803209387,0.522619983111508,0.28,15.0,4.43,912.58,847.92,-3363.45,-2014.16,-205.41,0.24,0.5,0.3,0.2,45420.119999999995,-4735.099999999999,-10.425115565524706,35.54,-3.70508607198748,1,0,0.8,-0.22508711565013476,0.09659221367910498,High Risk,Low Profit,2,0
7.0,25293.0,51.0,3.0,1.0,1.03,34.17,1171.0,116.0,3963.72,528.0,316.0,211.0,18041.76,10797.72,7209.87,0.249835725575686,0.395018262113444,0.29,9.0,2.66,561.26,1407.7,1175.35,703.43,1999.3,0.11,0.5,0.3,0.2,40013.07,5285.78,13.210133588849843,34.17,4.513902647309991,0,1,0.8,3.562163703096604,0.35514601231087006,Low Risk,Medium Profit,0,1
7.0,26575.0,151.0,3.0,1.0,1.03,40.54,713.0,87.0,3526.98,313.0,188.0,125.0,12689.02,7621.52,5067.5,0.227850398011506,0.357296079862863,0.28,11.0,3.25,406.25,1463.18,1711.16,1027.79,1696.02,0.14,0.5,0.3,0.2,28905.02,5898.15,20.405279083010495,40.54,8.272300140252455,0,1,0.8,4.174818461538462,0.414853522125631,High Risk,High Profit,0,1
7.0,25915.0,47.0,3.0,3.0,1.04,35.71,661.0,54.0,1928.34,304.0,182.0,121.0,10855.84,6499.22,4320.91,0.259329587239772,0.445680566015653,0.29,17.0,5.02,607.42,568.84,54.17,32.43,667.2,0.09,0.5,0.3,0.2,23604.31,1322.6399999999999,5.6033834498869055,35.71,2.000968229954614,0,0,0.8,1.0984162523459882,0.29498984674457507,High Risk,Medium Profit,0,0
7.0,25565.0,150.0,1.0,0.0,1.0,40.18,629.0,113.0,4540.34,258.0,155.0,103.0,10366.44,6227.9,4138.54,0.384402006084565,0.475210898020305,0.3,13.0,3.84,395.52,637.41,-1654.62,-994.05,185.48,0.22,0.5,0.3,0.2,25273.22,-1825.7799999999997,-7.224168507218311,40.18,-2.9026709062003175,0,0,0.8,0.4689522653721683,0.1403870958951301,High Risk,Low Profit,0,0
7.0,25594.0,59.0,3.0,2.0,1.05,31.8,801.0,79.0,2512.2,361.0,217.0,144.0,11479.8,6900.6,4579.2,0.243598114158958,0.448296406795271,0.32,12.0,3.54,509.76,774.02,-136.55,-82.08,901.12,0.11,0.5,0.3,0.2,25471.8,1456.51,5.7181274978603795,31.8,1.8183645443196006,0,0,0.8,1.7677338355304457,0.308105479045771,High Risk,Medium Profit,0,0
7.0,25311.0,46.0,0.0,3.0,1.04,42.59,1247.0,133.0,5664.47,557.0,334.0,223.0,23722.63,14225.06,9497.57,0.235793831255287,0.442919370369054,0.33,5.0,1.48,330.04,1819.92,-206.7,-123.95,2721.4,0.12,0.5,0.3,0.2,53109.73,4210.67,7.928245916520381,42.59,3.3766399358460304,1,0,0.8,8.245667191855532,0.321286798375659,Low Risk,Medium Profit,3,0
7.0,26413.0,46.0,1.0,1.0,1.03,35.9,1185.0,229.0,8221.1,478.0,287.0,191.0,17160.2,10303.3,6856.9,0.390984164085239,0.477837195829488,0.33,5.0,1.48,282.68,1078.43,-3411.81,-2048.52,616.8,0.24,0.5,0.3,0.2,42541.50000000001,-3765.0999999999995,-8.850416651975127,35.900000000000006,-3.1772995780590714,0,0,0.8,2.181972548464695,0.13117864008527302,Low Risk,Low Profit,2,0
7.0,26485.0,155.0,2.0,0.0,1.0,31.58,1534.0,100.0,3158.0,717.0,430.0,287.0,22642.86,13579.4,9063.46,0.250799026736058,0.24523503716918582,0.33,7.0,2.07,594.09,1676.69,4549.76,2728.59,4218.02,0.07,0.5,0.3,0.2,48443.72,13173.060000000001,27.192502970457266,31.580000000000002,8.587392438070404,1,1,0.8,7.0999680183137235,0.5039659360947562,Low Risk,High Profit,1,1
7.0,25870.0,104.0,0.0,0.0,1.0,33.31,694.0,74.0,2464.94,310.0,186.0,124.0,10326.1,6195.66,4130.44,0.266672136988491,0.393121137120761,0.3,12.0,3.54,438.96,838.59,415.18,249.11,966.24,0.12,0.5,0.3,0.2,23117.14,2469.12,10.680906029033004,33.31,3.557809798270893,0,0,0.8,2.2012028430836525,0.34020672589074796,High Risk,Medium Profit,0,0
7.0,25101.0,170.0,0.0,2.0,1.05,35.34,516.0,63.0,2226.42,226.0,136.0,91.0,7986.84,4806.24,3215.94,0.251578906457871,0.360658101085573,0.31,11.0,3.25,295.75,863.32,621.08,373.75,951.27,0.14,0.5,0.3,0.2,18235.44,2809.42,15.406373523205364,35.339999999999996,5.444612403100775,0,0,0.8,3.216466610312764,0.387762992456556,High Risk,High Profit,0,0
7.0,26327.0,56.0,0.0,3.0,1.04,38.9,1433.0,118.0,4590.2,658.0,394.0,263.0,25596.2,15326.6,10230.7,0.204770706277341,0.396094513707794,0.3,18.0,5.31,1396.53,1832.11,2537.47,1519.4,2686.9,0.09,0.5,0.3,0.2,55743.7,8575.88,15.384482910176395,38.9,5.984563852058618,1,1,0.8,1.9239830150444317,0.399134780014865,High Risk,High Profit,1,1
7.0,25978.0,105.0,3.0,2.0,1.05,38.31,792.0,84.0,3218.04,354.0,212.0,142.0,13561.74,8121.72,5440.02,0.211391042992473,0.430094910576008,0.3,10.0,2.95,418.9,1153.71,793.55,475.23,1531.42,0.12,0.5,0.3,0.2,30341.52,3953.91,13.031351099087981,38.31,4.992310606060606,0,0,0.8,3.655812843160659,0.35851404643151896,Low Risk,Medium Profit,0,0
7.0,26290.0,47.0,0.0,2.0,1.05,43.61,1194.0,98.0,4273.78,548.0,329.0,219.0,23898.28,14347.69,9550.59,0.274733711369336,0.351069266162813,0.32,4.0,1.18,258.42,1599.24,1295.22,777.6,3315.38,0.09,0.5,0.3,0.2,52070.34,6987.4400000000005,13.419232522775923,43.61,5.85212730318258,1,1,0.8,12.829424967107808,0.374197022467851,Low Risk,Medium Profit,3,1
7.0,26396.0,104.0,1.0,0.0,1.0,30.74,1746.0,433.0,13310.42,656.0,394.0,263.0,20165.44,12111.56,8084.62,0.38678893026663,0.52787255498115,0.32,11.0,3.25,854.75,1135.89,-4732.05,-2842.12,-164.82,0.33,0.5,0.3,0.2,53672.04,-6603.099999999999,-12.302681247070169,30.740000000000002,-3.78184421534937,1,0,0.8,-0.1928283123720386,0.08533851475221987,High Risk,Low Profit,2,0
7.0,26071.0,56.0,1.0,1.0,1.03,40.31,1451.0,335.0,13503.85,558.0,335.0,223.0,22492.98,13503.85,8989.13,0.385566011711489,0.471848599566147,0.31,17.0,5.02,1119.46,1925.45,-3765.65,-2260.74,162.26,0.3,0.5,0.3,0.2,58489.81,-3938.6799999999994,-6.7339592999190785,40.309999999999995,-2.714458993797381,1,0,0.8,0.14494488414056775,0.14258538872236404,High Risk,Low Profit,2,0
7.0,25848.0,48.0,3.0,3.0,1.04,43.98,704.0,58.0,2550.84,323.0,194.0,129.0,14205.54,8532.12,5673.42,0.260760234650224,0.382037406414747,0.31,15.0,4.43,571.47,911.17,670.53,402.74,1455.09,0.09,0.5,0.3,0.2,30961.92,3439.5299999999997,11.108904098970607,43.98,4.885696022727273,0,0,0.8,2.546222898839834,0.35720235893502905,High Risk,Medium Profit,0,0
7.0,25151.0,174.0,1.0,0.0,1.0,43.54,754.0,178.0,7750.12,288.0,173.0,115.0,12539.52,7532.42,5007.1,0.382122564758174,0.49737748731859,0.31,12.0,3.54,407.1,933.89,-2376.24,-1427.39,196.26,0.31,0.5,0.3,0.2,32829.159999999996,-2673.4799999999996,-8.143613787254989,43.53999999999999,-3.5457294429708215,0,0,0.8,0.48209285187914513,0.12049994792323604,High Risk,Low Profit,0,0
7.0,25970.0,155.0,0.0,3.0,1.04,44.75,1487.0,182.0,8144.5,652.0,392.0,261.0,29177.0,17542.0,11679.75,0.254748364854604,0.358959943195805,0.29,13.0,3.84,1002.24,3146.15,2809.5,1689.15,3509.55,0.14,0.5,0.3,0.2,66543.25,11154.349999999999,16.76255668305951,44.75,7.501244115669132,1,1,0.8,3.50170617816092,0.386291691949591,High Risk,High Profit,1,1
7.0,26281.0,50.0,3.0,2.0,1.05,41.14,1111.0,127.0,5224.78,492.0,295.0,197.0,20240.88,12136.3,8104.58,0.278928129058331,0.411105664283968,0.28,16.0,4.72,929.84,1619.51,606.54,363.68,1582.31,0.13,0.5,0.3,0.2,45706.54,4172.04,9.127884105863187,41.14,3.7552115211521153,1,0,0.8,1.7017013679772863,0.309966206657701,High Risk,Medium Profit,0,0
7.0,25302.0,101.0,3.0,3.0,1.04,38.7,643.0,47.0,1818.9,298.0,179.0,119.0,11532.6,6927.3,4605.3,0.260166933685541,0.37240848634392,0.33,11.0,3.25,386.75,668.31,431.6,259.25,1305.35,0.08,0.5,0.3,0.2,24884.1,2664.5099999999998,10.70768080822694,38.699999999999996,4.143872472783825,0,0,0.8,3.375177763413057,0.367424579970539,High Risk,Medium Profit,0,0
7.0,26314.0,152.0,3.0,3.0,1.04,35.07,1689.0,194.0,6803.58,748.0,448.0,299.0,26232.36,15711.36,10485.93,0.266547035556287,0.411295226425864,0.27,15.0,4.43,1324.57,2191.83,1368.22,819.47,2053.55,0.13,0.5,0.3,0.2,59233.23,6433.070000000001,10.86057606515802,35.07,3.808804026050918,1,1,0.8,1.5503521897672454,0.32215773801784897,High Risk,Medium Profit,1,1
7.0,26260.0,170.0,0.0,2.0,1.05,34.44,1205.0,119.0,4098.36,543.0,326.0,217.0,18700.92,11227.44,7473.48,0.269214967098087,0.356105331284925,0.31,18.0,5.31,1152.27,1535.57,1209.57,726.19,1647.89,0.11,0.5,0.3,0.2,41500.2,5119.22,12.335410431756957,34.44,4.248315352697095,0,1,0.8,1.4301248839247747,0.37467970161698805,High Risk,Medium Profit,0,1
7.0,25922.0,173.0,3.0,3.0,1.04,45.65,809.0,93.0,4245.45,358.0,215.0,143.0,16342.7,9814.75,6527.95,0.246918834149838,0.365987624414265,0.31,17.0,5.02,717.86,1643.39,1259.92,756.65,1809.07,0.13,0.5,0.3,0.2,36930.85,5469.030000000001,14.808838680940193,45.65,6.7602348578491975,0,1,0.8,2.5200874822388766,0.3870935414358969,High Risk,Medium Profit,0,1
7.0,25647.0,175.0,1.0,3.0,1.04,36.37,1227.0,245.0,8910.65,491.0,295.0,196.0,17857.67,10729.15,7128.52,0.395507183438167,0.525198788824491,0.28,6.0,1.77,346.92,706.56,-3584.14,-2153.4,218.33,0.25,0.5,0.3,0.2,44625.990000000005,-4812.65,-10.78441060915399,36.370000000000005,-3.922290138549307,0,0,0.8,0.6293381759483454,0.07929402773734195,Low Risk,Low Profit,2,0
7.0,26412.0,98.0,2.0,1.0,1.03,45.81,487.0,31.0,1420.11,228.0,137.0,91.0,10444.68,6275.97,4168.71,0.256343027215917,0.24523503716918582,0.3,17.0,5.02,456.82,746.46,2356.69,1416.08,1734.4,0.07,0.5,0.3,0.2,22309.47,6253.629999999999,28.03127999006699,45.81,12.84112936344969,0,1,0.8,3.7966814062431595,0.4984219356148971,High Risk,High Profit,0,1
7.0,26275.0,45.0,2.0,1.0,1.03,44.2,956.0,62.0,2740.4,447.0,268.0,179.0,19757.4,11845.6,7911.8,0.288360495201778,0.24523503716918582,0.3,17.0,5.02,898.58,1338.12,3720.2,2230.45,2964.7,0.07,0.5,0.3,0.2,42255.200000000004,10253.47,24.26558151422783,44.2,10.725387029288703,0,1,0.8,3.29931669968172,0.4664044676290362,High Risk,High Profit,0,1
7.0,26454.0,47.0,3.0,2.0,1.05,44.72,758.0,62.0,2772.64,348.0,209.0,139.0,15562.56,9346.48,6216.08,0.240116411745548,0.410383798158728,0.32,5.0,1.48,205.72,969.04,459.09,275.72,1966.8,0.09,0.5,0.3,0.2,33897.76,3670.6499999999996,10.828591623753308,44.720000000000006,4.84254617414248,0,0,0.8,9.560567762006611,0.34949979009572396,Low Risk,Medium Profit,3,0
7.0,25699.0,56.0,0.0,1.0,1.03,36.98,1084.0,124.0,4585.52,480.0,288.0,192.0,17750.4,10650.24,7100.16,0.27414901977405,0.380040635610931,0.28,5.0,1.48,284.16,1585.72,1168.16,700.9,2171.15,0.13,0.5,0.3,0.2,40086.32000000001,5625.93,14.03453846599039,36.980000000000004,5.189972324723247,0,1,0.8,7.640589808558558,0.345810344615019,Low Risk,Medium Profit,3,1
7.0,26388.0,103.0,1.0,3.0,1.04,33.91,1284.0,186.0,6307.26,549.0,329.0,220.0,18616.59,11156.39,7460.2,0.36204373948276,0.524470240133815,0.28,15.0,4.43,974.6,715.79,-3099.92,-1857.69,-127.97,0.17,0.5,0.3,0.2,43540.439999999995,-4369.79,-10.036164081024447,33.91,-3.4032632398753893,0,0,0.8,-0.1313051508311102,0.11348602038342492,High Risk,Low Profit,2,0
